pair_id,drug_name,disease_name,query_type,query_string,pmid,title,abstract,journal,publication_year,publication_type,doi,source,status,error_message,notes
repodb_04ab2c145755011f,Azacitidine,Myelofibrosis due to another disorder,direct,"""Azacitidine"" AND ""Myelofibrosis due to another disorder""",27672139,Pharmacologic management of myelofibrosis.,"Myelofibrosis is a BCR-ABL-negative myeloproliferative neoplasm characterized by abnormal hematopoiesis. Alterations to the Janus kinase-signal transducer and activator of transcription pathway result in dysregulation of gene transcription and cell proliferation. Patients with symptomatic myelofibrosis present with a variety of signs and symptoms including, but not limited to myelosuppression, marked splenomegaly, abdominal discomfort, fatigue, and blood transfusion-dependence. Traditional myelosuppressive therapies including hydroxyurea, azacitidine, and cladribine aim to reduce constitutional symptoms and control the burden of disease. Immunomodulators can potentially reverse anemia associated with myelofibrosis, but are poorly tolerated by most patients. The novel Janus kinase 2 (JAK2) inhibitor, ruxolitinib, has demonstrated marked improvements to constitutional symptoms and splenomegaly. While survival benefit has not yet been demonstrated, continued research into pharmacologic management of myelofibrosis offers the promise of altering the course of disease progression.",Journal of oncology pharmacy practice : official publication of the International Society of Oncology Pharmacy Practitioners,2017.0,Journal Article; Review,10.1177/1078155216670229,NCBI PubMed E-utilities,success,,PubMed co-mention retrieval baseline only; not evidence polarity classification.
repodb_04ab2c145755011f,Azacitidine,Myelofibrosis due to another disorder,direct,"""Azacitidine"" AND ""Myelofibrosis due to another disorder""",25189730,Rationale for combination therapy in myelofibrosis.,"Agents targeting the JAK-STAT pathway have dominated the investigational therapeutic portfolio over the last five years resulting in the first and only approved agent for the treatment of patients with myelofibrosis (MF). However, chromatin modifying agents, anti-fibrosing agents, and other signaling pathway inhibitors have also demonstrated activity and offer the potential to improve upon the clinical success of JAK2 inhibition. Due to the complex pathobiological mechanisms underlying MF, it is likely that a combination of biologically active therapies will be required to target the MF hematopoietic stem cell in order to achieve significant disease course modification. Ruxolitinib in partnership with panobinostat, decitabine, and LDE225 are being evaluated in current combination therapy trials based on pre-clinical studies that provide strong scientific rationale. The rationale of combination of danazol or lenalidomide with ruxolitinib is mainly based on mitigation of anti-JAK2-mediated myelosuppression. Combination trials of ruxolitinib and novel anti-fibrosing agents such as PRM-151 represent an attempt to address therapeutic limitations of JAK2 inhibitors such as reversal of bone marrow fibrosis. Ruxolitinib is also being incorporated in novel treatment strategies in the setting of hematopoietic stem cell transplantation for MF. As the pathogenetic mechanisms are better understood, potential drug combinations in MF will increase dramatically and demonstration of biologic activity in effective preclinical models will be required to efficiently evaluate the most active combinations with least toxicity in future trials. This manuscript will address the proposed goals of combination therapy approach and review the state of the art in combination experimental therapy for MF.",Best practice & research. Clinical haematology,2014.0,"Journal Article; Research Support, Non-U.S. Gov't; Review",10.1016/j.beha.2014.07.009,NCBI PubMed E-utilities,success,,PubMed co-mention retrieval baseline only; not evidence polarity classification.
repodb_04ab2c145755011f,Azacitidine,Myelofibrosis due to another disorder,direct,"""Azacitidine"" AND ""Myelofibrosis due to another disorder""",30675650,New Concepts of Treatment for Patients with Myelofibrosis.,"Seven years after the approval of the Janus kinase 1/2 (JAK1/2) inhibitor ruxolitinib, it remains the only drug licensed for the treatment of myelofibrosis. Patients who discontinue ruxolitinib have a dismal outcome, and this is, therefore, an area of significant unmet need. Given the central role that JAK-signal transducer and activator of transcription (STAT) activation plays in disease pathogenesis, there have been many other JAK inhibitors tested, but most have been abandoned, for a variety of reasons. The JAK2-selective inhibitor fedratinib has recently been resurrected, and there has been a resurgence of interest in the failed JAK1/2 inhibitor momelotinib, which possibly improves anemia. Pacritinib, a non-myelosuppressive JAK2-selective inhibitor, is currently in a dose-ranging study mandated by regulatory authorities. A plethora of other targeted agents, most backed by preclinical data, are in various stages of investigation. These include epigenetic and immune therapies, agents targeting cellular survival, metabolic and apoptotic pathways, the cell cycle, DNA repair, and protein folding and degradation, among others. However, at this time, none of these is close to registration or even in a pivotal trial, illustrating the difficulties in recapitulating the clinical disease in preclinical models. Most current clinical trials are testing the addition of a novel agent to ruxolitinib, either in the frontline setting or in the context of an insufficient response to ruxolitinib, or attempting to study new drugs in the second-line, ""ruxolitinib failure"" setting. Emerging data supports the addition of azacitidine to ruxolitinib in some patients. Other strategies have focused on improving cytopenias, through amelioration of bone marrow fibrosis or other mechanisms. This is important, because cytopenias are the commonest reason for ruxolitinib interruption and/or dose reduction, and dose optimization of ruxolitinib is tied to its survival benefit. The activin receptor ligand trap, sotatercept, and the anti-fibrotic agent, PRM-151, have shown promise in this regard.",Current treatment options in oncology,2019.0,"Journal Article; Research Support, N.I.H., Extramural; Review",10.1007/s11864-019-0604-y,NCBI PubMed E-utilities,success,,PubMed co-mention retrieval baseline only; not evidence polarity classification.
repodb_04ab2c145755011f,Azacitidine,Myelofibrosis due to another disorder,direct,"""Azacitidine"" AND ""Myelofibrosis due to another disorder""",37424984,Rapid Hepatomegaly From Ruxolitinib Discontinuation Syndrome.,"Ruxolitinib (RUX) is a Food and Drug Administration-approved Janus Kinase (JAK) inhibitor shown to be effective in improving hypercatabolic symptoms and splenomegaly in patients with myelofibrosis (MF). RUX therapy provides symptomatic benefits for MF patients but is often discontinued for various reasons including worsening cytopenias. Ruxolitinib Discontinuation Syndrome (RDS) involves an acute cytokine-storm rebound phenomenon that can manifest as an acute relapse of symptoms, worsening splenomegaly, respiratory distress, systemic inflammatory response syndrome, or disseminated intravascular coagulopathy. We present the case of a patient with JAK2-positive post-polycythemia vera MF, whose RUX therapy was discontinued due to an active gastrointestinal (GI) bleed and worsening cytopenias. The patient had recently started azacitidine and was on the drug combination prior to hospitalization. The patient developed what appears to be the first case of acute onset accelerated massive hepatomegaly, a previously undescribed clinical manifestation of RDS. Although rare, medical professionals should maintain a high suspicion of RDS in hospitalized patients following the discontinuation of RUX.",HCA healthcare journal of medicine,2023.0,Case Reports; Journal Article,10.36518/2689-0216.1518,NCBI PubMed E-utilities,success,,PubMed co-mention retrieval baseline only; not evidence polarity classification.
repodb_04ab2c145755011f,Azacitidine,Myelofibrosis due to another disorder,direct,"""Azacitidine"" AND ""Myelofibrosis due to another disorder""",42220537,Connective tissue diseases combined with chronic myelomonocytic leukemia and myelofibrosis: a case report and literature review.,"Connective tissue disease (CTD) is one of the common autoimmune diseases (AIDs). Chronic myelomonocytic leukemia (CMML) is a clonal hematopoietic stem cell disease characterized by peripheral blood monocytosis and bone marrow dysplasia, and it is frequently associated with autoimmune complications and secondary myelofibrosis (MF). This article reports a 52-year-old male patient with recurrent arthritis and fever as the main manifestations, for whom CTD was initially considered, and who received hormone and immunosuppressant combination therapy for 2 years 10 months. The patient still suffered from recurrent fever and severe anemia; further bone marrow cytology examinations revealed abnormal bone marrow hematopoiesis, and the final diagnosis was CTD complicated with CMML and MF (MF-3 grade). After the patient was transferred to the hematology department, we adopted the azacytidine + ruxolitinib dual-target regimen to simultaneously target autoimmune inflammation, malignant clonal hematopoiesis, and severe myelofibrosis. After treatment, the patient's fever and other systemic symptoms were significantly relieved, monocytosis was corrected, and severe anemia and thrombocytopenia were markedly improved.",Frontiers in immunology,2026.0,Journal Article; Case Reports; Review,10.3389/fimmu.2026.1685536,NCBI PubMed E-utilities,success,,PubMed co-mention retrieval baseline only; not evidence polarity classification.
repodb_04ab2c145755011f,Azacitidine,Myelofibrosis due to another disorder,direct,"""Azacitidine"" AND ""Myelofibrosis due to another disorder""",33547022,Forsaken Pharmaceutical: Glasdegib in Acute Myeloid Leukemia and Myeloid Diseases.,"Advancements in the understanding of the pathogenesis of acute myeloid leukemia (AML) have led to the introduction and approval of a number of novel drugs in AML. Glasdegib, an oral hedgehog pathway inhibitor, was approved in 2018 in combination with low-dose cytarabine for the treatment of newly diagnosed AML in patients unfit for intensive chemotherapy. In this review, we discuss the preclinical rationale for glasdegib, important clinical trials that led to glasdegib's approval, and future trials of glasdegib in AML and other myeloid diseases. Notably, 2 large randomized, placebo-controlled phase 3 trials (AML BRIGHT 1019) are currently recruiting patients with newly diagnosed AML to evaluate glasdegib in combination with intensive chemotherapy or azacitidine, depending on the patient's ability to tolerate induction chemotherapy. While glasdegib and low-dose cytarabine have been eclipsed by venetoclax and hypomethylating agent combinations for newly diagnosed AML in the United States, we discuss other areas where glasdegib may still have an opportunity to improve outcomes in this devastating disease.","Clinical lymphoma, myeloma & leukemia",2021.0,Journal Article; Review,10.1016/j.clml.2020.12.007,NCBI PubMed E-utilities,success,,PubMed co-mention retrieval baseline only; not evidence polarity classification.
repodb_04ab2c145755011f,Azacitidine,Myelofibrosis due to another disorder,direct,"""Azacitidine"" AND ""Myelofibrosis due to another disorder""",18385750,A phase II study of 5-azacitidine for patients with primary and post-essential thrombocythemia/polycythemia vera myelofibrosis.,"Myelofibrosis (MF; primary or post-essential thrombocythemia/polycythemia vera) is incurable clonal myeloproliferative disorder, with no effective treatment. Epigenetic changes play an important role in cancer pathogenesis through transcriptional silencing of critical tumor suppressor genes. We conducted a phase-II study to evaluate the activity of DNA methyltransferase inhibitor, 5-azacitidine, in patients with MF. Thirty-four patients (76% previously treated) received 5-azacitidine at 75 mg/m(2) subcutaneously daily for 7 days, every 4 weeks. Twelve (35%) patients had abnormal cytogenetics and 19 (70%) of 27 evaluable patients had JAK2(V617F) mutation. Responses occurred in 8 (24%) patients after a median of 5 months (range, 3-10). Partial response occurred in 1 (3%) patient (duration 22+ months) and clinical improvement in 7 (21%) patients (median duration 4 months; range, 2-8.5). Myelosuppression was the major adverse effect, with grade 3-4 neutropenia in 10 (29%) patients. Global DNA methylation assessed by the long interspersed nucleotide element (LINE) bisulfite/pyrosequencing assay decreased from 53% pretherapy to 44% on day 14 (P=0.0014) and returned to 50% at the end of the first 28-day cycle (P=0.016). 5-azacitidine is relatively well tolerated and results in induction of global hypomethylation in patients with MF, but results in limited clinical activity.",Leukemia,2008.0,"Clinical Trial, Phase II; Journal Article; Research Support, N.I.H., Extramural; Research Support, Non-U.S. Gov't",10.1038/leu.2008.91,NCBI PubMed E-utilities,success,,PubMed co-mention retrieval baseline only; not evidence polarity classification.
repodb_04ab2c145755011f,Azacitidine,Myelofibrosis due to another disorder,direct,"""Azacitidine"" AND ""Myelofibrosis due to another disorder""",23826641,Panobinostat in lymphoid and myeloid malignancies.,"Histone deacetylase inhibitors (HDACIs) are a class of antineoplastic agent targeting the epigenome, specifically chromatin remodelling, resulting in modulation of genes responsible for apoptosis and cell cycle regulation, and also hyperacetylation of many non-histone proteins. Panobinostat is a potent pan-histone inhibitor of HDAC enzymes implicated in cancer development and progression. Activity has been demonstrated in hematological diseases, such as cutaneous T-cell lymphoma (CTCL), Hodgkin lymphoma (HL), myeloma and myeloid malignancies. We discuss basic pharmacology, followed by early phase trial results and analyse recent large Phase II trials in HL, CTCL, myeloid malignancies and Waldenstrom's macroglobulinemia (WM). Future directions for drug development including potential predictive biomarkers are considered. The results of Phase II trials prove that oral panobinostat is deliverable with dosing regimens of three times per week, either weekly or biweekly. The major hematologic side-effect of myelosuppression, in particular thrombocytopenia, is transient and manageable, as are the non-hematologic side-effects. Encouraging responses are observed in HL, CTCL, myelofibrosis and WM. The safety and efficacy results from studies of combination therapy with azacitidine in acute myeloid leukemia and myelodysplastic syndromes suggest that this agent may find a place in the management of a range of hematologic cancers.",Expert opinion on investigational drugs,2013.0,Journal Article; Review,10.1517/13543784.2013.815165,NCBI PubMed E-utilities,success,,PubMed co-mention retrieval baseline only; not evidence polarity classification.
repodb_04ab2c145755011f,Azacitidine,Myelofibrosis due to another disorder,direct,"""Azacitidine"" AND ""Myelofibrosis due to another disorder""",36819176,Improved donor chimerism in relapse myelofibrosis post allogenic stem cell transplant with azacitidine and oral decitabine-First case report.,"To date, allogenic stem cell transplant (ASCT) remains the only potential curative option for patients with primary myelofibrosis (PMF). However, relapse rates and associated mortality remain a concern. A second ASCT may not be feasible due to advancing age, declined functional status, donor unavailability, toxicities associated with a second ASCT. Herein, we report the first case of utilizing initially azacitidine and subsequently oral decitabine + cedazuridine (decitabine), in the context of relapsed PMF post-ASCT. Utilizing both hypomethylating agents provided disease control and improved donor/myeloid lineage chimerism levels, and the patient also remained transfusion independent, with preserved functional status and quality of life.",EJHaem,2023.0,Case Reports; Journal Article,10.1002/jha2.611,NCBI PubMed E-utilities,success,,PubMed co-mention retrieval baseline only; not evidence polarity classification.
repodb_04ab2c145755011f,Azacitidine,Myelofibrosis due to another disorder,direct,"""Azacitidine"" AND ""Myelofibrosis due to another disorder""",37042080,Phase 1/1b study of azacitidine and hedgehog pathway inhibitor sonidegib in patients with myeloid neoplasms.,"Myeloid neoplasms (myelodysplastic syndrome [MDS], myelofibrosis, and chronic myelomonocytic [CMML]) are aggressive hematological malignancies for which, despite recent approvals, novel therapies are needed to improve clinical outcomes. The hedgehog (HH) pathway is one of the main pathways for cancer stem cells survival and several HH inhibitors (HHi) are approved in clinical practice. Sonidegib (SON), an oral HHi, was tested in this phase 1/1b trial in combination with azacitidine (AZA, 75 mg/m2 days ×7) in patients with newly diagnosed and relapsed/refractory (r/r) chronic MN or acute myeloid leukemia (AML). Sixty-two patients (28 [45%] newly diagnosed) were treated in this study, including 10 patients in the dose-finding component and 52 patients in phase 1b. SON 200 mg oral daily on days 1-28 each cycle was deemed the recommended dose for phase 1b. Out of 21 rrAML patients, two achieved response (one complete response/one morphologic leukemia-free state) with no responses seen in seven r/r MDS/CMML patients. In newly diagnosed AML/MDS, response was seen in six (three had complete remission, two had morphological leukemia-free status) of 27 patients. Median overall survival was 26.4 and 4.7 months for newly diagnosed MDS and AML, respectively. Safety was satisfactory with common (>20%) side effects including fatigue, constipation, nausea, cough, insomnia, and diarrhea. Only 7% of patients died in the study, and none of the deaths were deemed related to treatment. Our study shows that AZA + SON are a safe combination in a patient with MN. Similar to other hedgehog inhibitors, this combination yielded limited response rate in patients with myeloid neoplasms.",Cancer,2023.0,"Clinical Trial, Phase I; Journal Article; Research Support, N.I.H., Extramural",10.1002/cncr.34800,NCBI PubMed E-utilities,success,,PubMed co-mention retrieval baseline only; not evidence polarity classification.
repodb_04ab2c145755011f,Azacitidine,Myelofibrosis due to another disorder,direct,"""Azacitidine"" AND ""Myelofibrosis due to another disorder""",19500065,Epigenetic modifications: new therapeutic targets in primary myelofibrosis.,"Primary Myelofibrosis previously also known as Agnogenic Myeloid Metaplasia or Idiopathic Myelofibrosis is a complex myeloproliferative disease. Although the initial genetic insult that causes uncontrolled proliferation of the defective Hematopoietic Stem Cell/Hematopoietic Progenitor Cell is still elusive, literature is being enriched with reports on the molecular mechanisms that provide growth advantage to the mutant clone and the secondary events that lead to stem cell mobilization, bone marrow fibrosis, osteosclerosis and angiogenesis. Identification of these mechanisms reveals dys-regulation of genes. Dys-regulation of genes that causes silencing of the tumor suppressors is of common occurrence in various cancers. Treatment methods have been targeted against the causative chromatin modifying agents such as DNA methyl transferases and Histone Deacetylases. Ensued success with inhibitors of these agents in the treatment of various cancers has gained precedent in the treatment of Primary Myelofibrosis. In vitro experiments with DNA methyl transferase inhibitors and HDAC inhibitors on patient samples provide promising results and clinical trials for the treatments of PMF patients are under way. Positive outcomes of such clinical trials could pave way for better treatment strategies for this complex disorder and improve the quality of life of these patients.",Current stem cell research & therapy,2009.0,Journal Article; Review,10.2174/157488809789649223,NCBI PubMed E-utilities,success,,PubMed co-mention retrieval baseline only; not evidence polarity classification.
repodb_04ab2c145755011f,Azacitidine,Myelofibrosis due to another disorder,direct,"""Azacitidine"" AND ""Myelofibrosis due to another disorder""",28679989,[Myelodysplastic syndrome with myelofibrosis in which azacitidine therapy was effective and cord blood transplantation was carried out].,"Myelodysplastic syndrome with myelofibrosis (MDS-F) is a disease with a poor prognosis, and patients with this condition are at an increased risk of engraftment failures after allogeneic hematopoietic stem cell transplantation (SCT). Azacitidine (AZA) is effective in high-risk MDS patients. However, the effects of AZA on MDS-F have not been elucidated. AZA was administered to a 62-year-old male with MDS-F for 7 days at a dose of 75 mg/m2. Hematological improvements were observed after only 1 course of treatment. No suitable donor was found through the Japan Marrow Donor Program; therefore, the patient underwent umbilical cord blood transplant (UCBT). Neutrophil engraftment was observed on day 21 after the transplant procedure. He developed acute graft versus host disease (GVHD) of the skin (stage 3/grade II), but it could be controlled using prednisolone. Chronic GVHD was not observed and he was discharged in good general condition on day 68. While treatment prior to allogeneic SCT of MDS-F has not been established, in the present case, the hematological improvement brought about by AZA likely contributed to the patient's positive response to UCBT.",[Rinsho ketsueki] The Japanese journal of clinical hematology,2017.0,Case Reports; Journal Article; Review,10.11406/rinketsu.58.601,NCBI PubMed E-utilities,success,,PubMed co-mention retrieval baseline only; not evidence polarity classification.
repodb_04ab2c145755011f,Azacitidine,Myelofibrosis due to another disorder,direct,"""Azacitidine"" AND ""Myelofibrosis due to another disorder""",41761659,Efficacy and safety of Ruxolitinib-based combination therapy in the patients with Myelofibrosis (MF): a systematic review and meta-analysis.,"Myelofibrosis (MF) is a chronic myeloproliferative neoplasm. Although Ruxolitinib, a JAK1/2 inhibitor, remains the cornerstone of MF treatment, it does not reverse disease progression, and resistance frequently emerges. These limitations have prompted investigation into combination therapies targeting pathways beyond the JAK-STAT axis. This meta-analysis aims to evaluate the efficacy and safety of Ruxolitinib-based combination therapies in patients with MF. We conducted a systematic search of databases for studies published through August 1, 2025. Thirteen distinct Ruxolitinib-based combination regimens were included. Primary efficacy endpoints were ≥35% spleen volume reduction at 24 weeks (SVR35) and ≥50% reduction in total symptom score (TSS50). Safety endpoints focused on the incidence of grade 3/4 thrombocytopenia and anemia. Subgroup analyses were performed based on prior JAK inhibitor exposure and therapeutic mechanism of action. A total of 19 studies comprising 1,088 patients were included in the meta-analysis. Among JAK inhibitor-naïve patients, the combination of Ruxolitinib with Selinexor demonstrated the highest efficacy (SVR35: 92%; TSS50: 78%), followed by Ruxolitinib plus BMS-986158 (SVR35: 90%). For patients with prior JAK inhibitor exposure, Ruxolitinib plus Siremadlin (SVR35: 45%) showed notable activity. For JAK inhibitor-naïve patients, Ruxolitinib-based combination regimens demonstrated satisfactory clinical responses and the potential for meaningful disease control. For patients with prior JAK inhibitor exposure, the addition of combination therapy drugs may further enhance the efficacy. Personalized treatment selection remains essential, as therapeutic efficacy is significantly influenced by prior JAK inhibitor exposure.",Annals of medicine,2026.0,Journal Article; Systematic Review; Meta-Analysis,10.1080/07853890.2026.2634532,NCBI PubMed E-utilities,success,,PubMed co-mention retrieval baseline only; not evidence polarity classification.
repodb_04ab2c145755011f,Azacitidine,Myelofibrosis due to another disorder,direct,"""Azacitidine"" AND ""Myelofibrosis due to another disorder""",30502848,Bone Marrow Fibrosis and Early Hematological Response as Predictors of Poor Outcome in Azacitidine Treated High Risk-Patients With Myelodysplastic Syndromes or Acute Myeloid Leukemia.,"Azacitidine (AZA) treatment is effective treatment for patients with myeloid disorders, and factors predictive of treatment outcome are under investigation. Little is known about the effect of bone marrow fibrosis on response to AZA therapy. We, retrospectively, evaluated clinical predictors of overall survival (OS) and overall response rate (ORR) for patients treated with AZA in a real-life cohort. We evaluated 94 consecutive patients treated with AZA outside of clinical trials (75mg/m2/day for 7 days every 28 days; 5 + 2 + 2 schedule), from June 2009 to February 2016. Ninety-three patients were evaluated for response. After a median of 6 cycles, ORR-complete response (CR; including marrow CR) + partial response (PR) + hematological improvement (HI)-was 41.9% (CR = 18.3%; PR = 11.8%; HI = 11.8%). Stable disease was observed in 21.5%, and failure in 36.5%. Pre-AZA bone marrow blast percentage, International Prognostic Scoring System (IPSS) or IPSS-R category, and time from diagnosis to AZA had no effect on response. Median OS from start of therapy was 18.5 months, and was significantly related to higher IPSS category (P = .01), poor cytogenetics according to the IPSS (P = .01), poor and very poor cytogenetics according to the IPSS-R (P = .02), and lower ORR (P = .006). Patients with MF-0 pre-AZA demonstrated significantly higher ORR, (CR + PR + HI) and stable disease, and lower failure rates than those with any grade of fibrosis. Indeed, cases with pre-AZA fibrosis > MF-1 had shorter OS (P = .005). Achievement of HI before 4 cycles of treatment negatively impacted OS (P = .009).",Seminars in hematology,2018.0,"Journal Article; Research Support, Non-U.S. Gov't; Review",10.1053/j.seminhematol.2018.02.005,NCBI PubMed E-utilities,success,,PubMed co-mention retrieval baseline only; not evidence polarity classification.
repodb_04ab2c145755011f,Azacitidine,Myelofibrosis due to another disorder,direct,"""Azacitidine"" AND ""Myelofibrosis due to another disorder""",30177138,Azacitidine for Relapse After Allogeneic Stem Cell Transplantation-Single-Center Study.,"Relapse is the leading cause of treatment failure for myeloid malignancies treated with allogeneic hematopoietic stem cell transplantation. Treatment options are very limited and use of azacitidine is one of the available options. This was a retrospective, single-institution study. Of 28 evaluated patients, 18 were males, and the median age was 60 years (range, 15-78). There were 15 patients with acute myeloid leukemia, 8 with myelodysplastic syndrome, 4 with chronic myelomonocytic leukemia, and 1 with primary myelofibrosis. Ten patients received azacitidine for overt relapse, 14 received it as a preemptive therapy, and 4 others received it as maintenance treatment after allo-hematopoietic cell transplant (HSCT). Eleven patients received a donor lymphocyte infusion (DLI). The patients received median 5 (1-9) cycles of azacitidine in preemptive and maintenance therapy and median 2.5 (1-9) cycles in patients with relapse. Thirty-nine percent of patients received DLIs. Median overall survival was 6.1 months (95% CI, 0.7-13) for relapse therapy vs 21.2 months (95% CI, 8.4-inf) for preemptive therapy. Among patients treated for relapse, 30% achieved temporary disease control and underwent the second allo-HSCT. A complete, cytogenetic remission was achieved in 50% of patients and stable minimal residual disease in 14% of patients in a group with preemptive therapy. Toxicity was considerable; neutropenia (71%), anemia (14%), thrombocytopenia (36%), and serious infections (36%) were observed in the preemptive setting. These data support the notion that azacitidine is best used as a preemptive therapy against relapse for patients after allo-HSCT performed for myeloid malignancy. Applying azacitidine as therapy for ongoing relapse after allo-HSCT may lead to stable disease and allow for better performance of the second allo-HSCT.",Transplantation proceedings,2018.0,Evaluation Study; Journal Article,10.1016/j.transproceed.2018.02.148,NCBI PubMed E-utilities,success,,PubMed co-mention retrieval baseline only; not evidence polarity classification.
repodb_04ab2c145755011f,Azacitidine,Myelofibrosis due to another disorder,direct,"""Azacitidine"" AND ""Myelofibrosis due to another disorder""",16202688,Conventional and new treatment options for myelofibrosis with myeloid metaplasia.,"The pathogenetic mechanisms underlying the clonal myeloproliferation and reactive marrow fibrosis that characterize myelofibrosis with myeloid metaplasia (MMM) are poorly understood. Recent advances into the pathophysiology of the disease have not yet translated into effective therapeutic options for patients. There is no standard treatment, and no therapies identified yet, besides allogeneic stem cell transplantation, that will significantly change the natural history of MMM. Treatment is therefore palliative and is geared towards alleviating symptoms of the disease and improving blood counts. Conventional therapies for anemia include androgens and corticosteroids. Cytoreductive agents such as hydroxyurea are indicated for symptomatic organomegaly and the control of leucocytosis or thrombocytosis. Several novel agents have been investigated in the recent past, and include antiangiogenic agents and signal transduction inhibitors that target the angiogenic and fibrogenic cytokines that have been implicated in the pathogenesis of the detrimental bone marrow stromal reaction. Ultimately, an improved understanding of the biological factors that cause the clonal myeloproliferation in MMM will lead to the development of effective therapeutic interventions.",Seminars in oncology,2005.0,Journal Article; Review,10.1053/j.seminoncol.2005.06.014,NCBI PubMed E-utilities,success,,PubMed co-mention retrieval baseline only; not evidence polarity classification.
repodb_04ab2c145755011f,Azacitidine,Myelofibrosis due to another disorder,direct,"""Azacitidine"" AND ""Myelofibrosis due to another disorder""",39250708,A multicenter phase 2 clinical trial of low-dose subcutaneous decitabine in myelofibrosis.,"Myelofibrosis (MF) in the chronic phase is a challenging disease to treat, and conventional treatment options are geared toward symptom palliation. In this prospective, multicenter, phase 2 trial, 21 patients with MF (18 chronic phase, 2 accelerated phase, and 1 blast phase) were treated with a 10-day schedule of subcutaneous decitabine at 0.3 mg/kg per day. The overall response rate was 33% (95% confidence interval, 15-57), primarily manifested as an improvement in cytopenias. The median duration of response was 7 months (range, 3-44). A high International Prognostic Scoring System risk score, high baseline fetal hemoglobin level, and sustained decrease in circulating CD34+ cell counts were associated with response to decitabine. All patients experienced at least 1 grade 3/4 cytopenia. Nonhematologic toxicities were less frequent, with fatigue, anorexia, and hypocalcemia being the most common. Given the lack of effective therapies in MF with severe cytopenias, this study supports further investigation into the use of hypomethylating agents as single agents or in combination therapies. This trial was registered at www.ClinicalTrials.gov as #NCT00095784.",Blood advances,2024.0,"Journal Article; Clinical Trial, Phase II; Multicenter Study; Research Support, Non-U.S. Gov't; Research Support, N.I.H., Extramural",10.1182/bloodadvances.2024013215,NCBI PubMed E-utilities,success,,PubMed co-mention retrieval baseline only; not evidence polarity classification.
repodb_04ab2c145755011f,Azacitidine,Myelofibrosis due to another disorder,direct,"""Azacitidine"" AND ""Myelofibrosis due to another disorder""",41317203,TMEM91::TAL1 Fusion gene in a middle-aged female with rapid MDS to secondary AML progression: a case report.,"TMEM91::TAL1 fusion has been identified in glioblastoma but has never been documented in hematologic malignancies. We document the first presentation of the TMEM91::TAL1 fusion in a myelodysplastic syndrome (MDS) with rapid transition into secondary acute myeloid leukemia (sAML). A middle-aged female presented to the hematology clinic complaining primarily of fatigue and a workup revealing pancytopenia. Bone marrow (BM) biopsy demonstrated 8% blasts with myelodysplastic changes and secondary myelofibrosis. RNA sequencing detected the TMEM91::TAL1 fusion at 1.79% in the presence of normal cytogenetics and a minimal inhibitory DNMT3A mutation (1.3%). Despite multiple cycles of azacitidine, within one month, the patient had transitioned into sAML with blasts increased to 55% with heterogeneity in the sample, and TMEM91::TAL1 expression increased to 2.83%. The patient underwent haploidentical stem cell transplantation with complete remission and no evidence of TMEM91::TAL1 fusion. The TMEM91::TAL1 fusion (resulting from a breakpoint at exon 3 of TMEM91 and exon 5 of TAL1) was detected by RNA-seq while not detected by whole genome sequencing. The expression of TMEM91::TAL1 fusion increased with the progression from MDS to sAML and was eliminated after HSCT. This case illustrates the value of comprehensive molecular profiling, including RNA-seq, in cases of rapidly progressive MDS that cannot be diagnosed through standard molecular diagnostics. The temporal relationship between expression of the fusions and disease progression warrants additional studies of TMEM91::TAL1 in myeloid malignancies.","Hematology (Amsterdam, Netherlands)",2025.0,Journal Article; Case Reports,10.1080/16078454.2025.2594370,NCBI PubMed E-utilities,success,,PubMed co-mention retrieval baseline only; not evidence polarity classification.
repodb_04ab2c145755011f,Azacitidine,Myelofibrosis due to another disorder,direct,"""Azacitidine"" AND ""Myelofibrosis due to another disorder""",24809010,Hematologic improvements in a myelodysplastic syndromes with myelofibrosis (MDS-F) patient treated with azacitidine.,"Myelodysplastic syndromes with myelofibrosis (MDS-F) is a poor prognostic hematopoietic disorder. Azacitidine was shown to prolong survival of high-risk MDS patients. However, the effects of azacitidine on MDS-F have yet to be elucidated. Azacitidine was administered to a 74-year-old man with MDS-F at a dose of 75 mg/m(2)/daily subcutaneously for 7 days every 28 days. Hematologic improvements were observed according to the International Working Group 2006 criteria after 8 cycles of the azacitidine treatment, and complete remission was achieved after 14 cycles. The grade of myelofibrosis was also improved. The therapeutic activity of azacitidine was confirmed in our MDS-F patient.",Leukemia research reports,2014.0,Journal Article,10.1016/j.lrr.2014.03.002,NCBI PubMed E-utilities,success,,PubMed co-mention retrieval baseline only; not evidence polarity classification.
repodb_04ab2c145755011f,Azacitidine,Myelofibrosis due to another disorder,direct,"""Azacitidine"" AND ""Myelofibrosis due to another disorder""",18720364,Combination of 5-azacytidine and thalidomide for the treatment of myelodysplastic syndromes and acute myeloid leukemia.,"The treatment of myelodysplastic syndromes (MDS) remains a challenge to the clinician despite recent advances. Many patients will either not respond or will have only limited and/or brief responses to single-agent therapy. Eventually, 30% of patients with MDS will progress and develop acute myeloid leukemia (AML). New strategies are needed for these patients. 5-Azacytidine (AZA) and thalidomide were administered to 40 patients with MDS or AML. AZA was given at a dose of 75 mg/m2 subcutaneously for 5 of 28 days together with thalidomide starting at a dose of 50 mg per day and increasing to 100 mg per. Six patients had refractory anemia (RA), 2 patients had RA with ringed sideroblasts, 10 patients had RA with excess blasts (RAEB), 1 patient had RAEB in transformation, 4 patients had chronic myelomonocytic leukemia, 1 patient had chronic idiopathic myelofibrosis, and 16 patients had AML. Thirty-six patients were evaluable for outcome. A hematologic improvement (HI) was observed in 15 of 36 patients (42%), stable disease was observed in 5 of 36 patients (14%), and 10 of 36 patients (28%) had disease progression. Six patients experienced complete remission (CR), 2 patients experienced an erythroid HI (HI-E), 1 patient experience an absolute neutrophil count HI (HI-ANC), 5 patients experienced a platelet HI (HI-P), and 7 patients had bilineage HI (HI-P and HI-ANC or an HI-E and HI-ANC). It was noteworthy that 9 of 14 patients with AML had a history of prior MDS, 2 of 9 patients achieved a CR, 4 of 9 patients had HI (HI-E and bilineage HI), and 1 patient had stable disease and was continuing treatment. DNA microarray analysis of 8 responders and 4 nonresponders revealed that the genes associated with cellular proliferation had higher expression levels in nonresponders. The current findings indicated that a combination of low-dose AZA and thalidomide was well tolerated and was effective therapy for the treatment of patients with MDS and AML arising from prior MDS.",Cancer,2008.0,"Journal Article; Research Support, Non-U.S. Gov't",10.1002/cncr.23789,NCBI PubMed E-utilities,success,,PubMed co-mention retrieval baseline only; not evidence polarity classification.
repodb_04ab2c145755011f,Azacitidine,Myelofibrosis due to another disorder,clinical,"""Azacitidine"" AND ""Myelofibrosis due to another disorder"" AND (trial OR clinical OR patient OR therapy)",27672139,Pharmacologic management of myelofibrosis.,"Myelofibrosis is a BCR-ABL-negative myeloproliferative neoplasm characterized by abnormal hematopoiesis. Alterations to the Janus kinase-signal transducer and activator of transcription pathway result in dysregulation of gene transcription and cell proliferation. Patients with symptomatic myelofibrosis present with a variety of signs and symptoms including, but not limited to myelosuppression, marked splenomegaly, abdominal discomfort, fatigue, and blood transfusion-dependence. Traditional myelosuppressive therapies including hydroxyurea, azacitidine, and cladribine aim to reduce constitutional symptoms and control the burden of disease. Immunomodulators can potentially reverse anemia associated with myelofibrosis, but are poorly tolerated by most patients. The novel Janus kinase 2 (JAK2) inhibitor, ruxolitinib, has demonstrated marked improvements to constitutional symptoms and splenomegaly. While survival benefit has not yet been demonstrated, continued research into pharmacologic management of myelofibrosis offers the promise of altering the course of disease progression.",Journal of oncology pharmacy practice : official publication of the International Society of Oncology Pharmacy Practitioners,2017.0,Journal Article; Review,10.1177/1078155216670229,NCBI PubMed E-utilities,success,,PubMed co-mention retrieval baseline only; not evidence polarity classification.
repodb_04ab2c145755011f,Azacitidine,Myelofibrosis due to another disorder,clinical,"""Azacitidine"" AND ""Myelofibrosis due to another disorder"" AND (trial OR clinical OR patient OR therapy)",25189730,Rationale for combination therapy in myelofibrosis.,"Agents targeting the JAK-STAT pathway have dominated the investigational therapeutic portfolio over the last five years resulting in the first and only approved agent for the treatment of patients with myelofibrosis (MF). However, chromatin modifying agents, anti-fibrosing agents, and other signaling pathway inhibitors have also demonstrated activity and offer the potential to improve upon the clinical success of JAK2 inhibition. Due to the complex pathobiological mechanisms underlying MF, it is likely that a combination of biologically active therapies will be required to target the MF hematopoietic stem cell in order to achieve significant disease course modification. Ruxolitinib in partnership with panobinostat, decitabine, and LDE225 are being evaluated in current combination therapy trials based on pre-clinical studies that provide strong scientific rationale. The rationale of combination of danazol or lenalidomide with ruxolitinib is mainly based on mitigation of anti-JAK2-mediated myelosuppression. Combination trials of ruxolitinib and novel anti-fibrosing agents such as PRM-151 represent an attempt to address therapeutic limitations of JAK2 inhibitors such as reversal of bone marrow fibrosis. Ruxolitinib is also being incorporated in novel treatment strategies in the setting of hematopoietic stem cell transplantation for MF. As the pathogenetic mechanisms are better understood, potential drug combinations in MF will increase dramatically and demonstration of biologic activity in effective preclinical models will be required to efficiently evaluate the most active combinations with least toxicity in future trials. This manuscript will address the proposed goals of combination therapy approach and review the state of the art in combination experimental therapy for MF.",Best practice & research. Clinical haematology,2014.0,"Journal Article; Research Support, Non-U.S. Gov't; Review",10.1016/j.beha.2014.07.009,NCBI PubMed E-utilities,success,,PubMed co-mention retrieval baseline only; not evidence polarity classification.
repodb_04ab2c145755011f,Azacitidine,Myelofibrosis due to another disorder,clinical,"""Azacitidine"" AND ""Myelofibrosis due to another disorder"" AND (trial OR clinical OR patient OR therapy)",30675650,New Concepts of Treatment for Patients with Myelofibrosis.,"Seven years after the approval of the Janus kinase 1/2 (JAK1/2) inhibitor ruxolitinib, it remains the only drug licensed for the treatment of myelofibrosis. Patients who discontinue ruxolitinib have a dismal outcome, and this is, therefore, an area of significant unmet need. Given the central role that JAK-signal transducer and activator of transcription (STAT) activation plays in disease pathogenesis, there have been many other JAK inhibitors tested, but most have been abandoned, for a variety of reasons. The JAK2-selective inhibitor fedratinib has recently been resurrected, and there has been a resurgence of interest in the failed JAK1/2 inhibitor momelotinib, which possibly improves anemia. Pacritinib, a non-myelosuppressive JAK2-selective inhibitor, is currently in a dose-ranging study mandated by regulatory authorities. A plethora of other targeted agents, most backed by preclinical data, are in various stages of investigation. These include epigenetic and immune therapies, agents targeting cellular survival, metabolic and apoptotic pathways, the cell cycle, DNA repair, and protein folding and degradation, among others. However, at this time, none of these is close to registration or even in a pivotal trial, illustrating the difficulties in recapitulating the clinical disease in preclinical models. Most current clinical trials are testing the addition of a novel agent to ruxolitinib, either in the frontline setting or in the context of an insufficient response to ruxolitinib, or attempting to study new drugs in the second-line, ""ruxolitinib failure"" setting. Emerging data supports the addition of azacitidine to ruxolitinib in some patients. Other strategies have focused on improving cytopenias, through amelioration of bone marrow fibrosis or other mechanisms. This is important, because cytopenias are the commonest reason for ruxolitinib interruption and/or dose reduction, and dose optimization of ruxolitinib is tied to its survival benefit. The activin receptor ligand trap, sotatercept, and the anti-fibrotic agent, PRM-151, have shown promise in this regard.",Current treatment options in oncology,2019.0,"Journal Article; Research Support, N.I.H., Extramural; Review",10.1007/s11864-019-0604-y,NCBI PubMed E-utilities,success,,PubMed co-mention retrieval baseline only; not evidence polarity classification.
repodb_04ab2c145755011f,Azacitidine,Myelofibrosis due to another disorder,clinical,"""Azacitidine"" AND ""Myelofibrosis due to another disorder"" AND (trial OR clinical OR patient OR therapy)",39250708,A multicenter phase 2 clinical trial of low-dose subcutaneous decitabine in myelofibrosis.,"Myelofibrosis (MF) in the chronic phase is a challenging disease to treat, and conventional treatment options are geared toward symptom palliation. In this prospective, multicenter, phase 2 trial, 21 patients with MF (18 chronic phase, 2 accelerated phase, and 1 blast phase) were treated with a 10-day schedule of subcutaneous decitabine at 0.3 mg/kg per day. The overall response rate was 33% (95% confidence interval, 15-57), primarily manifested as an improvement in cytopenias. The median duration of response was 7 months (range, 3-44). A high International Prognostic Scoring System risk score, high baseline fetal hemoglobin level, and sustained decrease in circulating CD34+ cell counts were associated with response to decitabine. All patients experienced at least 1 grade 3/4 cytopenia. Nonhematologic toxicities were less frequent, with fatigue, anorexia, and hypocalcemia being the most common. Given the lack of effective therapies in MF with severe cytopenias, this study supports further investigation into the use of hypomethylating agents as single agents or in combination therapies. This trial was registered at www.ClinicalTrials.gov as #NCT00095784.",Blood advances,2024.0,"Journal Article; Clinical Trial, Phase II; Multicenter Study; Research Support, Non-U.S. Gov't; Research Support, N.I.H., Extramural",10.1182/bloodadvances.2024013215,NCBI PubMed E-utilities,success,,PubMed co-mention retrieval baseline only; not evidence polarity classification.
repodb_04ab2c145755011f,Azacitidine,Myelofibrosis due to another disorder,clinical,"""Azacitidine"" AND ""Myelofibrosis due to another disorder"" AND (trial OR clinical OR patient OR therapy)",33547022,Forsaken Pharmaceutical: Glasdegib in Acute Myeloid Leukemia and Myeloid Diseases.,"Advancements in the understanding of the pathogenesis of acute myeloid leukemia (AML) have led to the introduction and approval of a number of novel drugs in AML. Glasdegib, an oral hedgehog pathway inhibitor, was approved in 2018 in combination with low-dose cytarabine for the treatment of newly diagnosed AML in patients unfit for intensive chemotherapy. In this review, we discuss the preclinical rationale for glasdegib, important clinical trials that led to glasdegib's approval, and future trials of glasdegib in AML and other myeloid diseases. Notably, 2 large randomized, placebo-controlled phase 3 trials (AML BRIGHT 1019) are currently recruiting patients with newly diagnosed AML to evaluate glasdegib in combination with intensive chemotherapy or azacitidine, depending on the patient's ability to tolerate induction chemotherapy. While glasdegib and low-dose cytarabine have been eclipsed by venetoclax and hypomethylating agent combinations for newly diagnosed AML in the United States, we discuss other areas where glasdegib may still have an opportunity to improve outcomes in this devastating disease.","Clinical lymphoma, myeloma & leukemia",2021.0,Journal Article; Review,10.1016/j.clml.2020.12.007,NCBI PubMed E-utilities,success,,PubMed co-mention retrieval baseline only; not evidence polarity classification.
repodb_04ab2c145755011f,Azacitidine,Myelofibrosis due to another disorder,clinical,"""Azacitidine"" AND ""Myelofibrosis due to another disorder"" AND (trial OR clinical OR patient OR therapy)",37424984,Rapid Hepatomegaly From Ruxolitinib Discontinuation Syndrome.,"Ruxolitinib (RUX) is a Food and Drug Administration-approved Janus Kinase (JAK) inhibitor shown to be effective in improving hypercatabolic symptoms and splenomegaly in patients with myelofibrosis (MF). RUX therapy provides symptomatic benefits for MF patients but is often discontinued for various reasons including worsening cytopenias. Ruxolitinib Discontinuation Syndrome (RDS) involves an acute cytokine-storm rebound phenomenon that can manifest as an acute relapse of symptoms, worsening splenomegaly, respiratory distress, systemic inflammatory response syndrome, or disseminated intravascular coagulopathy. We present the case of a patient with JAK2-positive post-polycythemia vera MF, whose RUX therapy was discontinued due to an active gastrointestinal (GI) bleed and worsening cytopenias. The patient had recently started azacitidine and was on the drug combination prior to hospitalization. The patient developed what appears to be the first case of acute onset accelerated massive hepatomegaly, a previously undescribed clinical manifestation of RDS. Although rare, medical professionals should maintain a high suspicion of RDS in hospitalized patients following the discontinuation of RUX.",HCA healthcare journal of medicine,2023.0,Case Reports; Journal Article,10.36518/2689-0216.1518,NCBI PubMed E-utilities,success,,PubMed co-mention retrieval baseline only; not evidence polarity classification.
repodb_04ab2c145755011f,Azacitidine,Myelofibrosis due to another disorder,clinical,"""Azacitidine"" AND ""Myelofibrosis due to another disorder"" AND (trial OR clinical OR patient OR therapy)",23826641,Panobinostat in lymphoid and myeloid malignancies.,"Histone deacetylase inhibitors (HDACIs) are a class of antineoplastic agent targeting the epigenome, specifically chromatin remodelling, resulting in modulation of genes responsible for apoptosis and cell cycle regulation, and also hyperacetylation of many non-histone proteins. Panobinostat is a potent pan-histone inhibitor of HDAC enzymes implicated in cancer development and progression. Activity has been demonstrated in hematological diseases, such as cutaneous T-cell lymphoma (CTCL), Hodgkin lymphoma (HL), myeloma and myeloid malignancies. We discuss basic pharmacology, followed by early phase trial results and analyse recent large Phase II trials in HL, CTCL, myeloid malignancies and Waldenstrom's macroglobulinemia (WM). Future directions for drug development including potential predictive biomarkers are considered. The results of Phase II trials prove that oral panobinostat is deliverable with dosing regimens of three times per week, either weekly or biweekly. The major hematologic side-effect of myelosuppression, in particular thrombocytopenia, is transient and manageable, as are the non-hematologic side-effects. Encouraging responses are observed in HL, CTCL, myelofibrosis and WM. The safety and efficacy results from studies of combination therapy with azacitidine in acute myeloid leukemia and myelodysplastic syndromes suggest that this agent may find a place in the management of a range of hematologic cancers.",Expert opinion on investigational drugs,2013.0,Journal Article; Review,10.1517/13543784.2013.815165,NCBI PubMed E-utilities,success,,PubMed co-mention retrieval baseline only; not evidence polarity classification.
repodb_04ab2c145755011f,Azacitidine,Myelofibrosis due to another disorder,clinical,"""Azacitidine"" AND ""Myelofibrosis due to another disorder"" AND (trial OR clinical OR patient OR therapy)",42220537,Connective tissue diseases combined with chronic myelomonocytic leukemia and myelofibrosis: a case report and literature review.,"Connective tissue disease (CTD) is one of the common autoimmune diseases (AIDs). Chronic myelomonocytic leukemia (CMML) is a clonal hematopoietic stem cell disease characterized by peripheral blood monocytosis and bone marrow dysplasia, and it is frequently associated with autoimmune complications and secondary myelofibrosis (MF). This article reports a 52-year-old male patient with recurrent arthritis and fever as the main manifestations, for whom CTD was initially considered, and who received hormone and immunosuppressant combination therapy for 2 years 10 months. The patient still suffered from recurrent fever and severe anemia; further bone marrow cytology examinations revealed abnormal bone marrow hematopoiesis, and the final diagnosis was CTD complicated with CMML and MF (MF-3 grade). After the patient was transferred to the hematology department, we adopted the azacytidine + ruxolitinib dual-target regimen to simultaneously target autoimmune inflammation, malignant clonal hematopoiesis, and severe myelofibrosis. After treatment, the patient's fever and other systemic symptoms were significantly relieved, monocytosis was corrected, and severe anemia and thrombocytopenia were markedly improved.",Frontiers in immunology,2026.0,Journal Article; Case Reports; Review,10.3389/fimmu.2026.1685536,NCBI PubMed E-utilities,success,,PubMed co-mention retrieval baseline only; not evidence polarity classification.
repodb_04ab2c145755011f,Azacitidine,Myelofibrosis due to another disorder,clinical,"""Azacitidine"" AND ""Myelofibrosis due to another disorder"" AND (trial OR clinical OR patient OR therapy)",37042080,Phase 1/1b study of azacitidine and hedgehog pathway inhibitor sonidegib in patients with myeloid neoplasms.,"Myeloid neoplasms (myelodysplastic syndrome [MDS], myelofibrosis, and chronic myelomonocytic [CMML]) are aggressive hematological malignancies for which, despite recent approvals, novel therapies are needed to improve clinical outcomes. The hedgehog (HH) pathway is one of the main pathways for cancer stem cells survival and several HH inhibitors (HHi) are approved in clinical practice. Sonidegib (SON), an oral HHi, was tested in this phase 1/1b trial in combination with azacitidine (AZA, 75 mg/m2 days ×7) in patients with newly diagnosed and relapsed/refractory (r/r) chronic MN or acute myeloid leukemia (AML). Sixty-two patients (28 [45%] newly diagnosed) were treated in this study, including 10 patients in the dose-finding component and 52 patients in phase 1b. SON 200 mg oral daily on days 1-28 each cycle was deemed the recommended dose for phase 1b. Out of 21 rrAML patients, two achieved response (one complete response/one morphologic leukemia-free state) with no responses seen in seven r/r MDS/CMML patients. In newly diagnosed AML/MDS, response was seen in six (three had complete remission, two had morphological leukemia-free status) of 27 patients. Median overall survival was 26.4 and 4.7 months for newly diagnosed MDS and AML, respectively. Safety was satisfactory with common (>20%) side effects including fatigue, constipation, nausea, cough, insomnia, and diarrhea. Only 7% of patients died in the study, and none of the deaths were deemed related to treatment. Our study shows that AZA + SON are a safe combination in a patient with MN. Similar to other hedgehog inhibitors, this combination yielded limited response rate in patients with myeloid neoplasms.",Cancer,2023.0,"Clinical Trial, Phase I; Journal Article; Research Support, N.I.H., Extramural",10.1002/cncr.34800,NCBI PubMed E-utilities,success,,PubMed co-mention retrieval baseline only; not evidence polarity classification.
repodb_04ab2c145755011f,Azacitidine,Myelofibrosis due to another disorder,clinical,"""Azacitidine"" AND ""Myelofibrosis due to another disorder"" AND (trial OR clinical OR patient OR therapy)",30502848,Bone Marrow Fibrosis and Early Hematological Response as Predictors of Poor Outcome in Azacitidine Treated High Risk-Patients With Myelodysplastic Syndromes or Acute Myeloid Leukemia.,"Azacitidine (AZA) treatment is effective treatment for patients with myeloid disorders, and factors predictive of treatment outcome are under investigation. Little is known about the effect of bone marrow fibrosis on response to AZA therapy. We, retrospectively, evaluated clinical predictors of overall survival (OS) and overall response rate (ORR) for patients treated with AZA in a real-life cohort. We evaluated 94 consecutive patients treated with AZA outside of clinical trials (75mg/m2/day for 7 days every 28 days; 5 + 2 + 2 schedule), from June 2009 to February 2016. Ninety-three patients were evaluated for response. After a median of 6 cycles, ORR-complete response (CR; including marrow CR) + partial response (PR) + hematological improvement (HI)-was 41.9% (CR = 18.3%; PR = 11.8%; HI = 11.8%). Stable disease was observed in 21.5%, and failure in 36.5%. Pre-AZA bone marrow blast percentage, International Prognostic Scoring System (IPSS) or IPSS-R category, and time from diagnosis to AZA had no effect on response. Median OS from start of therapy was 18.5 months, and was significantly related to higher IPSS category (P = .01), poor cytogenetics according to the IPSS (P = .01), poor and very poor cytogenetics according to the IPSS-R (P = .02), and lower ORR (P = .006). Patients with MF-0 pre-AZA demonstrated significantly higher ORR, (CR + PR + HI) and stable disease, and lower failure rates than those with any grade of fibrosis. Indeed, cases with pre-AZA fibrosis > MF-1 had shorter OS (P = .005). Achievement of HI before 4 cycles of treatment negatively impacted OS (P = .009).",Seminars in hematology,2018.0,"Journal Article; Research Support, Non-U.S. Gov't; Review",10.1053/j.seminhematol.2018.02.005,NCBI PubMed E-utilities,success,,PubMed co-mention retrieval baseline only; not evidence polarity classification.
repodb_04ab2c145755011f,Azacitidine,Myelofibrosis due to another disorder,clinical,"""Azacitidine"" AND ""Myelofibrosis due to another disorder"" AND (trial OR clinical OR patient OR therapy)",19500065,Epigenetic modifications: new therapeutic targets in primary myelofibrosis.,"Primary Myelofibrosis previously also known as Agnogenic Myeloid Metaplasia or Idiopathic Myelofibrosis is a complex myeloproliferative disease. Although the initial genetic insult that causes uncontrolled proliferation of the defective Hematopoietic Stem Cell/Hematopoietic Progenitor Cell is still elusive, literature is being enriched with reports on the molecular mechanisms that provide growth advantage to the mutant clone and the secondary events that lead to stem cell mobilization, bone marrow fibrosis, osteosclerosis and angiogenesis. Identification of these mechanisms reveals dys-regulation of genes. Dys-regulation of genes that causes silencing of the tumor suppressors is of common occurrence in various cancers. Treatment methods have been targeted against the causative chromatin modifying agents such as DNA methyl transferases and Histone Deacetylases. Ensued success with inhibitors of these agents in the treatment of various cancers has gained precedent in the treatment of Primary Myelofibrosis. In vitro experiments with DNA methyl transferase inhibitors and HDAC inhibitors on patient samples provide promising results and clinical trials for the treatments of PMF patients are under way. Positive outcomes of such clinical trials could pave way for better treatment strategies for this complex disorder and improve the quality of life of these patients.",Current stem cell research & therapy,2009.0,Journal Article; Review,10.2174/157488809789649223,NCBI PubMed E-utilities,success,,PubMed co-mention retrieval baseline only; not evidence polarity classification.
repodb_04ab2c145755011f,Azacitidine,Myelofibrosis due to another disorder,clinical,"""Azacitidine"" AND ""Myelofibrosis due to another disorder"" AND (trial OR clinical OR patient OR therapy)",30177138,Azacitidine for Relapse After Allogeneic Stem Cell Transplantation-Single-Center Study.,"Relapse is the leading cause of treatment failure for myeloid malignancies treated with allogeneic hematopoietic stem cell transplantation. Treatment options are very limited and use of azacitidine is one of the available options. This was a retrospective, single-institution study. Of 28 evaluated patients, 18 were males, and the median age was 60 years (range, 15-78). There were 15 patients with acute myeloid leukemia, 8 with myelodysplastic syndrome, 4 with chronic myelomonocytic leukemia, and 1 with primary myelofibrosis. Ten patients received azacitidine for overt relapse, 14 received it as a preemptive therapy, and 4 others received it as maintenance treatment after allo-hematopoietic cell transplant (HSCT). Eleven patients received a donor lymphocyte infusion (DLI). The patients received median 5 (1-9) cycles of azacitidine in preemptive and maintenance therapy and median 2.5 (1-9) cycles in patients with relapse. Thirty-nine percent of patients received DLIs. Median overall survival was 6.1 months (95% CI, 0.7-13) for relapse therapy vs 21.2 months (95% CI, 8.4-inf) for preemptive therapy. Among patients treated for relapse, 30% achieved temporary disease control and underwent the second allo-HSCT. A complete, cytogenetic remission was achieved in 50% of patients and stable minimal residual disease in 14% of patients in a group with preemptive therapy. Toxicity was considerable; neutropenia (71%), anemia (14%), thrombocytopenia (36%), and serious infections (36%) were observed in the preemptive setting. These data support the notion that azacitidine is best used as a preemptive therapy against relapse for patients after allo-HSCT performed for myeloid malignancy. Applying azacitidine as therapy for ongoing relapse after allo-HSCT may lead to stable disease and allow for better performance of the second allo-HSCT.",Transplantation proceedings,2018.0,Evaluation Study; Journal Article,10.1016/j.transproceed.2018.02.148,NCBI PubMed E-utilities,success,,PubMed co-mention retrieval baseline only; not evidence polarity classification.
repodb_04ab2c145755011f,Azacitidine,Myelofibrosis due to another disorder,clinical,"""Azacitidine"" AND ""Myelofibrosis due to another disorder"" AND (trial OR clinical OR patient OR therapy)",41761659,Efficacy and safety of Ruxolitinib-based combination therapy in the patients with Myelofibrosis (MF): a systematic review and meta-analysis.,"Myelofibrosis (MF) is a chronic myeloproliferative neoplasm. Although Ruxolitinib, a JAK1/2 inhibitor, remains the cornerstone of MF treatment, it does not reverse disease progression, and resistance frequently emerges. These limitations have prompted investigation into combination therapies targeting pathways beyond the JAK-STAT axis. This meta-analysis aims to evaluate the efficacy and safety of Ruxolitinib-based combination therapies in patients with MF. We conducted a systematic search of databases for studies published through August 1, 2025. Thirteen distinct Ruxolitinib-based combination regimens were included. Primary efficacy endpoints were ≥35% spleen volume reduction at 24 weeks (SVR35) and ≥50% reduction in total symptom score (TSS50). Safety endpoints focused on the incidence of grade 3/4 thrombocytopenia and anemia. Subgroup analyses were performed based on prior JAK inhibitor exposure and therapeutic mechanism of action. A total of 19 studies comprising 1,088 patients were included in the meta-analysis. Among JAK inhibitor-naïve patients, the combination of Ruxolitinib with Selinexor demonstrated the highest efficacy (SVR35: 92%; TSS50: 78%), followed by Ruxolitinib plus BMS-986158 (SVR35: 90%). For patients with prior JAK inhibitor exposure, Ruxolitinib plus Siremadlin (SVR35: 45%) showed notable activity. For JAK inhibitor-naïve patients, Ruxolitinib-based combination regimens demonstrated satisfactory clinical responses and the potential for meaningful disease control. For patients with prior JAK inhibitor exposure, the addition of combination therapy drugs may further enhance the efficacy. Personalized treatment selection remains essential, as therapeutic efficacy is significantly influenced by prior JAK inhibitor exposure.",Annals of medicine,2026.0,Journal Article; Systematic Review; Meta-Analysis,10.1080/07853890.2026.2634532,NCBI PubMed E-utilities,success,,PubMed co-mention retrieval baseline only; not evidence polarity classification.
repodb_04ab2c145755011f,Azacitidine,Myelofibrosis due to another disorder,clinical,"""Azacitidine"" AND ""Myelofibrosis due to another disorder"" AND (trial OR clinical OR patient OR therapy)",16202688,Conventional and new treatment options for myelofibrosis with myeloid metaplasia.,"The pathogenetic mechanisms underlying the clonal myeloproliferation and reactive marrow fibrosis that characterize myelofibrosis with myeloid metaplasia (MMM) are poorly understood. Recent advances into the pathophysiology of the disease have not yet translated into effective therapeutic options for patients. There is no standard treatment, and no therapies identified yet, besides allogeneic stem cell transplantation, that will significantly change the natural history of MMM. Treatment is therefore palliative and is geared towards alleviating symptoms of the disease and improving blood counts. Conventional therapies for anemia include androgens and corticosteroids. Cytoreductive agents such as hydroxyurea are indicated for symptomatic organomegaly and the control of leucocytosis or thrombocytosis. Several novel agents have been investigated in the recent past, and include antiangiogenic agents and signal transduction inhibitors that target the angiogenic and fibrogenic cytokines that have been implicated in the pathogenesis of the detrimental bone marrow stromal reaction. Ultimately, an improved understanding of the biological factors that cause the clonal myeloproliferation in MMM will lead to the development of effective therapeutic interventions.",Seminars in oncology,2005.0,Journal Article; Review,10.1053/j.seminoncol.2005.06.014,NCBI PubMed E-utilities,success,,PubMed co-mention retrieval baseline only; not evidence polarity classification.
repodb_04ab2c145755011f,Azacitidine,Myelofibrosis due to another disorder,clinical,"""Azacitidine"" AND ""Myelofibrosis due to another disorder"" AND (trial OR clinical OR patient OR therapy)",28679989,[Myelodysplastic syndrome with myelofibrosis in which azacitidine therapy was effective and cord blood transplantation was carried out].,"Myelodysplastic syndrome with myelofibrosis (MDS-F) is a disease with a poor prognosis, and patients with this condition are at an increased risk of engraftment failures after allogeneic hematopoietic stem cell transplantation (SCT). Azacitidine (AZA) is effective in high-risk MDS patients. However, the effects of AZA on MDS-F have not been elucidated. AZA was administered to a 62-year-old male with MDS-F for 7 days at a dose of 75 mg/m2. Hematological improvements were observed after only 1 course of treatment. No suitable donor was found through the Japan Marrow Donor Program; therefore, the patient underwent umbilical cord blood transplant (UCBT). Neutrophil engraftment was observed on day 21 after the transplant procedure. He developed acute graft versus host disease (GVHD) of the skin (stage 3/grade II), but it could be controlled using prednisolone. Chronic GVHD was not observed and he was discharged in good general condition on day 68. While treatment prior to allogeneic SCT of MDS-F has not been established, in the present case, the hematological improvement brought about by AZA likely contributed to the patient's positive response to UCBT.",[Rinsho ketsueki] The Japanese journal of clinical hematology,2017.0,Case Reports; Journal Article; Review,10.11406/rinketsu.58.601,NCBI PubMed E-utilities,success,,PubMed co-mention retrieval baseline only; not evidence polarity classification.
repodb_04ab2c145755011f,Azacitidine,Myelofibrosis due to another disorder,clinical,"""Azacitidine"" AND ""Myelofibrosis due to another disorder"" AND (trial OR clinical OR patient OR therapy)",24809010,Hematologic improvements in a myelodysplastic syndromes with myelofibrosis (MDS-F) patient treated with azacitidine.,"Myelodysplastic syndromes with myelofibrosis (MDS-F) is a poor prognostic hematopoietic disorder. Azacitidine was shown to prolong survival of high-risk MDS patients. However, the effects of azacitidine on MDS-F have yet to be elucidated. Azacitidine was administered to a 74-year-old man with MDS-F at a dose of 75 mg/m(2)/daily subcutaneously for 7 days every 28 days. Hematologic improvements were observed according to the International Working Group 2006 criteria after 8 cycles of the azacitidine treatment, and complete remission was achieved after 14 cycles. The grade of myelofibrosis was also improved. The therapeutic activity of azacitidine was confirmed in our MDS-F patient.",Leukemia research reports,2014.0,Journal Article,10.1016/j.lrr.2014.03.002,NCBI PubMed E-utilities,success,,PubMed co-mention retrieval baseline only; not evidence polarity classification.
repodb_04ab2c145755011f,Azacitidine,Myelofibrosis due to another disorder,clinical,"""Azacitidine"" AND ""Myelofibrosis due to another disorder"" AND (trial OR clinical OR patient OR therapy)",33844862,Venetoclax with azacitidine or decitabine in blast-phase myeloproliferative neoplasm: A multicenter series of 32 consecutive cases.,"Venetoclax (Ven) combined with a hypomethylating agent (HMA) has now emerged as an effective treatment regimen for acute myeloid leukemia, in both de novo and relapsed/refractory setting. The current multicenter study retrospectively examined Ven + HMA treatment outcome among 32 patients (median age 69 years; 59% males) with blast-phase myeloproliferative neoplasm (MPN-BP). Pre-leukemic phenotype included essential thrombocythemia (ET)/post-ET myelofibrosis (34%), polycythemia vera (PV)/post-PV myelofibrosis (38%) and primary myelofibrosis (28%). Twenty-nine study patients were fully annotated cytogenetically and molecularly (NGS): 69% harbored complex karyotype and/or mutations, including TP53 (41%), IDH1/2 (21%), ASXL1 (21%), N/KRAS (14%), SRSF2 (10%), EZH2 (10%) and U2AF1 (7%). All patients received Ven combined with either azacitidine (n = 12) or decitabine (n = 20); either up front (n = 23) or after failing another induction therapy (n = 9). Complete remission with (CR) or without (CRi) count recovery was achieved in 14 (44%) patients and was more likely to occur in the absence of pre-leukemic PV/post-PV myelofibrosis phenotype (p < .01), complex karyotype (p < .01) or K/NRAS (p = .03) mutations; seven of eight patients (88%) without vs four of 21 (19%) with complex karyotype or K/NRAS mutation achieved CR/CRi (p < .01); all 11 informative patients with pre-leukemic PV/post-PV myelofibrosis phenotype displayed complex karyotype (p < .01). In contrast, neither TP53 (p = .45) nor IDH1/2 (p = .63) mutations affected response. Compared to historical controls treated with HMA alone (n = 26), the CR/CRi rate (44% vs 4%) and median survival (8 vs 5.5 months) were more favorable with Ven + HMA, but without significant difference in overall survival. Importantly, six patients with CR/CRi subsequently received allogeneic hematopoietic stem cell transplant (AHSCT). Note, Ven + HMA produces robust CR/CRi rates in MPN-BP, especially in the absence of RAS mutations and complex karyotype, thus enabling AHSCT, in some patients.",American journal of hematology,2021.0,Journal Article; Multicenter Study,10.1002/ajh.26186,NCBI PubMed E-utilities,success,,PubMed co-mention retrieval baseline only; not evidence polarity classification.
repodb_04ab2c145755011f,Azacitidine,Myelofibrosis due to another disorder,clinical,"""Azacitidine"" AND ""Myelofibrosis due to another disorder"" AND (trial OR clinical OR patient OR therapy)",18385750,A phase II study of 5-azacitidine for patients with primary and post-essential thrombocythemia/polycythemia vera myelofibrosis.,"Myelofibrosis (MF; primary or post-essential thrombocythemia/polycythemia vera) is incurable clonal myeloproliferative disorder, with no effective treatment. Epigenetic changes play an important role in cancer pathogenesis through transcriptional silencing of critical tumor suppressor genes. We conducted a phase-II study to evaluate the activity of DNA methyltransferase inhibitor, 5-azacitidine, in patients with MF. Thirty-four patients (76% previously treated) received 5-azacitidine at 75 mg/m(2) subcutaneously daily for 7 days, every 4 weeks. Twelve (35%) patients had abnormal cytogenetics and 19 (70%) of 27 evaluable patients had JAK2(V617F) mutation. Responses occurred in 8 (24%) patients after a median of 5 months (range, 3-10). Partial response occurred in 1 (3%) patient (duration 22+ months) and clinical improvement in 7 (21%) patients (median duration 4 months; range, 2-8.5). Myelosuppression was the major adverse effect, with grade 3-4 neutropenia in 10 (29%) patients. Global DNA methylation assessed by the long interspersed nucleotide element (LINE) bisulfite/pyrosequencing assay decreased from 53% pretherapy to 44% on day 14 (P=0.0014) and returned to 50% at the end of the first 28-day cycle (P=0.016). 5-azacitidine is relatively well tolerated and results in induction of global hypomethylation in patients with MF, but results in limited clinical activity.",Leukemia,2008.0,"Clinical Trial, Phase II; Journal Article; Research Support, N.I.H., Extramural; Research Support, Non-U.S. Gov't",10.1038/leu.2008.91,NCBI PubMed E-utilities,success,,PubMed co-mention retrieval baseline only; not evidence polarity classification.
repodb_04ab2c145755011f,Azacitidine,Myelofibrosis due to another disorder,clinical,"""Azacitidine"" AND ""Myelofibrosis due to another disorder"" AND (trial OR clinical OR patient OR therapy)",36819176,Improved donor chimerism in relapse myelofibrosis post allogenic stem cell transplant with azacitidine and oral decitabine-First case report.,"To date, allogenic stem cell transplant (ASCT) remains the only potential curative option for patients with primary myelofibrosis (PMF). However, relapse rates and associated mortality remain a concern. A second ASCT may not be feasible due to advancing age, declined functional status, donor unavailability, toxicities associated with a second ASCT. Herein, we report the first case of utilizing initially azacitidine and subsequently oral decitabine + cedazuridine (decitabine), in the context of relapsed PMF post-ASCT. Utilizing both hypomethylating agents provided disease control and improved donor/myeloid lineage chimerism levels, and the patient also remained transfusion independent, with preserved functional status and quality of life.",EJHaem,2023.0,Case Reports; Journal Article,10.1002/jha2.611,NCBI PubMed E-utilities,success,,PubMed co-mention retrieval baseline only; not evidence polarity classification.
repodb_04ab2c145755011f,Azacitidine,Myelofibrosis due to another disorder,clinical,"""Azacitidine"" AND ""Myelofibrosis due to another disorder"" AND (trial OR clinical OR patient OR therapy)",41317203,TMEM91::TAL1 Fusion gene in a middle-aged female with rapid MDS to secondary AML progression: a case report.,"TMEM91::TAL1 fusion has been identified in glioblastoma but has never been documented in hematologic malignancies. We document the first presentation of the TMEM91::TAL1 fusion in a myelodysplastic syndrome (MDS) with rapid transition into secondary acute myeloid leukemia (sAML). A middle-aged female presented to the hematology clinic complaining primarily of fatigue and a workup revealing pancytopenia. Bone marrow (BM) biopsy demonstrated 8% blasts with myelodysplastic changes and secondary myelofibrosis. RNA sequencing detected the TMEM91::TAL1 fusion at 1.79% in the presence of normal cytogenetics and a minimal inhibitory DNMT3A mutation (1.3%). Despite multiple cycles of azacitidine, within one month, the patient had transitioned into sAML with blasts increased to 55% with heterogeneity in the sample, and TMEM91::TAL1 expression increased to 2.83%. The patient underwent haploidentical stem cell transplantation with complete remission and no evidence of TMEM91::TAL1 fusion. The TMEM91::TAL1 fusion (resulting from a breakpoint at exon 3 of TMEM91 and exon 5 of TAL1) was detected by RNA-seq while not detected by whole genome sequencing. The expression of TMEM91::TAL1 fusion increased with the progression from MDS to sAML and was eliminated after HSCT. This case illustrates the value of comprehensive molecular profiling, including RNA-seq, in cases of rapidly progressive MDS that cannot be diagnosed through standard molecular diagnostics. The temporal relationship between expression of the fusions and disease progression warrants additional studies of TMEM91::TAL1 in myeloid malignancies.","Hematology (Amsterdam, Netherlands)",2025.0,Journal Article; Case Reports,10.1080/16078454.2025.2594370,NCBI PubMed E-utilities,success,,PubMed co-mention retrieval baseline only; not evidence polarity classification.
repodb_04ab2c145755011f,Azacitidine,Myelofibrosis due to another disorder,negative,"""Azacitidine"" AND ""Myelofibrosis due to another disorder"" AND (failed OR failure OR ineffective OR toxicity OR adverse OR discontinued)",25189730,Rationale for combination therapy in myelofibrosis.,"Agents targeting the JAK-STAT pathway have dominated the investigational therapeutic portfolio over the last five years resulting in the first and only approved agent for the treatment of patients with myelofibrosis (MF). However, chromatin modifying agents, anti-fibrosing agents, and other signaling pathway inhibitors have also demonstrated activity and offer the potential to improve upon the clinical success of JAK2 inhibition. Due to the complex pathobiological mechanisms underlying MF, it is likely that a combination of biologically active therapies will be required to target the MF hematopoietic stem cell in order to achieve significant disease course modification. Ruxolitinib in partnership with panobinostat, decitabine, and LDE225 are being evaluated in current combination therapy trials based on pre-clinical studies that provide strong scientific rationale. The rationale of combination of danazol or lenalidomide with ruxolitinib is mainly based on mitigation of anti-JAK2-mediated myelosuppression. Combination trials of ruxolitinib and novel anti-fibrosing agents such as PRM-151 represent an attempt to address therapeutic limitations of JAK2 inhibitors such as reversal of bone marrow fibrosis. Ruxolitinib is also being incorporated in novel treatment strategies in the setting of hematopoietic stem cell transplantation for MF. As the pathogenetic mechanisms are better understood, potential drug combinations in MF will increase dramatically and demonstration of biologic activity in effective preclinical models will be required to efficiently evaluate the most active combinations with least toxicity in future trials. This manuscript will address the proposed goals of combination therapy approach and review the state of the art in combination experimental therapy for MF.",Best practice & research. Clinical haematology,2014.0,"Journal Article; Research Support, Non-U.S. Gov't; Review",10.1016/j.beha.2014.07.009,NCBI PubMed E-utilities,success,,PubMed co-mention retrieval baseline only; not evidence polarity classification.
repodb_04ab2c145755011f,Azacitidine,Myelofibrosis due to another disorder,negative,"""Azacitidine"" AND ""Myelofibrosis due to another disorder"" AND (failed OR failure OR ineffective OR toxicity OR adverse OR discontinued)",30675650,New Concepts of Treatment for Patients with Myelofibrosis.,"Seven years after the approval of the Janus kinase 1/2 (JAK1/2) inhibitor ruxolitinib, it remains the only drug licensed for the treatment of myelofibrosis. Patients who discontinue ruxolitinib have a dismal outcome, and this is, therefore, an area of significant unmet need. Given the central role that JAK-signal transducer and activator of transcription (STAT) activation plays in disease pathogenesis, there have been many other JAK inhibitors tested, but most have been abandoned, for a variety of reasons. The JAK2-selective inhibitor fedratinib has recently been resurrected, and there has been a resurgence of interest in the failed JAK1/2 inhibitor momelotinib, which possibly improves anemia. Pacritinib, a non-myelosuppressive JAK2-selective inhibitor, is currently in a dose-ranging study mandated by regulatory authorities. A plethora of other targeted agents, most backed by preclinical data, are in various stages of investigation. These include epigenetic and immune therapies, agents targeting cellular survival, metabolic and apoptotic pathways, the cell cycle, DNA repair, and protein folding and degradation, among others. However, at this time, none of these is close to registration or even in a pivotal trial, illustrating the difficulties in recapitulating the clinical disease in preclinical models. Most current clinical trials are testing the addition of a novel agent to ruxolitinib, either in the frontline setting or in the context of an insufficient response to ruxolitinib, or attempting to study new drugs in the second-line, ""ruxolitinib failure"" setting. Emerging data supports the addition of azacitidine to ruxolitinib in some patients. Other strategies have focused on improving cytopenias, through amelioration of bone marrow fibrosis or other mechanisms. This is important, because cytopenias are the commonest reason for ruxolitinib interruption and/or dose reduction, and dose optimization of ruxolitinib is tied to its survival benefit. The activin receptor ligand trap, sotatercept, and the anti-fibrotic agent, PRM-151, have shown promise in this regard.",Current treatment options in oncology,2019.0,"Journal Article; Research Support, N.I.H., Extramural; Review",10.1007/s11864-019-0604-y,NCBI PubMed E-utilities,success,,PubMed co-mention retrieval baseline only; not evidence polarity classification.
repodb_04ab2c145755011f,Azacitidine,Myelofibrosis due to another disorder,negative,"""Azacitidine"" AND ""Myelofibrosis due to another disorder"" AND (failed OR failure OR ineffective OR toxicity OR adverse OR discontinued)",37424984,Rapid Hepatomegaly From Ruxolitinib Discontinuation Syndrome.,"Ruxolitinib (RUX) is a Food and Drug Administration-approved Janus Kinase (JAK) inhibitor shown to be effective in improving hypercatabolic symptoms and splenomegaly in patients with myelofibrosis (MF). RUX therapy provides symptomatic benefits for MF patients but is often discontinued for various reasons including worsening cytopenias. Ruxolitinib Discontinuation Syndrome (RDS) involves an acute cytokine-storm rebound phenomenon that can manifest as an acute relapse of symptoms, worsening splenomegaly, respiratory distress, systemic inflammatory response syndrome, or disseminated intravascular coagulopathy. We present the case of a patient with JAK2-positive post-polycythemia vera MF, whose RUX therapy was discontinued due to an active gastrointestinal (GI) bleed and worsening cytopenias. The patient had recently started azacitidine and was on the drug combination prior to hospitalization. The patient developed what appears to be the first case of acute onset accelerated massive hepatomegaly, a previously undescribed clinical manifestation of RDS. Although rare, medical professionals should maintain a high suspicion of RDS in hospitalized patients following the discontinuation of RUX.",HCA healthcare journal of medicine,2023.0,Case Reports; Journal Article,10.36518/2689-0216.1518,NCBI PubMed E-utilities,success,,PubMed co-mention retrieval baseline only; not evidence polarity classification.
repodb_04ab2c145755011f,Azacitidine,Myelofibrosis due to another disorder,negative,"""Azacitidine"" AND ""Myelofibrosis due to another disorder"" AND (failed OR failure OR ineffective OR toxicity OR adverse OR discontinued)",33547022,Forsaken Pharmaceutical: Glasdegib in Acute Myeloid Leukemia and Myeloid Diseases.,"Advancements in the understanding of the pathogenesis of acute myeloid leukemia (AML) have led to the introduction and approval of a number of novel drugs in AML. Glasdegib, an oral hedgehog pathway inhibitor, was approved in 2018 in combination with low-dose cytarabine for the treatment of newly diagnosed AML in patients unfit for intensive chemotherapy. In this review, we discuss the preclinical rationale for glasdegib, important clinical trials that led to glasdegib's approval, and future trials of glasdegib in AML and other myeloid diseases. Notably, 2 large randomized, placebo-controlled phase 3 trials (AML BRIGHT 1019) are currently recruiting patients with newly diagnosed AML to evaluate glasdegib in combination with intensive chemotherapy or azacitidine, depending on the patient's ability to tolerate induction chemotherapy. While glasdegib and low-dose cytarabine have been eclipsed by venetoclax and hypomethylating agent combinations for newly diagnosed AML in the United States, we discuss other areas where glasdegib may still have an opportunity to improve outcomes in this devastating disease.","Clinical lymphoma, myeloma & leukemia",2021.0,Journal Article; Review,10.1016/j.clml.2020.12.007,NCBI PubMed E-utilities,success,,PubMed co-mention retrieval baseline only; not evidence polarity classification.
repodb_04ab2c145755011f,Azacitidine,Myelofibrosis due to another disorder,negative,"""Azacitidine"" AND ""Myelofibrosis due to another disorder"" AND (failed OR failure OR ineffective OR toxicity OR adverse OR discontinued)",30502848,Bone Marrow Fibrosis and Early Hematological Response as Predictors of Poor Outcome in Azacitidine Treated High Risk-Patients With Myelodysplastic Syndromes or Acute Myeloid Leukemia.,"Azacitidine (AZA) treatment is effective treatment for patients with myeloid disorders, and factors predictive of treatment outcome are under investigation. Little is known about the effect of bone marrow fibrosis on response to AZA therapy. We, retrospectively, evaluated clinical predictors of overall survival (OS) and overall response rate (ORR) for patients treated with AZA in a real-life cohort. We evaluated 94 consecutive patients treated with AZA outside of clinical trials (75mg/m2/day for 7 days every 28 days; 5 + 2 + 2 schedule), from June 2009 to February 2016. Ninety-three patients were evaluated for response. After a median of 6 cycles, ORR-complete response (CR; including marrow CR) + partial response (PR) + hematological improvement (HI)-was 41.9% (CR = 18.3%; PR = 11.8%; HI = 11.8%). Stable disease was observed in 21.5%, and failure in 36.5%. Pre-AZA bone marrow blast percentage, International Prognostic Scoring System (IPSS) or IPSS-R category, and time from diagnosis to AZA had no effect on response. Median OS from start of therapy was 18.5 months, and was significantly related to higher IPSS category (P = .01), poor cytogenetics according to the IPSS (P = .01), poor and very poor cytogenetics according to the IPSS-R (P = .02), and lower ORR (P = .006). Patients with MF-0 pre-AZA demonstrated significantly higher ORR, (CR + PR + HI) and stable disease, and lower failure rates than those with any grade of fibrosis. Indeed, cases with pre-AZA fibrosis > MF-1 had shorter OS (P = .005). Achievement of HI before 4 cycles of treatment negatively impacted OS (P = .009).",Seminars in hematology,2018.0,"Journal Article; Research Support, Non-U.S. Gov't; Review",10.1053/j.seminhematol.2018.02.005,NCBI PubMed E-utilities,success,,PubMed co-mention retrieval baseline only; not evidence polarity classification.
repodb_04ab2c145755011f,Azacitidine,Myelofibrosis due to another disorder,negative,"""Azacitidine"" AND ""Myelofibrosis due to another disorder"" AND (failed OR failure OR ineffective OR toxicity OR adverse OR discontinued)",23826641,Panobinostat in lymphoid and myeloid malignancies.,"Histone deacetylase inhibitors (HDACIs) are a class of antineoplastic agent targeting the epigenome, specifically chromatin remodelling, resulting in modulation of genes responsible for apoptosis and cell cycle regulation, and also hyperacetylation of many non-histone proteins. Panobinostat is a potent pan-histone inhibitor of HDAC enzymes implicated in cancer development and progression. Activity has been demonstrated in hematological diseases, such as cutaneous T-cell lymphoma (CTCL), Hodgkin lymphoma (HL), myeloma and myeloid malignancies. We discuss basic pharmacology, followed by early phase trial results and analyse recent large Phase II trials in HL, CTCL, myeloid malignancies and Waldenstrom's macroglobulinemia (WM). Future directions for drug development including potential predictive biomarkers are considered. The results of Phase II trials prove that oral panobinostat is deliverable with dosing regimens of three times per week, either weekly or biweekly. The major hematologic side-effect of myelosuppression, in particular thrombocytopenia, is transient and manageable, as are the non-hematologic side-effects. Encouraging responses are observed in HL, CTCL, myelofibrosis and WM. The safety and efficacy results from studies of combination therapy with azacitidine in acute myeloid leukemia and myelodysplastic syndromes suggest that this agent may find a place in the management of a range of hematologic cancers.",Expert opinion on investigational drugs,2013.0,Journal Article; Review,10.1517/13543784.2013.815165,NCBI PubMed E-utilities,success,,PubMed co-mention retrieval baseline only; not evidence polarity classification.
repodb_04ab2c145755011f,Azacitidine,Myelofibrosis due to another disorder,negative,"""Azacitidine"" AND ""Myelofibrosis due to another disorder"" AND (failed OR failure OR ineffective OR toxicity OR adverse OR discontinued)",37042080,Phase 1/1b study of azacitidine and hedgehog pathway inhibitor sonidegib in patients with myeloid neoplasms.,"Myeloid neoplasms (myelodysplastic syndrome [MDS], myelofibrosis, and chronic myelomonocytic [CMML]) are aggressive hematological malignancies for which, despite recent approvals, novel therapies are needed to improve clinical outcomes. The hedgehog (HH) pathway is one of the main pathways for cancer stem cells survival and several HH inhibitors (HHi) are approved in clinical practice. Sonidegib (SON), an oral HHi, was tested in this phase 1/1b trial in combination with azacitidine (AZA, 75 mg/m2 days ×7) in patients with newly diagnosed and relapsed/refractory (r/r) chronic MN or acute myeloid leukemia (AML). Sixty-two patients (28 [45%] newly diagnosed) were treated in this study, including 10 patients in the dose-finding component and 52 patients in phase 1b. SON 200 mg oral daily on days 1-28 each cycle was deemed the recommended dose for phase 1b. Out of 21 rrAML patients, two achieved response (one complete response/one morphologic leukemia-free state) with no responses seen in seven r/r MDS/CMML patients. In newly diagnosed AML/MDS, response was seen in six (three had complete remission, two had morphological leukemia-free status) of 27 patients. Median overall survival was 26.4 and 4.7 months for newly diagnosed MDS and AML, respectively. Safety was satisfactory with common (>20%) side effects including fatigue, constipation, nausea, cough, insomnia, and diarrhea. Only 7% of patients died in the study, and none of the deaths were deemed related to treatment. Our study shows that AZA + SON are a safe combination in a patient with MN. Similar to other hedgehog inhibitors, this combination yielded limited response rate in patients with myeloid neoplasms.",Cancer,2023.0,"Clinical Trial, Phase I; Journal Article; Research Support, N.I.H., Extramural",10.1002/cncr.34800,NCBI PubMed E-utilities,success,,PubMed co-mention retrieval baseline only; not evidence polarity classification.
repodb_04ab2c145755011f,Azacitidine,Myelofibrosis due to another disorder,negative,"""Azacitidine"" AND ""Myelofibrosis due to another disorder"" AND (failed OR failure OR ineffective OR toxicity OR adverse OR discontinued)",39250708,A multicenter phase 2 clinical trial of low-dose subcutaneous decitabine in myelofibrosis.,"Myelofibrosis (MF) in the chronic phase is a challenging disease to treat, and conventional treatment options are geared toward symptom palliation. In this prospective, multicenter, phase 2 trial, 21 patients with MF (18 chronic phase, 2 accelerated phase, and 1 blast phase) were treated with a 10-day schedule of subcutaneous decitabine at 0.3 mg/kg per day. The overall response rate was 33% (95% confidence interval, 15-57), primarily manifested as an improvement in cytopenias. The median duration of response was 7 months (range, 3-44). A high International Prognostic Scoring System risk score, high baseline fetal hemoglobin level, and sustained decrease in circulating CD34+ cell counts were associated with response to decitabine. All patients experienced at least 1 grade 3/4 cytopenia. Nonhematologic toxicities were less frequent, with fatigue, anorexia, and hypocalcemia being the most common. Given the lack of effective therapies in MF with severe cytopenias, this study supports further investigation into the use of hypomethylating agents as single agents or in combination therapies. This trial was registered at www.ClinicalTrials.gov as #NCT00095784.",Blood advances,2024.0,"Journal Article; Clinical Trial, Phase II; Multicenter Study; Research Support, Non-U.S. Gov't; Research Support, N.I.H., Extramural",10.1182/bloodadvances.2024013215,NCBI PubMed E-utilities,success,,PubMed co-mention retrieval baseline only; not evidence polarity classification.
repodb_04ab2c145755011f,Azacitidine,Myelofibrosis due to another disorder,negative,"""Azacitidine"" AND ""Myelofibrosis due to another disorder"" AND (failed OR failure OR ineffective OR toxicity OR adverse OR discontinued)",30177138,Azacitidine for Relapse After Allogeneic Stem Cell Transplantation-Single-Center Study.,"Relapse is the leading cause of treatment failure for myeloid malignancies treated with allogeneic hematopoietic stem cell transplantation. Treatment options are very limited and use of azacitidine is one of the available options. This was a retrospective, single-institution study. Of 28 evaluated patients, 18 were males, and the median age was 60 years (range, 15-78). There were 15 patients with acute myeloid leukemia, 8 with myelodysplastic syndrome, 4 with chronic myelomonocytic leukemia, and 1 with primary myelofibrosis. Ten patients received azacitidine for overt relapse, 14 received it as a preemptive therapy, and 4 others received it as maintenance treatment after allo-hematopoietic cell transplant (HSCT). Eleven patients received a donor lymphocyte infusion (DLI). The patients received median 5 (1-9) cycles of azacitidine in preemptive and maintenance therapy and median 2.5 (1-9) cycles in patients with relapse. Thirty-nine percent of patients received DLIs. Median overall survival was 6.1 months (95% CI, 0.7-13) for relapse therapy vs 21.2 months (95% CI, 8.4-inf) for preemptive therapy. Among patients treated for relapse, 30% achieved temporary disease control and underwent the second allo-HSCT. A complete, cytogenetic remission was achieved in 50% of patients and stable minimal residual disease in 14% of patients in a group with preemptive therapy. Toxicity was considerable; neutropenia (71%), anemia (14%), thrombocytopenia (36%), and serious infections (36%) were observed in the preemptive setting. These data support the notion that azacitidine is best used as a preemptive therapy against relapse for patients after allo-HSCT performed for myeloid malignancy. Applying azacitidine as therapy for ongoing relapse after allo-HSCT may lead to stable disease and allow for better performance of the second allo-HSCT.",Transplantation proceedings,2018.0,Evaluation Study; Journal Article,10.1016/j.transproceed.2018.02.148,NCBI PubMed E-utilities,success,,PubMed co-mention retrieval baseline only; not evidence polarity classification.
repodb_04ab2c145755011f,Azacitidine,Myelofibrosis due to another disorder,negative,"""Azacitidine"" AND ""Myelofibrosis due to another disorder"" AND (failed OR failure OR ineffective OR toxicity OR adverse OR discontinued)",41761659,Efficacy and safety of Ruxolitinib-based combination therapy in the patients with Myelofibrosis (MF): a systematic review and meta-analysis.,"Myelofibrosis (MF) is a chronic myeloproliferative neoplasm. Although Ruxolitinib, a JAK1/2 inhibitor, remains the cornerstone of MF treatment, it does not reverse disease progression, and resistance frequently emerges. These limitations have prompted investigation into combination therapies targeting pathways beyond the JAK-STAT axis. This meta-analysis aims to evaluate the efficacy and safety of Ruxolitinib-based combination therapies in patients with MF. We conducted a systematic search of databases for studies published through August 1, 2025. Thirteen distinct Ruxolitinib-based combination regimens were included. Primary efficacy endpoints were ≥35% spleen volume reduction at 24 weeks (SVR35) and ≥50% reduction in total symptom score (TSS50). Safety endpoints focused on the incidence of grade 3/4 thrombocytopenia and anemia. Subgroup analyses were performed based on prior JAK inhibitor exposure and therapeutic mechanism of action. A total of 19 studies comprising 1,088 patients were included in the meta-analysis. Among JAK inhibitor-naïve patients, the combination of Ruxolitinib with Selinexor demonstrated the highest efficacy (SVR35: 92%; TSS50: 78%), followed by Ruxolitinib plus BMS-986158 (SVR35: 90%). For patients with prior JAK inhibitor exposure, Ruxolitinib plus Siremadlin (SVR35: 45%) showed notable activity. For JAK inhibitor-naïve patients, Ruxolitinib-based combination regimens demonstrated satisfactory clinical responses and the potential for meaningful disease control. For patients with prior JAK inhibitor exposure, the addition of combination therapy drugs may further enhance the efficacy. Personalized treatment selection remains essential, as therapeutic efficacy is significantly influenced by prior JAK inhibitor exposure.",Annals of medicine,2026.0,Journal Article; Systematic Review; Meta-Analysis,10.1080/07853890.2026.2634532,NCBI PubMed E-utilities,success,,PubMed co-mention retrieval baseline only; not evidence polarity classification.
repodb_04ab2c145755011f,Azacitidine,Myelofibrosis due to another disorder,negative,"""Azacitidine"" AND ""Myelofibrosis due to another disorder"" AND (failed OR failure OR ineffective OR toxicity OR adverse OR discontinued)",33844862,Venetoclax with azacitidine or decitabine in blast-phase myeloproliferative neoplasm: A multicenter series of 32 consecutive cases.,"Venetoclax (Ven) combined with a hypomethylating agent (HMA) has now emerged as an effective treatment regimen for acute myeloid leukemia, in both de novo and relapsed/refractory setting. The current multicenter study retrospectively examined Ven + HMA treatment outcome among 32 patients (median age 69 years; 59% males) with blast-phase myeloproliferative neoplasm (MPN-BP). Pre-leukemic phenotype included essential thrombocythemia (ET)/post-ET myelofibrosis (34%), polycythemia vera (PV)/post-PV myelofibrosis (38%) and primary myelofibrosis (28%). Twenty-nine study patients were fully annotated cytogenetically and molecularly (NGS): 69% harbored complex karyotype and/or mutations, including TP53 (41%), IDH1/2 (21%), ASXL1 (21%), N/KRAS (14%), SRSF2 (10%), EZH2 (10%) and U2AF1 (7%). All patients received Ven combined with either azacitidine (n = 12) or decitabine (n = 20); either up front (n = 23) or after failing another induction therapy (n = 9). Complete remission with (CR) or without (CRi) count recovery was achieved in 14 (44%) patients and was more likely to occur in the absence of pre-leukemic PV/post-PV myelofibrosis phenotype (p < .01), complex karyotype (p < .01) or K/NRAS (p = .03) mutations; seven of eight patients (88%) without vs four of 21 (19%) with complex karyotype or K/NRAS mutation achieved CR/CRi (p < .01); all 11 informative patients with pre-leukemic PV/post-PV myelofibrosis phenotype displayed complex karyotype (p < .01). In contrast, neither TP53 (p = .45) nor IDH1/2 (p = .63) mutations affected response. Compared to historical controls treated with HMA alone (n = 26), the CR/CRi rate (44% vs 4%) and median survival (8 vs 5.5 months) were more favorable with Ven + HMA, but without significant difference in overall survival. Importantly, six patients with CR/CRi subsequently received allogeneic hematopoietic stem cell transplant (AHSCT). Note, Ven + HMA produces robust CR/CRi rates in MPN-BP, especially in the absence of RAS mutations and complex karyotype, thus enabling AHSCT, in some patients.",American journal of hematology,2021.0,Journal Article; Multicenter Study,10.1002/ajh.26186,NCBI PubMed E-utilities,success,,PubMed co-mention retrieval baseline only; not evidence polarity classification.
repodb_04ab2c145755011f,Azacitidine,Myelofibrosis due to another disorder,negative,"""Azacitidine"" AND ""Myelofibrosis due to another disorder"" AND (failed OR failure OR ineffective OR toxicity OR adverse OR discontinued)",18385750,A phase II study of 5-azacitidine for patients with primary and post-essential thrombocythemia/polycythemia vera myelofibrosis.,"Myelofibrosis (MF; primary or post-essential thrombocythemia/polycythemia vera) is incurable clonal myeloproliferative disorder, with no effective treatment. Epigenetic changes play an important role in cancer pathogenesis through transcriptional silencing of critical tumor suppressor genes. We conducted a phase-II study to evaluate the activity of DNA methyltransferase inhibitor, 5-azacitidine, in patients with MF. Thirty-four patients (76% previously treated) received 5-azacitidine at 75 mg/m(2) subcutaneously daily for 7 days, every 4 weeks. Twelve (35%) patients had abnormal cytogenetics and 19 (70%) of 27 evaluable patients had JAK2(V617F) mutation. Responses occurred in 8 (24%) patients after a median of 5 months (range, 3-10). Partial response occurred in 1 (3%) patient (duration 22+ months) and clinical improvement in 7 (21%) patients (median duration 4 months; range, 2-8.5). Myelosuppression was the major adverse effect, with grade 3-4 neutropenia in 10 (29%) patients. Global DNA methylation assessed by the long interspersed nucleotide element (LINE) bisulfite/pyrosequencing assay decreased from 53% pretherapy to 44% on day 14 (P=0.0014) and returned to 50% at the end of the first 28-day cycle (P=0.016). 5-azacitidine is relatively well tolerated and results in induction of global hypomethylation in patients with MF, but results in limited clinical activity.",Leukemia,2008.0,"Clinical Trial, Phase II; Journal Article; Research Support, N.I.H., Extramural; Research Support, Non-U.S. Gov't",10.1038/leu.2008.91,NCBI PubMed E-utilities,success,,PubMed co-mention retrieval baseline only; not evidence polarity classification.
repodb_04ab2c145755011f,Azacitidine,Myelofibrosis due to another disorder,negative,"""Azacitidine"" AND ""Myelofibrosis due to another disorder"" AND (failed OR failure OR ineffective OR toxicity OR adverse OR discontinued)",36819176,Improved donor chimerism in relapse myelofibrosis post allogenic stem cell transplant with azacitidine and oral decitabine-First case report.,"To date, allogenic stem cell transplant (ASCT) remains the only potential curative option for patients with primary myelofibrosis (PMF). However, relapse rates and associated mortality remain a concern. A second ASCT may not be feasible due to advancing age, declined functional status, donor unavailability, toxicities associated with a second ASCT. Herein, we report the first case of utilizing initially azacitidine and subsequently oral decitabine + cedazuridine (decitabine), in the context of relapsed PMF post-ASCT. Utilizing both hypomethylating agents provided disease control and improved donor/myeloid lineage chimerism levels, and the patient also remained transfusion independent, with preserved functional status and quality of life.",EJHaem,2023.0,Case Reports; Journal Article,10.1002/jha2.611,NCBI PubMed E-utilities,success,,PubMed co-mention retrieval baseline only; not evidence polarity classification.
repodb_04ab2c145755011f,Azacitidine,Myelofibrosis due to another disorder,negative,"""Azacitidine"" AND ""Myelofibrosis due to another disorder"" AND (failed OR failure OR ineffective OR toxicity OR adverse OR discontinued)",28679989,[Myelodysplastic syndrome with myelofibrosis in which azacitidine therapy was effective and cord blood transplantation was carried out].,"Myelodysplastic syndrome with myelofibrosis (MDS-F) is a disease with a poor prognosis, and patients with this condition are at an increased risk of engraftment failures after allogeneic hematopoietic stem cell transplantation (SCT). Azacitidine (AZA) is effective in high-risk MDS patients. However, the effects of AZA on MDS-F have not been elucidated. AZA was administered to a 62-year-old male with MDS-F for 7 days at a dose of 75 mg/m2. Hematological improvements were observed after only 1 course of treatment. No suitable donor was found through the Japan Marrow Donor Program; therefore, the patient underwent umbilical cord blood transplant (UCBT). Neutrophil engraftment was observed on day 21 after the transplant procedure. He developed acute graft versus host disease (GVHD) of the skin (stage 3/grade II), but it could be controlled using prednisolone. Chronic GVHD was not observed and he was discharged in good general condition on day 68. While treatment prior to allogeneic SCT of MDS-F has not been established, in the present case, the hematological improvement brought about by AZA likely contributed to the patient's positive response to UCBT.",[Rinsho ketsueki] The Japanese journal of clinical hematology,2017.0,Case Reports; Journal Article; Review,10.11406/rinketsu.58.601,NCBI PubMed E-utilities,success,,PubMed co-mention retrieval baseline only; not evidence polarity classification.
repodb_04ab2c145755011f,Azacitidine,Myelofibrosis due to another disorder,negative,"""Azacitidine"" AND ""Myelofibrosis due to another disorder"" AND (failed OR failure OR ineffective OR toxicity OR adverse OR discontinued)",42005175,Sequential Transformation of Polycythemia Vera to Myelofibrosis and KMT2A-Rearranged Acute Myeloid Leukemia Treated With Revumenib: A Rare Case of Clonal Evolution.,"Transformation of polycythemia vera (PV) into post-polycythemic myelofibrosis (MF) and subsequently acute myeloid leukemia (AML) represents one of the most aggressive trajectories among myeloproliferative neoplasms (MPNs). Post-MPN AML carries a median survival of approximately six months, particularly among older adults with adverse cytogenetics. We report the case of a 73-year-old man with JAK2-positive PV diagnosed in 2020 who progressed to MF in 2024 and developed AML later that year. Cytogenetic analysis revealed a KMT2A (11q23) rearrangement with KMT2A::ELL fusion, a finding rarely described in secondary AML arising from MPNs. Due to advanced age, transfusion dependence, and significant cardiovascular comorbidities, the patient was not a candidate for intensive chemotherapy or hematopoietic stem cell transplantation. He was initially treated with azacitidine and venetoclax but demonstrated disease progression. In the setting of a KMT2A::ELL fusion, therapy was transitioned to the menin inhibitor revumenib, resulting in short-term clinical stability and tolerability under continued supportive care.",Cureus,2026.0,Case Reports; Journal Article,10.7759/cureus.105413,NCBI PubMed E-utilities,success,,PubMed co-mention retrieval baseline only; not evidence polarity classification.
repodb_04ab2c145755011f,Azacitidine,Myelofibrosis due to another disorder,mechanism,"""Azacitidine"" AND ""Myelofibrosis due to another disorder"" AND (mechanism OR target OR pathway)",27672139,Pharmacologic management of myelofibrosis.,"Myelofibrosis is a BCR-ABL-negative myeloproliferative neoplasm characterized by abnormal hematopoiesis. Alterations to the Janus kinase-signal transducer and activator of transcription pathway result in dysregulation of gene transcription and cell proliferation. Patients with symptomatic myelofibrosis present with a variety of signs and symptoms including, but not limited to myelosuppression, marked splenomegaly, abdominal discomfort, fatigue, and blood transfusion-dependence. Traditional myelosuppressive therapies including hydroxyurea, azacitidine, and cladribine aim to reduce constitutional symptoms and control the burden of disease. Immunomodulators can potentially reverse anemia associated with myelofibrosis, but are poorly tolerated by most patients. The novel Janus kinase 2 (JAK2) inhibitor, ruxolitinib, has demonstrated marked improvements to constitutional symptoms and splenomegaly. While survival benefit has not yet been demonstrated, continued research into pharmacologic management of myelofibrosis offers the promise of altering the course of disease progression.",Journal of oncology pharmacy practice : official publication of the International Society of Oncology Pharmacy Practitioners,2017.0,Journal Article; Review,10.1177/1078155216670229,NCBI PubMed E-utilities,success,,PubMed co-mention retrieval baseline only; not evidence polarity classification.
repodb_04ab2c145755011f,Azacitidine,Myelofibrosis due to another disorder,mechanism,"""Azacitidine"" AND ""Myelofibrosis due to another disorder"" AND (mechanism OR target OR pathway)",25189730,Rationale for combination therapy in myelofibrosis.,"Agents targeting the JAK-STAT pathway have dominated the investigational therapeutic portfolio over the last five years resulting in the first and only approved agent for the treatment of patients with myelofibrosis (MF). However, chromatin modifying agents, anti-fibrosing agents, and other signaling pathway inhibitors have also demonstrated activity and offer the potential to improve upon the clinical success of JAK2 inhibition. Due to the complex pathobiological mechanisms underlying MF, it is likely that a combination of biologically active therapies will be required to target the MF hematopoietic stem cell in order to achieve significant disease course modification. Ruxolitinib in partnership with panobinostat, decitabine, and LDE225 are being evaluated in current combination therapy trials based on pre-clinical studies that provide strong scientific rationale. The rationale of combination of danazol or lenalidomide with ruxolitinib is mainly based on mitigation of anti-JAK2-mediated myelosuppression. Combination trials of ruxolitinib and novel anti-fibrosing agents such as PRM-151 represent an attempt to address therapeutic limitations of JAK2 inhibitors such as reversal of bone marrow fibrosis. Ruxolitinib is also being incorporated in novel treatment strategies in the setting of hematopoietic stem cell transplantation for MF. As the pathogenetic mechanisms are better understood, potential drug combinations in MF will increase dramatically and demonstration of biologic activity in effective preclinical models will be required to efficiently evaluate the most active combinations with least toxicity in future trials. This manuscript will address the proposed goals of combination therapy approach and review the state of the art in combination experimental therapy for MF.",Best practice & research. Clinical haematology,2014.0,"Journal Article; Research Support, Non-U.S. Gov't; Review",10.1016/j.beha.2014.07.009,NCBI PubMed E-utilities,success,,PubMed co-mention retrieval baseline only; not evidence polarity classification.
repodb_04ab2c145755011f,Azacitidine,Myelofibrosis due to another disorder,mechanism,"""Azacitidine"" AND ""Myelofibrosis due to another disorder"" AND (mechanism OR target OR pathway)",30675650,New Concepts of Treatment for Patients with Myelofibrosis.,"Seven years after the approval of the Janus kinase 1/2 (JAK1/2) inhibitor ruxolitinib, it remains the only drug licensed for the treatment of myelofibrosis. Patients who discontinue ruxolitinib have a dismal outcome, and this is, therefore, an area of significant unmet need. Given the central role that JAK-signal transducer and activator of transcription (STAT) activation plays in disease pathogenesis, there have been many other JAK inhibitors tested, but most have been abandoned, for a variety of reasons. The JAK2-selective inhibitor fedratinib has recently been resurrected, and there has been a resurgence of interest in the failed JAK1/2 inhibitor momelotinib, which possibly improves anemia. Pacritinib, a non-myelosuppressive JAK2-selective inhibitor, is currently in a dose-ranging study mandated by regulatory authorities. A plethora of other targeted agents, most backed by preclinical data, are in various stages of investigation. These include epigenetic and immune therapies, agents targeting cellular survival, metabolic and apoptotic pathways, the cell cycle, DNA repair, and protein folding and degradation, among others. However, at this time, none of these is close to registration or even in a pivotal trial, illustrating the difficulties in recapitulating the clinical disease in preclinical models. Most current clinical trials are testing the addition of a novel agent to ruxolitinib, either in the frontline setting or in the context of an insufficient response to ruxolitinib, or attempting to study new drugs in the second-line, ""ruxolitinib failure"" setting. Emerging data supports the addition of azacitidine to ruxolitinib in some patients. Other strategies have focused on improving cytopenias, through amelioration of bone marrow fibrosis or other mechanisms. This is important, because cytopenias are the commonest reason for ruxolitinib interruption and/or dose reduction, and dose optimization of ruxolitinib is tied to its survival benefit. The activin receptor ligand trap, sotatercept, and the anti-fibrotic agent, PRM-151, have shown promise in this regard.",Current treatment options in oncology,2019.0,"Journal Article; Research Support, N.I.H., Extramural; Review",10.1007/s11864-019-0604-y,NCBI PubMed E-utilities,success,,PubMed co-mention retrieval baseline only; not evidence polarity classification.
repodb_04ab2c145755011f,Azacitidine,Myelofibrosis due to another disorder,mechanism,"""Azacitidine"" AND ""Myelofibrosis due to another disorder"" AND (mechanism OR target OR pathway)",42220537,Connective tissue diseases combined with chronic myelomonocytic leukemia and myelofibrosis: a case report and literature review.,"Connective tissue disease (CTD) is one of the common autoimmune diseases (AIDs). Chronic myelomonocytic leukemia (CMML) is a clonal hematopoietic stem cell disease characterized by peripheral blood monocytosis and bone marrow dysplasia, and it is frequently associated with autoimmune complications and secondary myelofibrosis (MF). This article reports a 52-year-old male patient with recurrent arthritis and fever as the main manifestations, for whom CTD was initially considered, and who received hormone and immunosuppressant combination therapy for 2 years 10 months. The patient still suffered from recurrent fever and severe anemia; further bone marrow cytology examinations revealed abnormal bone marrow hematopoiesis, and the final diagnosis was CTD complicated with CMML and MF (MF-3 grade). After the patient was transferred to the hematology department, we adopted the azacytidine + ruxolitinib dual-target regimen to simultaneously target autoimmune inflammation, malignant clonal hematopoiesis, and severe myelofibrosis. After treatment, the patient's fever and other systemic symptoms were significantly relieved, monocytosis was corrected, and severe anemia and thrombocytopenia were markedly improved.",Frontiers in immunology,2026.0,Journal Article; Case Reports; Review,10.3389/fimmu.2026.1685536,NCBI PubMed E-utilities,success,,PubMed co-mention retrieval baseline only; not evidence polarity classification.
repodb_04ab2c145755011f,Azacitidine,Myelofibrosis due to another disorder,mechanism,"""Azacitidine"" AND ""Myelofibrosis due to another disorder"" AND (mechanism OR target OR pathway)",33547022,Forsaken Pharmaceutical: Glasdegib in Acute Myeloid Leukemia and Myeloid Diseases.,"Advancements in the understanding of the pathogenesis of acute myeloid leukemia (AML) have led to the introduction and approval of a number of novel drugs in AML. Glasdegib, an oral hedgehog pathway inhibitor, was approved in 2018 in combination with low-dose cytarabine for the treatment of newly diagnosed AML in patients unfit for intensive chemotherapy. In this review, we discuss the preclinical rationale for glasdegib, important clinical trials that led to glasdegib's approval, and future trials of glasdegib in AML and other myeloid diseases. Notably, 2 large randomized, placebo-controlled phase 3 trials (AML BRIGHT 1019) are currently recruiting patients with newly diagnosed AML to evaluate glasdegib in combination with intensive chemotherapy or azacitidine, depending on the patient's ability to tolerate induction chemotherapy. While glasdegib and low-dose cytarabine have been eclipsed by venetoclax and hypomethylating agent combinations for newly diagnosed AML in the United States, we discuss other areas where glasdegib may still have an opportunity to improve outcomes in this devastating disease.","Clinical lymphoma, myeloma & leukemia",2021.0,Journal Article; Review,10.1016/j.clml.2020.12.007,NCBI PubMed E-utilities,success,,PubMed co-mention retrieval baseline only; not evidence polarity classification.
repodb_04ab2c145755011f,Azacitidine,Myelofibrosis due to another disorder,mechanism,"""Azacitidine"" AND ""Myelofibrosis due to another disorder"" AND (mechanism OR target OR pathway)",23826641,Panobinostat in lymphoid and myeloid malignancies.,"Histone deacetylase inhibitors (HDACIs) are a class of antineoplastic agent targeting the epigenome, specifically chromatin remodelling, resulting in modulation of genes responsible for apoptosis and cell cycle regulation, and also hyperacetylation of many non-histone proteins. Panobinostat is a potent pan-histone inhibitor of HDAC enzymes implicated in cancer development and progression. Activity has been demonstrated in hematological diseases, such as cutaneous T-cell lymphoma (CTCL), Hodgkin lymphoma (HL), myeloma and myeloid malignancies. We discuss basic pharmacology, followed by early phase trial results and analyse recent large Phase II trials in HL, CTCL, myeloid malignancies and Waldenstrom's macroglobulinemia (WM). Future directions for drug development including potential predictive biomarkers are considered. The results of Phase II trials prove that oral panobinostat is deliverable with dosing regimens of three times per week, either weekly or biweekly. The major hematologic side-effect of myelosuppression, in particular thrombocytopenia, is transient and manageable, as are the non-hematologic side-effects. Encouraging responses are observed in HL, CTCL, myelofibrosis and WM. The safety and efficacy results from studies of combination therapy with azacitidine in acute myeloid leukemia and myelodysplastic syndromes suggest that this agent may find a place in the management of a range of hematologic cancers.",Expert opinion on investigational drugs,2013.0,Journal Article; Review,10.1517/13543784.2013.815165,NCBI PubMed E-utilities,success,,PubMed co-mention retrieval baseline only; not evidence polarity classification.
repodb_04ab2c145755011f,Azacitidine,Myelofibrosis due to another disorder,mechanism,"""Azacitidine"" AND ""Myelofibrosis due to another disorder"" AND (mechanism OR target OR pathway)",16202688,Conventional and new treatment options for myelofibrosis with myeloid metaplasia.,"The pathogenetic mechanisms underlying the clonal myeloproliferation and reactive marrow fibrosis that characterize myelofibrosis with myeloid metaplasia (MMM) are poorly understood. Recent advances into the pathophysiology of the disease have not yet translated into effective therapeutic options for patients. There is no standard treatment, and no therapies identified yet, besides allogeneic stem cell transplantation, that will significantly change the natural history of MMM. Treatment is therefore palliative and is geared towards alleviating symptoms of the disease and improving blood counts. Conventional therapies for anemia include androgens and corticosteroids. Cytoreductive agents such as hydroxyurea are indicated for symptomatic organomegaly and the control of leucocytosis or thrombocytosis. Several novel agents have been investigated in the recent past, and include antiangiogenic agents and signal transduction inhibitors that target the angiogenic and fibrogenic cytokines that have been implicated in the pathogenesis of the detrimental bone marrow stromal reaction. Ultimately, an improved understanding of the biological factors that cause the clonal myeloproliferation in MMM will lead to the development of effective therapeutic interventions.",Seminars in oncology,2005.0,Journal Article; Review,10.1053/j.seminoncol.2005.06.014,NCBI PubMed E-utilities,success,,PubMed co-mention retrieval baseline only; not evidence polarity classification.
repodb_04ab2c145755011f,Azacitidine,Myelofibrosis due to another disorder,mechanism,"""Azacitidine"" AND ""Myelofibrosis due to another disorder"" AND (mechanism OR target OR pathway)",19500065,Epigenetic modifications: new therapeutic targets in primary myelofibrosis.,"Primary Myelofibrosis previously also known as Agnogenic Myeloid Metaplasia or Idiopathic Myelofibrosis is a complex myeloproliferative disease. Although the initial genetic insult that causes uncontrolled proliferation of the defective Hematopoietic Stem Cell/Hematopoietic Progenitor Cell is still elusive, literature is being enriched with reports on the molecular mechanisms that provide growth advantage to the mutant clone and the secondary events that lead to stem cell mobilization, bone marrow fibrosis, osteosclerosis and angiogenesis. Identification of these mechanisms reveals dys-regulation of genes. Dys-regulation of genes that causes silencing of the tumor suppressors is of common occurrence in various cancers. Treatment methods have been targeted against the causative chromatin modifying agents such as DNA methyl transferases and Histone Deacetylases. Ensued success with inhibitors of these agents in the treatment of various cancers has gained precedent in the treatment of Primary Myelofibrosis. In vitro experiments with DNA methyl transferase inhibitors and HDAC inhibitors on patient samples provide promising results and clinical trials for the treatments of PMF patients are under way. Positive outcomes of such clinical trials could pave way for better treatment strategies for this complex disorder and improve the quality of life of these patients.",Current stem cell research & therapy,2009.0,Journal Article; Review,10.2174/157488809789649223,NCBI PubMed E-utilities,success,,PubMed co-mention retrieval baseline only; not evidence polarity classification.
repodb_04ab2c145755011f,Azacitidine,Myelofibrosis due to another disorder,mechanism,"""Azacitidine"" AND ""Myelofibrosis due to another disorder"" AND (mechanism OR target OR pathway)",41761659,Efficacy and safety of Ruxolitinib-based combination therapy in the patients with Myelofibrosis (MF): a systematic review and meta-analysis.,"Myelofibrosis (MF) is a chronic myeloproliferative neoplasm. Although Ruxolitinib, a JAK1/2 inhibitor, remains the cornerstone of MF treatment, it does not reverse disease progression, and resistance frequently emerges. These limitations have prompted investigation into combination therapies targeting pathways beyond the JAK-STAT axis. This meta-analysis aims to evaluate the efficacy and safety of Ruxolitinib-based combination therapies in patients with MF. We conducted a systematic search of databases for studies published through August 1, 2025. Thirteen distinct Ruxolitinib-based combination regimens were included. Primary efficacy endpoints were ≥35% spleen volume reduction at 24 weeks (SVR35) and ≥50% reduction in total symptom score (TSS50). Safety endpoints focused on the incidence of grade 3/4 thrombocytopenia and anemia. Subgroup analyses were performed based on prior JAK inhibitor exposure and therapeutic mechanism of action. A total of 19 studies comprising 1,088 patients were included in the meta-analysis. Among JAK inhibitor-naïve patients, the combination of Ruxolitinib with Selinexor demonstrated the highest efficacy (SVR35: 92%; TSS50: 78%), followed by Ruxolitinib plus BMS-986158 (SVR35: 90%). For patients with prior JAK inhibitor exposure, Ruxolitinib plus Siremadlin (SVR35: 45%) showed notable activity. For JAK inhibitor-naïve patients, Ruxolitinib-based combination regimens demonstrated satisfactory clinical responses and the potential for meaningful disease control. For patients with prior JAK inhibitor exposure, the addition of combination therapy drugs may further enhance the efficacy. Personalized treatment selection remains essential, as therapeutic efficacy is significantly influenced by prior JAK inhibitor exposure.",Annals of medicine,2026.0,Journal Article; Systematic Review; Meta-Analysis,10.1080/07853890.2026.2634532,NCBI PubMed E-utilities,success,,PubMed co-mention retrieval baseline only; not evidence polarity classification.
repodb_04ab2c145755011f,Azacitidine,Myelofibrosis due to another disorder,mechanism,"""Azacitidine"" AND ""Myelofibrosis due to another disorder"" AND (mechanism OR target OR pathway)",42008361,Genomic evolution and natural history of myeloproliferative neoplasms on therapy.,"Philadelphia-negative myeloproliferative neoplasms are chronic blood neoplasms. Treatments control blood counts but disease can progress to myelofibrosis or acute myeloid leukaemia. We performed longitudinal whole-genome and targeted sequencing in 30 patients, integrating clonal dynamics with 7,986 blood counts and clinical histories. Distinct evolutionary patterns distinguished stable from progressive disease, with leukaemic transformation arising via TP53 loss, stepwise driver mutation acquisition within complex clones, or emergence of independent leukaemic clones. In contrast, stable disease showed long-term clonal equilibrium without new drivers. Phylogenetic analysis using 203 whole-genomes of haematopoietic colonies revealed age-appropriate polyclonal haematopoiesis in triple-negative essential thrombocythaemia and germline predisposition to thrombocytosis, supporting non-neoplastic origins. Therapy-associated mutagenesis was observed, including C>G mutations following azacitidine and characteristic T>A/T>G after hydroxycarbamide exposure in blood cells, although not in skin where UV damage predominated. These findings demonstrate progression is genomically encoded years in advance and support serial monitoring and further study of treatment-related mutagenesis.",Cancer discovery,2026.0,Journal Article,10.1158/2159-8290.CD-26-0410,NCBI PubMed E-utilities,success,,PubMed co-mention retrieval baseline only; not evidence polarity classification.
repodb_04ab2c145755011f,Azacitidine,Myelofibrosis due to another disorder,mechanism,"""Azacitidine"" AND ""Myelofibrosis due to another disorder"" AND (mechanism OR target OR pathway)",7519473,Growth and differentiation of the human megakaryoblastic cell line (ELF-153): a model for early stages of megakaryocytopoiesis.,"ELF-153 is a cell line that has been established from a patient with a poorly differentiated acute myeloid leukemia associated with an acute myelofibrosis. A majority of cells had a blast morphology with the phenotype of a myeloid hematopoietic progenitor, ie, CD34+, CD33+, CD13+, HLA-DR+, but CD38-, and the remaining cells (5% to 10%) expressed platelet restricted proteins such as CD41, CD42, CD36, CD61, and von Willebrand factor; some of them were polyploid (up to 32N) and exhibited demarcation membranes and alpha granules. No erythroid or other lineage-specific markers were detected. Proliferation of ELF-153 cells was highly stimulated by interleukin-3 (IL-3) and granulocyte-macrophage colony-stimulating factor and to a lesser extent by stem cell factor and IL-6. In contrast, the cell line did not respond to erythropoietin, leukemia inhibitory factor, IL-7, IL-11, granulocyte colony-stimulating factor, and basic fibroblast growth factor. ELF-153 cells could be separated by flow cytometry into three discrete cell populations (CD34+/CD61-, CD34+/CD61+, and CD34-/CD61+) with different proliferative and endomitotic properties corresponding to distinct stages of the mega karyocyte (MK) differentiation. This MK differentiation, which involved a minority of ELF-153, could be increased in the presence of 5-azacytidine and phorbol ester, but could not be significantly modified by growth factors. By contrast, cytochalasin B dramatically induced polyploidization without differentiation. It is noteworthy that association of 5-azacytidine to cytochalasin B dramatically induced the production of polyploid MK cells. To understand the molecular mechanisms underlying this MK differentiation, the expression of GATA-1 and GATA-2 was investigated in subpopulations of ELF-153. A high level of GATA-1 and GATA-2 mRNA was only present in the CD61+ cells. Therefore, these two transactivating factors may play an important role in the MK differentiation of ELF-153. We conclude that ELF-153 might be an important tool to investigate the mechanisms by which transcription factors control differentiation of MK progenitors.",Blood,1994.0,"Journal Article; Research Support, Non-U.S. Gov't",,NCBI PubMed E-utilities,success,,PubMed co-mention retrieval baseline only; not evidence polarity classification.
repodb_04ab2c145755011f,Azacitidine,Myelofibrosis due to another disorder,mechanism,"""Azacitidine"" AND ""Myelofibrosis due to another disorder"" AND (mechanism OR target OR pathway)",23066032,Methylome profiling reveals distinct alterations in phenotypic and mutational subgroups of myeloproliferative neoplasms.,"Even though mutations in epigenetic regulators frequently occur in myeloproliferative neoplasms, their effects on the epigenome have not been well studied. Furthermore, even though primary myelofibrosis (PMF) has a markedly worse prognosis than essential thrombocytosis or polycythemia vera, the molecular distinctions between these subgroups are not well elucidated. We conducted the HELP (HpaII tiny fragment enriched by LM-PCR) assay to study genome-wide methylation in polycythemia vera, essential thrombocytosis, and PMF samples compared with healthy controls. We determined that polycythemia vera and essential thrombocytosis are characterized by aberrant promoter hypermethylation, whereas PMF is an epigenetically distinct subgroup characterized by both aberrant hyper- and hypomethylation. Aberrant hypomethylation in PMF was seen to occur in non-CpG island loci, showing further qualitative differences between the disease subgroups. The differentially methylated genes in polycythemia vera and essential thrombocytosis were involved predominantly in cell signaling pathways and were enriched for binding sites of GATA1 and other transcription factors. In contrast, aberrantly methylated genes in PMF were involved in inflammatory pathways and were enriched for NF1, LEF1, and other transcription factors. Within the PMF subgroup, cases with ASXL1 disruptions formed an epigenetically distinct subgroup with relatively increased methylation. Cases of myeloproliferative neoplasms (MPN) with TET2 mutations showed decreased levels of hydroxymethylation and distinct set of hypermethylated genes. In contrast, the JAK2V617F mutation did not drive epigenetic clustering within MPNs. Finally, the significance of aberrant methylation was shown by sensitivity of MPN-derived cell lines to decitabine. These results show epigenetic differences between PMF and polycythemia vera/essential thrombocytosis and reveal methylomic signatures of ASXL1 and TET2 mutations.",Cancer research,2013.0,"Journal Article; Research Support, N.I.H., Extramural; Research Support, Non-U.S. Gov't",10.1158/0008-5472.CAN-12-0735,NCBI PubMed E-utilities,success,,PubMed co-mention retrieval baseline only; not evidence polarity classification.
repodb_04ab2c145755011f,Azacitidine,Myelofibrosis due to another disorder,mechanism,"""Azacitidine"" AND ""Myelofibrosis due to another disorder"" AND (mechanism OR target OR pathway)",25824741,Methylated alteration of SHP1 complements mutation of JAK2 tyrosine kinase in patients with myeloproliferative neoplasm.,"SHP1 negatively regulates the Janus kinase 2/signal transducer and activator of transcription (JAK2/STAT) signaling pathway, which is constitutively activated in myeloproliferative neoplasms (MPNs) and leukemia. Promoter hypermethylation resulting in epigenetic inactivation of SHP1 has been reported in myelomas, leukemias and other cancers. However, whether SHP1 hypermethylation occurs in MPNs, especially in Chinese patients, has remained unclear. Here, we report that aberrant hypermethylation of SHP1 was observed in several leukemic cell lines and bone marrow mononuclear cells from MPN patients. About 51 of 118 (43.2%) MPN patients including 23 of 50 (46%) polycythaemia vera patients, 20 of 50 (40%) essential thrombocythaemia and 8 of 18 (44.4%) idiopathic myelofibrosis showed hypermethylation by methylation-specific polymerase chain reaction. However, SHP1 methylation was not measured in 20 healthy volunteers. Hypermethylation of SHP1 was found in MPN patients with both positive (34/81, 42%) and negative (17/37, 45.9%) JAK2V617F mutation. The levels of SHP1 mRNA were significantly lower in hypermethylated samples than unmethylated samples, suggesting SHP1 may be epigenetically inactivated in MPN patients. Furthermore, treatment with 5-aza-2'-deoxycytidine (AZA) in K562 cells showing hypermethylation of SHP1 led to progressive demethylation of SHP1, with consequently increased reexpression of SHP1. Meanwhile, phosphorylated JAK2 and STAT3 were progressively reduced. Finally, AZA increased the expression of SHP1 in primary MPN cells with hypermethylation of SHP1. Therefore, our data suggest that epigenetic inactivation of SHP1 contributes to the constitutive activation of JAK2/STAT signaling. Restoration of SHP1 expression by AZA may contribute to clinical treatment for MPN patients.",Asian Pacific journal of cancer prevention : APJCP,2015.0,"Comparative Study; Journal Article; Research Support, Non-U.S. Gov't",10.7314/apjcp.2015.16.6.2219,NCBI PubMed E-utilities,success,,PubMed co-mention retrieval baseline only; not evidence polarity classification.
repodb_04ab2c145755011f,Azacitidine,Myelofibrosis due to another disorder,mechanism,"""Azacitidine"" AND ""Myelofibrosis due to another disorder"" AND (mechanism OR target OR pathway)",41988126,Case Report: The diagnostic and therapeutic crossroads: when myelofibrosis transforms into mixed phenotype acute leukemia.,"Myelofibrosis (MF) is a myeloproliferative neoplasm characterized by the proliferation of fibrous tissue in the bone marrow. Transformation to acute leukemia, typically acute myeloid leukemia, represents a terminal event in its natural history; however, transformation to mixed phenotype acute leukemia (MPAL) is exceedingly rare. The diagnosis and treatment of MPAL are particularly challenging, especially in elderly patients with underlying MF. The clinical characteristics, treatment response, and prognosis of such cases remain unclear and are rarely reported. This article presents a retrospective analysis of a 75-year-old female patient who initially presented in October 2023 with splenomegaly and thrombocytopenia. Based on bone marrow morphology, biopsy (revealing Grade MF-2 fibrosis), and molecular testing (detecting a JAK2 V617F mutation with a variant allele frequency of 44.67% and an ASXL1 mutation), a diagnosis of primary myelofibrosis (PMF) was established. The patient did not receive standard targeted therapy and was subsequently lost to follow-up. Approximately two years later (September 2025), she was readmitted due to a significantly elevated white blood cell count (47.14 × 109/L) with 64% blasts in the peripheral blood. A comprehensive re-evaluation using MICM (Morphology, Immunology, Cytogenetics, Molecular) classification was performed: bone marrow flow cytometry revealed that 65.73% of the blasts co-expressed CD34, CD117, and the T-lineage marker CD7. Molecular testing detected the persistence of the original JAK2 and ASXL1 mutations, with the acquisition of additional NRAS, EZH2, and TET2 mutations. A definitive diagnosis of MPAL (T/Myeloid mixed phenotype) transformed from PMF was established. Given the patient's advanced age and underlying MF, two cycles of a low-intensity chemotherapy regimen primarily based on the ""VP regimen (Vincristine + Prednisone) combined with Azacitidine"" were administered. Initial treatment resulted in a complete remission with incomplete hematologic recovery (CRi). Considering the incomplete recovery of peripheral blood platelets and the presence of minimal residual blasts detected by bone marrow flow cytometry, the patient was started on a regimen combining the VP regimen with a VA regimen chemotherapy to achieve a deep and durable complete remission. As of the latest follow-up, the patient's relevant laboratory results remain within a safe range, with no peripheral blasts detected. Her psychological and physiological status is acceptable, she reports no specific discomfort, and her disease is well-controlled. This rare case offers several critical insights: 1) Rare Transformation Type: It clearly delineates the complete clinical and molecular evolutionary trajectory of PMF transforming into the rare MPAL, underscoring the importance of precise immunophenotyping during the blast phase of MF to identify atypical transformations. 2) Clonal Evolution Pattern: The molecular profile evolved from typical MPN driver mutations (JAK2, ASXL1) to the acquisition of additional mutations associated with leukemic transformation (NRAS, EZH2, TET2), providing a concrete example for understanding the genetic mechanisms underlying such transformations. 3) Treatment Dilemma in the Elderly: The case highlights the immense therapeutic challenges in elderly MPAL patients with concomitant persistent myelofibrosis. While low-intensity regimens may induce short-term remission, the responses are not durable. Patient tolerability to intensive chemotherapy and novel targeted agents (e.g., Venetoclax) is poor, leading to a dismal prognosis. 4) Management Implications: It emphasizes the necessity of long-term, regular follow-up and early intervention for MF patients, particularly those harboring high-risk mutations. Furthermore, it underscores the urgent need for more effective and better-tolerated novel therapies for this patient population. Transformation of MF to MPAL is a rare event associated with an poor prognosis. This study provides the detailed report of an elderly patient with MPAL arising from JAK2-positive PMF. This case not only serves as a unique model illustrating the complex evolution of a malignant clone but also profoundly reveals the unique therapeutic challenges and extremely poor survival outcome resulting from the convergence of advanced age, MF background, and MPAL transformation. It offers pivotal real-world evidence for the clinical management of this specific patient population and highlights the need to explore novel therapeutic strategies.",Frontiers in oncology,2026.0,Case Reports; Journal Article,10.3389/fonc.2026.1811409,NCBI PubMed E-utilities,success,,PubMed co-mention retrieval baseline only; not evidence polarity classification.
repodb_04ab2c145755011f,Azacitidine,Myelofibrosis due to another disorder,mechanism,"""Azacitidine"" AND ""Myelofibrosis due to another disorder"" AND (mechanism OR target OR pathway)",37042080,Phase 1/1b study of azacitidine and hedgehog pathway inhibitor sonidegib in patients with myeloid neoplasms.,"Myeloid neoplasms (myelodysplastic syndrome [MDS], myelofibrosis, and chronic myelomonocytic [CMML]) are aggressive hematological malignancies for which, despite recent approvals, novel therapies are needed to improve clinical outcomes. The hedgehog (HH) pathway is one of the main pathways for cancer stem cells survival and several HH inhibitors (HHi) are approved in clinical practice. Sonidegib (SON), an oral HHi, was tested in this phase 1/1b trial in combination with azacitidine (AZA, 75 mg/m2 days ×7) in patients with newly diagnosed and relapsed/refractory (r/r) chronic MN or acute myeloid leukemia (AML). Sixty-two patients (28 [45%] newly diagnosed) were treated in this study, including 10 patients in the dose-finding component and 52 patients in phase 1b. SON 200 mg oral daily on days 1-28 each cycle was deemed the recommended dose for phase 1b. Out of 21 rrAML patients, two achieved response (one complete response/one morphologic leukemia-free state) with no responses seen in seven r/r MDS/CMML patients. In newly diagnosed AML/MDS, response was seen in six (three had complete remission, two had morphological leukemia-free status) of 27 patients. Median overall survival was 26.4 and 4.7 months for newly diagnosed MDS and AML, respectively. Safety was satisfactory with common (>20%) side effects including fatigue, constipation, nausea, cough, insomnia, and diarrhea. Only 7% of patients died in the study, and none of the deaths were deemed related to treatment. Our study shows that AZA + SON are a safe combination in a patient with MN. Similar to other hedgehog inhibitors, this combination yielded limited response rate in patients with myeloid neoplasms.",Cancer,2023.0,"Clinical Trial, Phase I; Journal Article; Research Support, N.I.H., Extramural",10.1002/cncr.34800,NCBI PubMed E-utilities,success,,PubMed co-mention retrieval baseline only; not evidence polarity classification.
