pair_id,drug_name,disease_name,query_type,query_string,pmid,title,abstract,journal,publication_year,publication_type,doi,source,status,error_message,notes
repodb_0557bc43eff59f45,Theophylline,Asthma,direct,"""Theophylline"" AND ""Asthma""",14988770,Theophylline: mechanism of action and use in asthma and chronic obstructive pulmonary disease.,"Despite having been recognized for a long time as a cheap and effective therapy for the treatment of asthma and chronic obstructive pulmonary disease (COPD), theophylline is relegated to third-line therapy in the treatment of airway diseases due to the drug's frequent side effects and relatively low efficacy. However, regardless of the current situation, there are reasons for thinking that the use of theophylline, in addition to inhaled steroids, may come back into fashion for the treatment of chronic asthma, as it may have an anti-inflammatory and immunomodulatory effect when given in low doses. At these low doses, the drug is easier to use, side effects are uncommon and the problems of drug interaction are less of an issue, thus making the clinical use of theophylline less complicated. In COPD, low-dose theophylline is the first drug to demonstrate clear anti-inflammatory effects, and thus it may even have a role in preventing progression of the disease. Furthermore, the reversal of the steroid resistance induced by oxidative stress suggests that theophylline may increase responsiveness to corticosteroids.","Drugs of today (Barcelona, Spain : 1998)",2004.0,Journal Article; Review,10.1358/dot.2004.40.1.799438,NCBI PubMed E-utilities,success,,PubMed co-mention retrieval baseline only; not evidence polarity classification.
repodb_0557bc43eff59f45,Theophylline,Asthma,direct,"""Theophylline"" AND ""Asthma""",8471184,Theophylline. Current thoughts on the risks and benefits of its use in asthma.,"Theophylline and its derivatives have been used in the treatment of asthma for over 50 years, but since the advent of more potent bronchodilators their use has become cloaked in controversy. Their continued existence results from their undoubted usefulness in severe acute asthma, nocturnal asthma, childhood asthma and moderate to severe chronic airflow limitation, and because of habitual use by physicians in other situations. The precise mechanism of action of theophylline remains uncertain. The role of phosphodiesterase inhibition and adenosine antagonism has been reviewed and the clinical significance of the anti-inflammatory action of theophylline discussed. Theophylline has unpredictable metabolism when first administered, and continued monitoring of drug concentrations is essential. Commonly encountered adverse effects may occur at therapeutic serum concentrations, frequently necessitating drug withdrawal. The overlapping therapeutic and toxic theophylline serum ranges can lead to life-threatening adverse effects at the upper end of the therapeutic range, especially in the elderly in whom special precaution is required.",Drug safety,1993.0,Journal Article; Review,10.2165/00002018-199308010-00003,NCBI PubMed E-utilities,success,,PubMed co-mention retrieval baseline only; not evidence polarity classification.
repodb_0557bc43eff59f45,Theophylline,Asthma,direct,"""Theophylline"" AND ""Asthma""",7589387,Theophylline and selective phosphodiesterase inhibitors as anti-inflammatory drugs in the treatment of bronchial asthma.,"Theophylline has been in clinical use for the treatment of bronchial asthma and other respiratory diseases for well over 50 yrs. Over this time, a considerable body of evidence has accumulated to show that this drug has a wide range of pharmacological actions, in addition to the well-recognized action on airway smooth muscle function. Current evidence suggests that part of the therapeutic value of theophylline in the treatment of asthma is by virtue of an anti-inflammatory or immunomodulatory effect, although the actual mechanism of action remains unclear. It has been proposed that the observed anti-inflammatory effects of theophylline could be attributed to phosphodiesterase (PDE) inhibition, and recently the type III and IV isoenzymes have been characterized in a number of inflammatory cells. This article reviews the evidence that theophylline and the newer more selective type IV PDE isoenzyme inhibitors can inhibit the activation of inflammatory cell types, such as T-lymphocytes, eosinophils, mast cells and macrophages, in vitro. The evidence supporting the ability of theophylline and selective PDE IV isoenzyme inhibitors to modify allergic inflammation both in animal models and clinical asthma is also discussed. We conclude that theophylline possesses important anti-inflammatory and immunomodulatory activity and that, in light of this evidence, it is timely to reconsider the place of theophylline in the treatment of asthma.",The European respiratory journal,1995.0,Journal Article; Review,,NCBI PubMed E-utilities,success,,PubMed co-mention retrieval baseline only; not evidence polarity classification.
repodb_0557bc43eff59f45,Theophylline,Asthma,direct,"""Theophylline"" AND ""Asthma""",8614425,Theophylline in asthma.,,The New England journal of medicine,1996.0,Journal Article; Review,10.1056/NEJM199605233342107,NCBI PubMed E-utilities,success,,PubMed co-mention retrieval baseline only; not evidence polarity classification.
repodb_0557bc43eff59f45,Theophylline,Asthma,direct,"""Theophylline"" AND ""Asthma""",9756185,"Asthma, adenosine, mast cells and theophylline.","Many clinical trials have suggested that theophylline has anti-inflammatory properties in the treatment of bronchial asthma. Proposed mechanisms of theophylline inhibition include phosphodiesterase inhibition, an adenosine receptor antagonist, the increase of circulating adrenaline, mediator antagonist and inhibition of calcium ion influx. Further to these observations we report on the inhibition by theophylline of NF-kappaB, a key transcription factor found in human purified mast cells, which plays a role in the transcription of TNF alpha, GM-CSF, and IL-8 within this cell. The suppression of NF-kappaB activation, indicates that theophylline, in addition to its bronchodilator activities, has the potential for anti-inflammatory activity.",Clinical and experimental allergy : journal of the British Society for Allergy and Clinical Immunology,1998.0,Journal Article; Review,,NCBI PubMed E-utilities,success,,PubMed co-mention retrieval baseline only; not evidence polarity classification.
repodb_0557bc43eff59f45,Theophylline,Asthma,direct,"""Theophylline"" AND ""Asthma""",32094104,The effect of doxofylline in asthma and COPD.,"Theophylline is still one of the most widely prescribed drugs for the treatment of asthma and COPD in developing countries because the majority of asthma and COPD medicines are largely unavailable and also because it is a cheap option. In any case, its anti-inflammatory effects and capacity to reverse corticosteroid resistance deserve consideration, but it can induce numerous side effects and drug-drug interactions and frequently requires measurement of drug levels in plasma. In order to overcome the problems posed by theophylline, other xanthines have been developed. Doxofylline is a newer generation xanthine with both bronchodilating and anti-inflammatory activities and for this reason it has been called ""novofylline"". It differs substantially from theophylline at the pharmacological level. Clinical studies have shown substantial differences between doxofylline and theophylline. In particular, efficacy/safety profile of doxofylline is better than that of theophylline.",Respiratory medicine,2020.0,Journal Article; Review,10.1016/j.rmed.2020.105904,NCBI PubMed E-utilities,success,,PubMed co-mention retrieval baseline only; not evidence polarity classification.
repodb_0557bc43eff59f45,Theophylline,Asthma,direct,"""Theophylline"" AND ""Asthma""",2010095,Theophylline in asthma and COPD: changing perspectives and controversies.,"Theophylline's role in the treatment of airway obstruction has been challenged, yet it remains a useful agent in the management of obstructive lung disease. It has a narrow therapeutic range and frequent side effects. Drug interactions are common, and variations in theophylline clearance among patients arise from individual differences in its absorption, metabolism, and elimination. Acute bronchospasm is best treated with inhaled sympathomimetic agents, but the nonbronchodilator effects of theophylline offer therapeutic benefits for the patient with non-reversible disease. When properly monitored by serum level determinations, theophylline may be used as an adjunct to aerosol therapy and corticosteroids in asthma. However, the patient with COPD may benefit the most from an empiric trial of the drug, using lower doses than were commonly employed in the past.",Geriatrics,1991.0,Journal Article; Review,,NCBI PubMed E-utilities,success,,PubMed co-mention retrieval baseline only; not evidence polarity classification.
repodb_0557bc43eff59f45,Theophylline,Asthma,direct,"""Theophylline"" AND ""Asthma""",2192613,"The relationship between vitamin B6 metabolism, asthma, and theophylline therapy.",,Annals of the New York Academy of Sciences,1990.0,Journal Article; Review,10.1111/j.1749-6632.1990.tb28061.x,NCBI PubMed E-utilities,success,,PubMed co-mention retrieval baseline only; not evidence polarity classification.
repodb_0557bc43eff59f45,Theophylline,Asthma,direct,"""Theophylline"" AND ""Asthma""",11775391,Theophylline revisited.,"Theophylline was first isolated in 1888 and remains the most commonly used medication worldwide for the treatment of asthma. It decreases the need for asthma rescue medications by people who have asthma and is an effective steroid-sparing agent for patients who tolerate it. Recently, investigators have shown that theophylline decreases airway inflammation, accelerates eosinophil apoptosis, and decreases recruitment of lymphocytes and neutrophils to the lungs at low doses. It is classified as a phosphodiesterase (PDE) inhibitor, but its therapeutic mechanism of action remains undetermined. Theophylline should be reevaluated as a long-term medication for the treatment of asthma because of its ease of use, low cost, and recent evidence of its anti-inflammatory actions.",Allergy and asthma proceedings,2001.0,Journal Article; Review,,NCBI PubMed E-utilities,success,,PubMed co-mention retrieval baseline only; not evidence polarity classification.
repodb_0557bc43eff59f45,Theophylline,Asthma,direct,"""Theophylline"" AND ""Asthma""",3315274,"Sustained-release theophylline and nocturnal asthma, once-daily and unequal dosing schedules.","Many asthmatic patients experience aggravation of symptoms overnight resulting in disruption of their sleep. Sustained-release theophylline represents at this time a major bronchodilator medication which possesses a sufficient duration of activity to avert the nocturnal breathing distress of asthma. Circadian rhythm-adapted theophylline schedules consisting of unequal dosing--more or all the drug taken in the evening--have proven efficacious in clinical investigations for certain patients. Although the kinetic behavior of some formulations is affected by food, the circadian rhythm-adapted schedules represent a significant step forward toward the goal of optimizating sustained-release theophyllines for patients who experience nighttime symptoms.",Chronobiology international,1987.0,Journal Article; Review,10.3109/07420528709083534,NCBI PubMed E-utilities,success,,PubMed co-mention retrieval baseline only; not evidence polarity classification.
repodb_0557bc43eff59f45,Theophylline,Asthma,direct,"""Theophylline"" AND ""Asthma""",1735811,Safety and efficacy of theophylline in children with asthma.,,The Journal of pediatrics,1992.0,Journal Article; Review,10.1016/s0022-3476(05)80423-8,NCBI PubMed E-utilities,success,,PubMed co-mention retrieval baseline only; not evidence polarity classification.
repodb_0557bc43eff59f45,Theophylline,Asthma,direct,"""Theophylline"" AND ""Asthma""",9756184,Theophylline and airway inflammation.,"The view of theophylline as a second-line bronchodilator in asthma therapy has begun to be reconsidered in recent years as the details of its additional actions on airway inflammation have emerged. Increasing understanding of the mechanisms of action of theophylline has led to an appreciation of the ways in which this, and other related drugs, may influence the development and maintenance of the airway inflammation that underlies asthma through alteration of inflammatory cell function. In addition, recent demonstrations that theophylline can suppress late-phase asthmatic reactions at serum concentrations below those traditionally regarded as therapeutically useful have provided evidence that theophylline's beneficial actions in asthma extend beyond mild bronchodilation. The apparent suppression of airway inflammation by theophylline in asthmatic patients reinforces data from ill vitro experiments, showing inhibitory actions of theophylline on the pro-inflammatory functions of many immune cells. Here, we review some recent advances in the understanding of theophylline's actions that suggest its role as an anti-inflammatory drug in asthmatic airways.",Clinical and experimental allergy : journal of the British Society for Allergy and Clinical Immunology,1998.0,Comparative Study; Journal Article; Review,,NCBI PubMed E-utilities,success,,PubMed co-mention retrieval baseline only; not evidence polarity classification.
repodb_0557bc43eff59f45,Theophylline,Asthma,direct,"""Theophylline"" AND ""Asthma""",23672674,Theophylline.,"Theophylline (dimethylxanthine) has been used to treat airway diseases for more than 80 years. It was originally used as a bronchodilator, but the relatively high doses required are associated with frequent side effects, so its use declined as inhaled β2-agonists became more widely used. More recently it has been shown to have antiinflammatory effects in asthma and chronic obstructive pulmonary disease (COPD) at lower concentrations. The molecular mechanism of bronchodilatation is inhibition of phosphodiesterase (PDE)3, but the antiinflammatory effect may be due to inhibition of PDE4 and histone deacetylase-2 activation, resulting in switching off of activated inflammatory genes. Through this mechanism, theophylline also reverses corticosteroid resistance, and this may be of particular value in severe asthma and COPD, wherein histone deacetylase-2 activity is reduced. Theophylline is given systemically (orally as slow-release preparations for chronic treatment and intravenously for acute exacerbations of asthma). Efficacy is related to blood concentrations, which are determined mainly by hepatic metabolism, which may be increased or decreased in several diseases and by concomitant drug therapy. Theophylline is now usually used as an add-on therapy in patients with asthma not well controlled on inhaled corticosteroids with or without long-acting β2-agonists and in patients with COPD with severe disease not controlled by bronchodilator therapy. Side effects are related to plasma concentrations and include nausea, vomiting, and headaches due to PDE inhibition and at higher concentrations to cardiac arrhythmias and seizures due to adenosine A1-receptor antagonism. In the future, low-dose theophylline may be useful in reversing corticosteroid resistance in COPD and severe asthma.",American journal of respiratory and critical care medicine,2013.0,Journal Article; Review,10.1164/rccm.201302-0388PP,NCBI PubMed E-utilities,success,,PubMed co-mention retrieval baseline only; not evidence polarity classification.
repodb_0557bc43eff59f45,Theophylline,Asthma,direct,"""Theophylline"" AND ""Asthma""",6367926,Theophylline.,,Clinical reviews in allergy,1983.0,Journal Article; Review,10.1007/BF02991318,NCBI PubMed E-utilities,success,,PubMed co-mention retrieval baseline only; not evidence polarity classification.
repodb_0557bc43eff59f45,Theophylline,Asthma,direct,"""Theophylline"" AND ""Asthma""",9753520,Asthma therapy: theophylline.,"Theophylline acts as a bronchodilator and has bronchoprotective activity in asthma. The importance of the anti-inflammatory properties of theophylline to its clinical efficacy remains uncertain. Theophylline has a place in management as an additional long term control medication for patients whose asthma is not controlled by an inhaled, short acting beta-agonists and inhaled steroid. For most patients an inhaled, long acting beta-agonist should be tried before oral theophylline. The relative efficacy and side effect profile of oral theophylline versus oral leukotriene modulators as an 'add on' therapy remain to be established.",Canadian respiratory journal,1998.0,Journal Article; Review,,NCBI PubMed E-utilities,success,,PubMed co-mention retrieval baseline only; not evidence polarity classification.
repodb_0557bc43eff59f45,Theophylline,Asthma,direct,"""Theophylline"" AND ""Asthma""",6766152,The relative merits of cromolyn sodium and high-dose theophylline therapy in childhood asthma.,"The use of cromolyn sodium (SCG) and high-dose theophylline (HDT) in the treatment of chronic perennial asthma in children is reviewed. It is noted that the regimens are only suitable for children with persistent symptoms uncontrolled by simpler forms of treatment. The methods of administration and dosage based on pharmacologic data are considered, and the potential importance of long-acting theophylline and nebulized cromolyn preparations is noted. Short-term studies have confirmed the efficacy of both drugs, and a comparative study showed little difference between them. Long-term studies of SCG have demonstrated its value to some 66% of children without serious side effects. No formal long-term studies have been carried out on HDT. Side effects from theophylline can often be eliminated by careful control of blood levels. From published evidence, neither SCG nor HDT is effective in steroid-dependent asthmatic children, and they contribute little, if anything, to management in such cases. The difference in cost of the drugs is small when all factors are considered, and either regimen is justified by the saving in medical expenses when used for carefully selected patients.",The Journal of allergy and clinical immunology,1980.0,Comparative Study; Journal Article; Review,10.1016/0091-6749(80)90192-x,NCBI PubMed E-utilities,success,,PubMed co-mention retrieval baseline only; not evidence polarity classification.
repodb_0557bc43eff59f45,Theophylline,Asthma,direct,"""Theophylline"" AND ""Asthma""",2656270,Chronopharmacology and its application to the development of theophylline treatment schedules for asthma.,,European journal of clinical pharmacology,1989.0,Journal Article; Review,10.1007/BF00609180,NCBI PubMed E-utilities,success,,PubMed co-mention retrieval baseline only; not evidence polarity classification.
repodb_0557bc43eff59f45,Theophylline,Asthma,direct,"""Theophylline"" AND ""Asthma""",8993727,Theophylline revisited.,"For over 50 years, theophylline has been used regularly for the management of chronic asthma. However, because of its perceived narrow therapeutic index and the fact that it has been considered a weak bronchodilator, the use of theophylline therapy has diminished. Furthermore, with the introduction of newer pharmacologic agents and recommendations in widely accepted guidelines, both nationally and internationally, have further contributed to its decreased use. For years, theophylline has not only been considered a bronchodilator, but for many clinicians, an agent that could be used to enhance respiratory muscle function and mucociliary clearance and act at the level of the central nervous system to enhance ventilation. These properties were felt to be potentially useful for patients with severe exacerbated asthma. Recent studies have suggested that theophylline therapy can play a beneficial role in the management of both chronic stable asthma and exacerbated disease treated in the emergency department setting. Furthermore, a growing body of evidence suggests that theophylline has certain antiinflammatory and immunomodulating properties, even at plasma concentration levels below the accepted therapeutic range. If this is true, then theophylline may act best as a controller medication in the management of asthma. Because of its low cost and its ease of administration, theophylline therapy should be revisited and discussed as not only a reliever of bronchospasm, but a controller of chronic asthma.",Allergy and asthma proceedings,1996.0,Journal Article; Review,10.2500/108854196778606400,NCBI PubMed E-utilities,success,,PubMed co-mention retrieval baseline only; not evidence polarity classification.
repodb_0557bc43eff59f45,Theophylline,Asthma,direct,"""Theophylline"" AND ""Asthma""",1747676,Unstable asthma and theophylline.,,BMJ (Clinical research ed.),1991.0,Case Reports; Clinical Conference; Journal Article,10.1136/bmj.303.6813.1317,NCBI PubMed E-utilities,success,,PubMed co-mention retrieval baseline only; not evidence polarity classification.
repodb_0557bc43eff59f45,Theophylline,Asthma,direct,"""Theophylline"" AND ""Asthma""",32393652,Investigating the Role of Altered Systemic Albumin Concentration on the Disposition of Theophylline in Adult and Pediatric Patients with Asthma by Using the Physiologically Based Pharmacokinetic Approach.,"Theophylline is commonly used for the treatment of asthma and has a low hepatic clearance. The changes in plasma albumin concentration occurring in asthma may affect the exposure of theophylline. The aim of the presented work was to predict theophylline pharmacokinetics (PK) after incorporating the changes in plasma albumin concentration occurring in patients with asthma into a physiologically based pharmacokinetic (PBPK) model to see whether these changes can affect the systemic theophylline concentrations in asthma. The PBPK model was developed following a systematic model building approach using Simcyp. The predictions were performed initially in healthy adults after intravenous and oral drug administration. Only when the developed adult PBPK model had adequately predicted theophylline PK in healthy adults, the changes in plasma albumin concentrations were incorporated into the model for predicting drug exposure in patients with asthma. After evaluation of the developed model in the adult population, it was scaled to children on physiologic basis. The model evaluation was performed by using visual predictive checks and comparison of ratio of observed and predicted (Robs/Pre) PK parameters along with their 2-fold error range. The developed PBPK model has effectively described theophylline PK in both healthy and diseased populations, as Robs/Pre for all the PK parameters were within the 2-fold error limit. The predictions in patients with asthma showed that there were no significant changes in PK parameters after incorporating the changes in serum albumin concentration. The mechanistic nature of the developed asthma-PBPK model can facilitate its extension to other drugs. SIGNIFICANCE STATEMENT: Exposure of a low hepatic clearance drug like theophylline may be susceptible to plasma albumin concentration changes that occur in asthma. These changes in systemic albumin concentrations can be incorporated into a physiologically based pharmacokinetic model to predict theophylline pharmacokinetics in adult and pediatric asthma populations. The presented work is focused on predicting theophylline absorption, distribution, metabolism, and elimination in adult and pediatric asthma populations after incorporating reported changes in serum albumin concentrations to see their impact on the systemic theophylline concentrations.",Drug metabolism and disposition: the biological fate of chemicals,2020.0,Journal Article,10.1124/dmd.120.090969,NCBI PubMed E-utilities,success,,PubMed co-mention retrieval baseline only; not evidence polarity classification.
repodb_0557bc43eff59f45,Theophylline,Asthma,title_abstract,"""Theophylline""[Title/Abstract] AND ""Asthma""[Title/Abstract]",11775391,Theophylline revisited.,"Theophylline was first isolated in 1888 and remains the most commonly used medication worldwide for the treatment of asthma. It decreases the need for asthma rescue medications by people who have asthma and is an effective steroid-sparing agent for patients who tolerate it. Recently, investigators have shown that theophylline decreases airway inflammation, accelerates eosinophil apoptosis, and decreases recruitment of lymphocytes and neutrophils to the lungs at low doses. It is classified as a phosphodiesterase (PDE) inhibitor, but its therapeutic mechanism of action remains undetermined. Theophylline should be reevaluated as a long-term medication for the treatment of asthma because of its ease of use, low cost, and recent evidence of its anti-inflammatory actions.",Allergy and asthma proceedings,2001.0,Journal Article; Review,,NCBI PubMed E-utilities,success,,PubMed co-mention retrieval baseline only; not evidence polarity classification.
repodb_0557bc43eff59f45,Theophylline,Asthma,title_abstract,"""Theophylline""[Title/Abstract] AND ""Asthma""[Title/Abstract]",31643798,,,,,,,NCBI PubMed E-utilities,success,,PubMed co-mention retrieval baseline only; not evidence polarity classification.
repodb_0557bc43eff59f45,Theophylline,Asthma,title_abstract,"""Theophylline""[Title/Abstract] AND ""Asthma""[Title/Abstract]",23672674,Theophylline.,"Theophylline (dimethylxanthine) has been used to treat airway diseases for more than 80 years. It was originally used as a bronchodilator, but the relatively high doses required are associated with frequent side effects, so its use declined as inhaled β2-agonists became more widely used. More recently it has been shown to have antiinflammatory effects in asthma and chronic obstructive pulmonary disease (COPD) at lower concentrations. The molecular mechanism of bronchodilatation is inhibition of phosphodiesterase (PDE)3, but the antiinflammatory effect may be due to inhibition of PDE4 and histone deacetylase-2 activation, resulting in switching off of activated inflammatory genes. Through this mechanism, theophylline also reverses corticosteroid resistance, and this may be of particular value in severe asthma and COPD, wherein histone deacetylase-2 activity is reduced. Theophylline is given systemically (orally as slow-release preparations for chronic treatment and intravenously for acute exacerbations of asthma). Efficacy is related to blood concentrations, which are determined mainly by hepatic metabolism, which may be increased or decreased in several diseases and by concomitant drug therapy. Theophylline is now usually used as an add-on therapy in patients with asthma not well controlled on inhaled corticosteroids with or without long-acting β2-agonists and in patients with COPD with severe disease not controlled by bronchodilator therapy. Side effects are related to plasma concentrations and include nausea, vomiting, and headaches due to PDE inhibition and at higher concentrations to cardiac arrhythmias and seizures due to adenosine A1-receptor antagonism. In the future, low-dose theophylline may be useful in reversing corticosteroid resistance in COPD and severe asthma.",American journal of respiratory and critical care medicine,2013.0,Journal Article; Review,10.1164/rccm.201302-0388PP,NCBI PubMed E-utilities,success,,PubMed co-mention retrieval baseline only; not evidence polarity classification.
repodb_0557bc43eff59f45,Theophylline,Asthma,title_abstract,"""Theophylline""[Title/Abstract] AND ""Asthma""[Title/Abstract]",30422557,,,,,,,NCBI PubMed E-utilities,success,,PubMed co-mention retrieval baseline only; not evidence polarity classification.
repodb_0557bc43eff59f45,Theophylline,Asthma,title_abstract,"""Theophylline""[Title/Abstract] AND ""Asthma""[Title/Abstract]",27713276,Theophylline.,"Theophylline (3-methyxanthine) has been used to treat airway diseases for over 70 years. It was originally used as a bronchodilator but the relatively high doses required are associated with frequent side effects, so its use declined as inhaled β₂-agonists became more widely used. More recently it has been shown to have anti-inflammatory effects in asthma and COPD at lower concentrations. The molecular mechanism of bronchodilatation is inhibition of phosphodiesterase(PDE)3 and PDE4, but the anti-inflammatory effect may be due to histone deacetylase (HDAC) activation, resulting in switching off of activated inflammatory genes. Through this mechanism theophylline also reverses corticosteroid resistance and this may be of particular value in severe asthma and COPD where HDAC2 activity is markedly reduced. Theophylline is given systemically (orally as slow-release preparations for chronic treatment and intravenously for acute exacerbations of asthma) and blood concentrations are determined mainly by hepatic metabolism, which may be increased or decreased in several diseases and by concomitant drug therapy. Theophylline is now usually used as an add-on therapy in asthma patients not well controlled on inhaled corticosteroids and in COPD patients with severe disease not controlled by bronchodilator therapy. Side effects are related to plasma concentrations and include nausea, vomiting and headaches due to PDE inhibition and at higher concentrations to cardiac arrhythmias and seizures due to adenosine A₁-receptor antagonism.","Pharmaceuticals (Basel, Switzerland)",2010.0,Review; Journal Article,10.3390/ph3030725,NCBI PubMed E-utilities,success,,PubMed co-mention retrieval baseline only; not evidence polarity classification.
repodb_0557bc43eff59f45,Theophylline,Asthma,title_abstract,"""Theophylline""[Title/Abstract] AND ""Asthma""[Title/Abstract]",8614425,Theophylline in asthma.,,The New England journal of medicine,1996.0,Journal Article; Review,10.1056/NEJM199605233342107,NCBI PubMed E-utilities,success,,PubMed co-mention retrieval baseline only; not evidence polarity classification.
repodb_0557bc43eff59f45,Theophylline,Asthma,title_abstract,"""Theophylline""[Title/Abstract] AND ""Asthma""[Title/Abstract]",30085566,,,,,,,NCBI PubMed E-utilities,success,,PubMed co-mention retrieval baseline only; not evidence polarity classification.
repodb_0557bc43eff59f45,Theophylline,Asthma,title_abstract,"""Theophylline""[Title/Abstract] AND ""Asthma""[Title/Abstract]",8993727,Theophylline revisited.,"For over 50 years, theophylline has been used regularly for the management of chronic asthma. However, because of its perceived narrow therapeutic index and the fact that it has been considered a weak bronchodilator, the use of theophylline therapy has diminished. Furthermore, with the introduction of newer pharmacologic agents and recommendations in widely accepted guidelines, both nationally and internationally, have further contributed to its decreased use. For years, theophylline has not only been considered a bronchodilator, but for many clinicians, an agent that could be used to enhance respiratory muscle function and mucociliary clearance and act at the level of the central nervous system to enhance ventilation. These properties were felt to be potentially useful for patients with severe exacerbated asthma. Recent studies have suggested that theophylline therapy can play a beneficial role in the management of both chronic stable asthma and exacerbated disease treated in the emergency department setting. Furthermore, a growing body of evidence suggests that theophylline has certain antiinflammatory and immunomodulating properties, even at plasma concentration levels below the accepted therapeutic range. If this is true, then theophylline may act best as a controller medication in the management of asthma. Because of its low cost and its ease of administration, theophylline therapy should be revisited and discussed as not only a reliever of bronchospasm, but a controller of chronic asthma.",Allergy and asthma proceedings,1996.0,Journal Article; Review,10.2500/108854196778606400,NCBI PubMed E-utilities,success,,PubMed co-mention retrieval baseline only; not evidence polarity classification.
repodb_0557bc43eff59f45,Theophylline,Asthma,title_abstract,"""Theophylline""[Title/Abstract] AND ""Asthma""[Title/Abstract]",8471184,Theophylline. Current thoughts on the risks and benefits of its use in asthma.,"Theophylline and its derivatives have been used in the treatment of asthma for over 50 years, but since the advent of more potent bronchodilators their use has become cloaked in controversy. Their continued existence results from their undoubted usefulness in severe acute asthma, nocturnal asthma, childhood asthma and moderate to severe chronic airflow limitation, and because of habitual use by physicians in other situations. The precise mechanism of action of theophylline remains uncertain. The role of phosphodiesterase inhibition and adenosine antagonism has been reviewed and the clinical significance of the anti-inflammatory action of theophylline discussed. Theophylline has unpredictable metabolism when first administered, and continued monitoring of drug concentrations is essential. Commonly encountered adverse effects may occur at therapeutic serum concentrations, frequently necessitating drug withdrawal. The overlapping therapeutic and toxic theophylline serum ranges can lead to life-threatening adverse effects at the upper end of the therapeutic range, especially in the elderly in whom special precaution is required.",Drug safety,1993.0,Journal Article; Review,10.2165/00002018-199308010-00003,NCBI PubMed E-utilities,success,,PubMed co-mention retrieval baseline only; not evidence polarity classification.
repodb_0557bc43eff59f45,Theophylline,Asthma,title_abstract,"""Theophylline""[Title/Abstract] AND ""Asthma""[Title/Abstract]",14988770,Theophylline: mechanism of action and use in asthma and chronic obstructive pulmonary disease.,"Despite having been recognized for a long time as a cheap and effective therapy for the treatment of asthma and chronic obstructive pulmonary disease (COPD), theophylline is relegated to third-line therapy in the treatment of airway diseases due to the drug's frequent side effects and relatively low efficacy. However, regardless of the current situation, there are reasons for thinking that the use of theophylline, in addition to inhaled steroids, may come back into fashion for the treatment of chronic asthma, as it may have an anti-inflammatory and immunomodulatory effect when given in low doses. At these low doses, the drug is easier to use, side effects are uncommon and the problems of drug interaction are less of an issue, thus making the clinical use of theophylline less complicated. In COPD, low-dose theophylline is the first drug to demonstrate clear anti-inflammatory effects, and thus it may even have a role in preventing progression of the disease. Furthermore, the reversal of the steroid resistance induced by oxidative stress suggests that theophylline may increase responsiveness to corticosteroids.","Drugs of today (Barcelona, Spain : 1998)",2004.0,Journal Article; Review,10.1358/dot.2004.40.1.799438,NCBI PubMed E-utilities,success,,PubMed co-mention retrieval baseline only; not evidence polarity classification.
repodb_0557bc43eff59f45,Theophylline,Asthma,title_abstract,"""Theophylline""[Title/Abstract] AND ""Asthma""[Title/Abstract]",9756189,Nocturnal asthma and the use of theophylline.,"The nocturnal worsening of asthma is a common event in asthma patients. Some studies have shown the prevalence of nocturnal asthma to be as high as 75% of patients. It is important to understand this phenomenon as nocturnal asthma is associated with decreased daytime cognitive function and increased morbidity and mortality. The exact mechanism for decrements in overnight lung function is not known. However, there are many different processes associated with nocturnal asthma. Day-to-night change in both circulating bronchodilating and bronchoconstricting mediators occur which favour airway narrowing and increased bronchial hyperresponsiveness at night. The beta2 adrenergic receptors decrease in both number and function at night which is associated with a genetic polymorphism, a glycine 16 substitution. Neuroinfluences such as increased nocturnal cholinergic tone also contribute to nocturnal asthma, and a hallmark of nocturnal asthma is increased airway inflammation during sleep. Long-acting theophylline preparations have long been associated with improvement in overnight lung function. Some of these agents can be used in a chronotherapeutic modality, that is, higher blood levels at night when the disease is worse and lower blood levels during the day when lung function is routinely better. Theophylline works as both a bronchodilator and an anti-inflammatory agent to improve nocturnal asthma.",Clinical and experimental allergy : journal of the British Society for Allergy and Clinical Immunology,1998.0,Comparative Study; Journal Article; Review,,NCBI PubMed E-utilities,success,,PubMed co-mention retrieval baseline only; not evidence polarity classification.
repodb_0557bc43eff59f45,Theophylline,Asthma,title_abstract,"""Theophylline""[Title/Abstract] AND ""Asthma""[Title/Abstract]",1758831,Nocturnal asthma: mechanisms and the role of theophylline in treatment.,"Asthma is characterized by airway inflammation and hyper-responsiveness. Clinically, these features are manifested by attacks of cough, wheezing, and dyspnoea. Nocturnal asthma symptoms are frequent; 39% of asthmatics awaken nightly, and 94% have nocturnal awakenings at least once a month. A number of mechanisms have been hypothesized to explain the phenomenon of nocturnal asthma, including exposure to dust mite allergen, late-phase allergic reactions, effects of posture and sleep stage on airway tone, gastro-oesophageal reflex, impaired mucociliary clearance, airway cooling, and changes in circadian rhythms of circulating hormones. While no single mechanism can explain these changes, circadian rhythms may be particularly relevant. Normal airway tone increases during sleep and is magnified in asthmatics. Bronchial responsiveness to histamine and allergen challenge increases during sleep and mast cell mediator release is enhanced. Circulating eosinophils increase, which may allow their ingress into pulmonary tissue. Decreases in plasma catecholamine and cortisol levels have also been observed. All of these may influence airway tone, inflammation, and responsiveness during sleep and produce the observed clinical picture. Inhaled sympathomimetics are frequently ineffective in preventing nocturnal symptoms due to their short duration of action. While corticosteroids, cromoglycate, and anticholinergics are effective, sustained-release theophylline is particularly advantageous for controlling nocturnal symptoms. Once-daily theophylline when dosed in the evening not only controls nocturnal symptoms and improves airflow during the early morning hours, but decreases airway responsiveness to histamine as well. The close association between airway inflammation, airway hyper-responsiveness, and nocturnal asthma symptoms makes further studies of the mechanism of action of theophylline especially interesting.",Postgraduate medical journal,1991.0,"Journal Article; Research Support, U.S. Gov't, Non-P.H.S.; Review",,NCBI PubMed E-utilities,success,,PubMed co-mention retrieval baseline only; not evidence polarity classification.
repodb_0557bc43eff59f45,Theophylline,Asthma,title_abstract,"""Theophylline""[Title/Abstract] AND ""Asthma""[Title/Abstract]",32094104,The effect of doxofylline in asthma and COPD.,"Theophylline is still one of the most widely prescribed drugs for the treatment of asthma and COPD in developing countries because the majority of asthma and COPD medicines are largely unavailable and also because it is a cheap option. In any case, its anti-inflammatory effects and capacity to reverse corticosteroid resistance deserve consideration, but it can induce numerous side effects and drug-drug interactions and frequently requires measurement of drug levels in plasma. In order to overcome the problems posed by theophylline, other xanthines have been developed. Doxofylline is a newer generation xanthine with both bronchodilating and anti-inflammatory activities and for this reason it has been called ""novofylline"". It differs substantially from theophylline at the pharmacological level. Clinical studies have shown substantial differences between doxofylline and theophylline. In particular, efficacy/safety profile of doxofylline is better than that of theophylline.",Respiratory medicine,2020.0,Journal Article; Review,10.1016/j.rmed.2020.105904,NCBI PubMed E-utilities,success,,PubMed co-mention retrieval baseline only; not evidence polarity classification.
repodb_0557bc43eff59f45,Theophylline,Asthma,title_abstract,"""Theophylline""[Title/Abstract] AND ""Asthma""[Title/Abstract]",9756184,Theophylline and airway inflammation.,"The view of theophylline as a second-line bronchodilator in asthma therapy has begun to be reconsidered in recent years as the details of its additional actions on airway inflammation have emerged. Increasing understanding of the mechanisms of action of theophylline has led to an appreciation of the ways in which this, and other related drugs, may influence the development and maintenance of the airway inflammation that underlies asthma through alteration of inflammatory cell function. In addition, recent demonstrations that theophylline can suppress late-phase asthmatic reactions at serum concentrations below those traditionally regarded as therapeutically useful have provided evidence that theophylline's beneficial actions in asthma extend beyond mild bronchodilation. The apparent suppression of airway inflammation by theophylline in asthmatic patients reinforces data from ill vitro experiments, showing inhibitory actions of theophylline on the pro-inflammatory functions of many immune cells. Here, we review some recent advances in the understanding of theophylline's actions that suggest its role as an anti-inflammatory drug in asthmatic airways.",Clinical and experimental allergy : journal of the British Society for Allergy and Clinical Immunology,1998.0,Comparative Study; Journal Article; Review,,NCBI PubMed E-utilities,success,,PubMed co-mention retrieval baseline only; not evidence polarity classification.
repodb_0557bc43eff59f45,Theophylline,Asthma,title_abstract,"""Theophylline""[Title/Abstract] AND ""Asthma""[Title/Abstract]",29391776,Efficacy and side effects of intravenous theophylline in acute asthma: a systematic review and meta-analysis.,"Theophylline has been used for decades to treat both acute and chronic asthma. Despite its longevity in the practitioner's formulary, no detailed meta-analysis has been performed to determine the conditions, including concomitant medications, under which theophylline should be used for acute exacerbations of asthma. We aimed to quantify the usefulness and side effects of theophylline with or without ethylene diamine (aminophylline) in acute asthma, with particular emphasis on patient subgroups, such as children, adults, and concomitant medications. We searched PubMed, EMBASE, The Cochrane Library, ClinicalTrials.gov, and the WHO Clinical Trials Registry for randomized, controlled clinical trials. We planned a priori subgroup analyses by time post-medication, concomitant medication, control type, and age. We included 52 study arms from 42 individual trials. Of these, 29 study arms included an active control, such as adrenaline, beta-2 agonists, or leukotriene receptor antagonists, and 23 study arms compared theophylline (with or without ethylene diamine) with placebo or no drug. Theophylline significantly reduced heart rate when compared with active control (p=0.01) and overall duration of stay (p=0.002), but beta-2 agonists were superior to theophylline at improving forced expiratory volume in one second (FEV1) (p=0.002). Theophylline was not significantly different from other drugs in its effects on respiratory rate, forced vital capacity (FVC), peak expiratory flow rate, admission rate, use of rescue medication, oxygen saturation, or symptom score. Closer examination of the data revealed that the medications given in addition to theophylline or control significantly changed the effectiveness of theophylline (subgroup difference: p<0.00001). Given the low cost of theophylline, and its similar efficacy and rate of side effects compared with other drugs, we suggest that theophylline, when given with bronchodilators with or without steroids, is a cost-effective and safe choice for acute asthma exacerbations.","Drug design, development and therapy",2018.0,Journal Article; Meta-Analysis; Systematic Review,10.2147/DDDT.S156509,NCBI PubMed E-utilities,success,,PubMed co-mention retrieval baseline only; not evidence polarity classification.
repodb_0557bc43eff59f45,Theophylline,Asthma,title_abstract,"""Theophylline""[Title/Abstract] AND ""Asthma""[Title/Abstract]",7589387,Theophylline and selective phosphodiesterase inhibitors as anti-inflammatory drugs in the treatment of bronchial asthma.,"Theophylline has been in clinical use for the treatment of bronchial asthma and other respiratory diseases for well over 50 yrs. Over this time, a considerable body of evidence has accumulated to show that this drug has a wide range of pharmacological actions, in addition to the well-recognized action on airway smooth muscle function. Current evidence suggests that part of the therapeutic value of theophylline in the treatment of asthma is by virtue of an anti-inflammatory or immunomodulatory effect, although the actual mechanism of action remains unclear. It has been proposed that the observed anti-inflammatory effects of theophylline could be attributed to phosphodiesterase (PDE) inhibition, and recently the type III and IV isoenzymes have been characterized in a number of inflammatory cells. This article reviews the evidence that theophylline and the newer more selective type IV PDE isoenzyme inhibitors can inhibit the activation of inflammatory cell types, such as T-lymphocytes, eosinophils, mast cells and macrophages, in vitro. The evidence supporting the ability of theophylline and selective PDE IV isoenzyme inhibitors to modify allergic inflammation both in animal models and clinical asthma is also discussed. We conclude that theophylline possesses important anti-inflammatory and immunomodulatory activity and that, in light of this evidence, it is timely to reconsider the place of theophylline in the treatment of asthma.",The European respiratory journal,1995.0,Journal Article; Review,,NCBI PubMed E-utilities,success,,PubMed co-mention retrieval baseline only; not evidence polarity classification.
repodb_0557bc43eff59f45,Theophylline,Asthma,title_abstract,"""Theophylline""[Title/Abstract] AND ""Asthma""[Title/Abstract]",9753520,Asthma therapy: theophylline.,"Theophylline acts as a bronchodilator and has bronchoprotective activity in asthma. The importance of the anti-inflammatory properties of theophylline to its clinical efficacy remains uncertain. Theophylline has a place in management as an additional long term control medication for patients whose asthma is not controlled by an inhaled, short acting beta-agonists and inhaled steroid. For most patients an inhaled, long acting beta-agonist should be tried before oral theophylline. The relative efficacy and side effect profile of oral theophylline versus oral leukotriene modulators as an 'add on' therapy remain to be established.",Canadian respiratory journal,1998.0,Journal Article; Review,,NCBI PubMed E-utilities,success,,PubMed co-mention retrieval baseline only; not evidence polarity classification.
repodb_0557bc43eff59f45,Theophylline,Asthma,title_abstract,"""Theophylline""[Title/Abstract] AND ""Asthma""[Title/Abstract]",3442767,"Nonprescription availability of theophylline, epinephrine and ephedrine for asthma.",,CMAJ : Canadian Medical Association journal = journal de l'Association medicale canadienne,1987.0,Editorial,,NCBI PubMed E-utilities,success,,PubMed co-mention retrieval baseline only; not evidence polarity classification.
repodb_0557bc43eff59f45,Theophylline,Asthma,title_abstract,"""Theophylline""[Title/Abstract] AND ""Asthma""[Title/Abstract]",13964,Treatment of asthma with theophylline and beta adrenergic agents.,"The understanding of the properties of adrenergic receptors and modification of ring and the N-alkyl side chain constituents have resulted in adrenergic agents with a high degree of specificity for the lung and few cardiac and central nervous system stimulating problems. These agents are useful by aerosol and oral routes, alone and in addition to theophylline for asthma. Theophylline, which acts to increase cyclic AMP by inhibition of phosphodiesterase and beta 2 adrenergic agents which increase cyclic AMP by stimulating adenylate cyclase, are the mainstays of asthma therapy. Therapy is usually begun with theophylline. Persistent symptoms with adequate theophylline levels (10-20 mug/ml) indicates the need for a beta 2 adrenergic agent by aerosol or orally as a supplement. Occasional patients will not tolerate theophylline in any preparation and can be treated with beta 2 adrenergic agents with success. The future holds great promise for improved and safer beta 2 adrenergic agents which will offer the physician a more effective means of treating asthma.",Cutis,1976.0,Journal Article; Review,,NCBI PubMed E-utilities,success,,PubMed co-mention retrieval baseline only; not evidence polarity classification.
repodb_0557bc43eff59f45,Theophylline,Asthma,title_abstract,"""Theophylline""[Title/Abstract] AND ""Asthma""[Title/Abstract]",31388422,Efficacy and safety profile of doxofylline compared to theophylline in asthma: a meta-analysis.,"Oral methylxanthines are effective drugs for the treatment of chronic obstructive respiratory disorders. The novel methylxanthine doxofylline, that has bronchodilator and anti-inflammatory activities, is not affected by the major drawback of theophylline. Nowadays large-scale quantitative synthesis comparing the efficacy and safety profile of doxofylline vs. theophylline in the treatment of asthma is still lacking. Therefore, we performed a quantitative synthesis to compare the efficacy/safety profile of doxofylline and theophylline in asthma. A pairwise and network meta-analyses were performed to assess the impact of doxofylline vs. theophylline and placebo on the change in asthma events, risk of adverse events (AEs), forced expiratory volume in 1 s (FEV1), and salbutamol use. Data obtained from 696 asthmatic patients were extracted from 4 randomized controlled trials published between 2015 and 2018. Doxofylline was significantly (P < 0.05) more effective than theophylline in reducing the daily asthma events (mean difference - 0.14, 95%CI -0.27 - 0.00) and risk of AEs (relative risk 0.76, 95%CI 0.59-0.99). Doxofylline was as effective as theophylline in improving FEV1, and a trend of superiority (P = 0.058) was detected for doxofylline over theophylline with respect to the reduction in the use of salbutamol as rescue medication. The rank of effectiveness was doxofylline>theophylline> > placebo, and the rank of safety was placebo>doxofylline> > theophylline. Doxofylline is an effective and safe methylxanthine for the treatment of asthma, with an efficacy/safety profile greater than that of theophylline. Meta-analysis registration: CRD42019119849.",Multidisciplinary respiratory medicine,2019.0,Journal Article,10.1186/s40248-019-0189-0,NCBI PubMed E-utilities,success,,PubMed co-mention retrieval baseline only; not evidence polarity classification.
repodb_0557bc43eff59f45,Theophylline,Asthma,clinical,"""Theophylline"" AND ""Asthma"" AND (trial OR clinical OR patient OR therapy)",40637351,Intravenous Bronchodilators in Pediatric Critical Asthma: A Systematic Review and Network Meta-Analysis.,"Pediatric critical asthma is one of the most common pediatric illnesses in children admitted to the pediatric ward and pediatric intensive care unit (PICU). Adjunct intravenous (IV) bronchodilators are often used when initial management with systemic corticosteroids and inhaled short-acting beta agonists (SABA) fail to provide improvement in a patient's clinical condition. While the recent guidelines gave recommendations for the use of different IV bronchodilators compared to placebo, it did not include ranking on which one should be used as first-line or second-line agent. The aim of this network meta-analysis is to determine the effect of IV bronchodilators on patient-centered outcomes and rank medications based on their effectiveness in these outcomes. A systematic review was conducted using three databases MEDLINE, Embase, and CINAHL to identify randomized control trials examining the use of IV magnesium sulfate (MgSO4), IV methylxanthines (aminophylline or theophylline), IV SABA (salbutamol, terbutaline) in pediatric critical asthma patients. Bayesian network metanalytic framework was used to compare the interventions. Results are reported as odds ratio (OR) or mean difference (MD) and 95% Credible Interval (CrI). Twelve trials (n = 852) were included in the network meta-analysis. Largest reduction in hospital length of stay (LOS), PICU admission, and PICU LOS were noted with IV MgSO4; (MD: -3.1 days, 95% CrI: -6.9 days to 0.13 days), (OR 0.21; 95% CrI 0.02, 1.3), and (MD: -4.0 days, 95% CrI: -7.1 days to -1.2 days) respectively. IV MgSO4 was ranked first in three outcomes of interest with Surface Under the Cumulative Ranking curve (SUCRA) of 0.884 for hospital LOS, 0.919 for PICU admission, and 0.957 for PICU LOS. For preventing intubation, IV SABA was ranked the highest (SUCRA 0.995), but the only study with IV SABA had zero intubation events. In a sensitivity analysis that excluded studies with zero events, the intubation rate was lowest with IV MgSO4 (OR 0.10; 95% CrI 0.003, 0.88) and it was ranked the best treatment (SUCRA 0.921). In this network meta-analysis comparing different IV adjunct bronchodilators, IV MgSO4 was ranked first followed by IV SABA, and then IV methylxanthines. Given these findings and the favorable safety profile, ease of use, and low cost, IV MgSO4 appears most promising the first adjunct IV bronchodilator, however, further large high-quality trials are still needed before it can be endorsed as routine first-line agent.",Pediatric pulmonology,2025.0,Journal Article; Systematic Review; Network Meta-Analysis,10.1002/ppul.71192,NCBI PubMed E-utilities,success,,PubMed co-mention retrieval baseline only; not evidence polarity classification.
repodb_0557bc43eff59f45,Theophylline,Asthma,clinical,"""Theophylline"" AND ""Asthma"" AND (trial OR clinical OR patient OR therapy)",20091514,Caffeine for asthma.,"Caffeine has a variety of pharmacological effects; it is a weak bronchodilator and it also reduces respiratory muscle fatigue. It is chemically related to the drug theophylline which is used to treat asthma. It has been suggested that caffeine may reduce asthma symptoms and interest has been expressed in its potential role as an asthma treatment. A number of studies have explored the effects of caffeine in asthma, this is the first review to systematically examine and summarise the evidence. To assess the effects of caffeine on lung function and identify whether there is a need to control for caffeine consumption prior to either lung function or exhaled nitric oxide testing. We searched the Cochrane Airways Group trials register and the reference lists of articles (August 2009). We also contacted study authors. Randomised clinical trials of oral caffeine compared to placebo or coffee compared to decaffeinated coffee in adults with asthma. Trial selection, quality assessment and data extraction were done independently by two reviewers. Seven trials involving a total of 75 people with mild to moderate asthma were included. The studies were all of cross-over design .Six trials involving 55 people showed that in comparison with placebo, caffeine, even at a 'low dose' (< 5mg/kg body weight), appears to improve lung function for up to two hours after consumption. Forced expiratory volume in one minute showed a small improvement up to two hours after caffeine ingestion (SMD 0.72; 95% CI 0.25 to 1.20), which translates into a 5% mean difference in FEV1. However in two studies the mean differences in FEV1 were 12% and 18% after caffeine. Mid-expiratory flow rates also showed a small improvement with caffeine and this was sustained up to four hours.One trial involving 20 people examined the effect of drinking coffee versus a decaffeinated variety on the exhaled nitric oxide levels in patients with asthma and concluded that there was no significant effect on this outcome. Caffeine appears to improve airways function modestly, for up to four hours, in people with asthma . People may need to avoid caffeine for at least four hours prior to lung function testing, as caffeine ingestion could cause misinterpretation of the results. Drinking caffeinated coffee before taking exhaled nitric oxide measurements does not appear to affect the results of the test, but more studies are needed to confirm this.",The Cochrane database of systematic reviews,2010.0,Journal Article; Meta-Analysis; Systematic Review,10.1002/14651858.CD001112.pub2,NCBI PubMed E-utilities,success,,PubMed co-mention retrieval baseline only; not evidence polarity classification.
repodb_0557bc43eff59f45,Theophylline,Asthma,clinical,"""Theophylline"" AND ""Asthma"" AND (trial OR clinical OR patient OR therapy)",9753520,Asthma therapy: theophylline.,"Theophylline acts as a bronchodilator and has bronchoprotective activity in asthma. The importance of the anti-inflammatory properties of theophylline to its clinical efficacy remains uncertain. Theophylline has a place in management as an additional long term control medication for patients whose asthma is not controlled by an inhaled, short acting beta-agonists and inhaled steroid. For most patients an inhaled, long acting beta-agonist should be tried before oral theophylline. The relative efficacy and side effect profile of oral theophylline versus oral leukotriene modulators as an 'add on' therapy remain to be established.",Canadian respiratory journal,1998.0,Journal Article; Review,,NCBI PubMed E-utilities,success,,PubMed co-mention retrieval baseline only; not evidence polarity classification.
repodb_0557bc43eff59f45,Theophylline,Asthma,clinical,"""Theophylline"" AND ""Asthma"" AND (trial OR clinical OR patient OR therapy)",6320443,[Bronchodilators].,"Bronchodilating drugs can be divided into three main groups: beta-adrenergic stimulants including specific beta-2 receptor agonists (salbutamol, terbutaline, fenoterol) which are the agents of this group used in everyday practice, theophylline and its derivatives, and atropine-like drugs (ipratropium bromide). Bronchodilators act chiefly upon the spasm observed at the bronchial level in reversible obstructive phenomena (mainly asthma), their effect upon inflammation and hypersecretion being slight or controversial. Beta-stimulants have a relatively specific mode of action at the bronchial level in the setting of use in pneumology; they exhibit cardiac effects only at high doses and when used by oral or parenteral routes. Relative to isoprenaline, they also have the advantage of being active orally and over a longer period of time. They are given in maintenance treatment of asthma, by parenteral or oral routes or as aerosols. Main side effects of adrenergic beta-stimulants are tremor with oral administration, and tachycardia with very high doses by parenteral or oral routes; when given as aerosols these agents may fail to control severe attacks. The bronchodilating properties of theophylline have been known for a long time; late advances concerning this drug result from better knowledge of its pharmacokinetics. Recent studies have discriminated between serum levels correlated with therapeutic effectiveness and those accompanied with mild or severe side effects; in addition, it has been clearly shown that the half life of this alkaloid varies from one person to another and with various physiopathologic (age, dietary habits, liver failure, heart failure...) or pharmacologic (drug interactions with enzyme inductors or inhibitors...) factors; these recent advances have led to improved individual adjustment of theophylline dosage using serum concentration assays if needed. Theophylline is used in acute attacks and in maintenance therapy of asthma. Main side effects are digestive intolerance and, with toxic doses, neurologic disorders. Atropine-like drugs inhibit the effects of the parasympathetic reflex which results from stimulation of receptors by irritation of the respiratory tract, through the action of mediators. In this group, ipratropium is the only drug given in aerosols; this, together with its pharmacologic specificity, contributes to its tolerance. In some instances, the bronchodilating effect of ipratropium bromide is comparable to that of sympathomimetics.",La semaine des hopitaux : organe fonde par l'Association d'enseignement medical des hopitaux de Paris,1984.0,Clinical Trial; English Abstract; Journal Article; Review,,NCBI PubMed E-utilities,success,,PubMed co-mention retrieval baseline only; not evidence polarity classification.
repodb_0557bc43eff59f45,Theophylline,Asthma,clinical,"""Theophylline"" AND ""Asthma"" AND (trial OR clinical OR patient OR therapy)",11687099,Caffeine for asthma.,"Caffeine has a variety of pharmacological effects. It is chemically related to the drug theophylline which is used to treat asthma. Accordingly, interest has been expressed in its potential role as an asthma treatment. A number of studies have explored the effects of caffeine in asthma, this is the first review to systematically examine and summarise the evidence. Caffeine is a weak bronchodilator and it also reduces respiratory muscle fatigue. It has been suggested that caffeine may reduce asthma symptoms. The objective of this review was to assess the effects of caffeine on lung function and identify whether there is a need to control for caffeine consumption prior to lung function testing. We searched the Cochrane Airways Group trials register and the reference lists of articles. We also contacted study authors. Randomised trials of oral caffeine compared to placebo in adults with asthma. Trial quality assessment and data extraction were done independently by two reviewers. Six trials involving a total of 55 people were included. The studies were all of cross-over design and of high quality. In comparison with placebo, caffeine appears to improve lung function for up to two hours after consumption. Forced expiratory volume in one minute showed a small improvement up to two hours after caffeine use (standardised mean difference -0.73, 95% confidence interval -1.20 to -0.25). Mid-expiratory flow rates also showed a small improvement with caffeine and this was sustained up to four hours. An updated search in June 2001 did not identify any further studies. Caffeine appears to improve airways function modestly in people with asthma for up to four hours. People may need to avoid caffeine for at least four hours prior to lung function testing.",The Cochrane database of systematic reviews,2001.0,Journal Article; Systematic Review,10.1002/14651858.CD001112,NCBI PubMed E-utilities,success,,PubMed co-mention retrieval baseline only; not evidence polarity classification.
repodb_0557bc43eff59f45,Theophylline,Asthma,clinical,"""Theophylline"" AND ""Asthma"" AND (trial OR clinical OR patient OR therapy)",6200197,Cromolyn.,,Clinical reviews in allergy,1983.0,Clinical Trial; Journal Article; Review,10.1007/BF02991320,NCBI PubMed E-utilities,success,,PubMed co-mention retrieval baseline only; not evidence polarity classification.
repodb_0557bc43eff59f45,Theophylline,Asthma,clinical,"""Theophylline"" AND ""Asthma"" AND (trial OR clinical OR patient OR therapy)",17028513,[Difficult asthma].,"Difficult asthma is a major issue in pulmonary medicine today because of its cost for patients and society. Difficult asthma is asthma that remains uncontrolled despite optimal specialist management. The validity of the diagnosis must be reconsidered in these cases: associated or differential diagnoses may be involved in the lack of control, and it is always necessary to assess the patient's treatment adhesion. Sufficient time--at least a year--must be taken to get to know the patient and to meet the objectives set. The standard asthma therapies should be tested objectively. Severe asthma is the reality of difficult asthma that endures despite a reaffirmed diagnosis, optimal compliance and controlled comorbidities. Better knowledge is needed of the pathophysiology of these patients' asthma. Improved knowledge of these phenotypes will make it possible to develop innovative treatments. They will need to be validated in clinical research for subsequent use that is wider but more rational because targeted at phenotypes likely to benefit from them.","Presse medicale (Paris, France : 1983)",2006.0,English Abstract; Journal Article; Review,10.1016/s0755-4982(06)74842-4,NCBI PubMed E-utilities,success,,PubMed co-mention retrieval baseline only; not evidence polarity classification.
repodb_0557bc43eff59f45,Theophylline,Asthma,clinical,"""Theophylline"" AND ""Asthma"" AND (trial OR clinical OR patient OR therapy)",25213370,The acute management of asthma.,"Patients presenting to the emergency department (ED) or clinic with acute exacerbation of asthma (AEA) can be very challenging varying in both severity and response to therapy. High-dose, frequent or continuous nebulized short-acting beta2 agonist (SABA) therapy that can be combined with a short-acting muscarinic antagonist (SAMA) is the backbone of treatment. When patients do not rapidly clinically respond to SABA/SAMA inhalation, the early use of oral or parenteral corticosteroids should be considered and has been shown to impact the immediate need for ICU admission or even the need for hospital admission. Adjunctive therapies such as the use of intravenous magnesium and helium/oxygen combination gas for inhalation and for driving a nebulizer to deliver a SABA and or SAMA should be considered and are best used early in the treatment plan if they are likely to impact the patients' clinical course. The use of other agents such as theophylline, leukotriene modifiers, inhaled corticosteroids, long-acting beta2 agonist, and long-acting muscarinic antagonist currently does not play a major role in the immediate treatment of AEA in the clinic or the ED but is an important therapeutic option for physicians to be aware of and to consider initiating at the time of discharge from clinic, hospital, or ED to reduce later clinical worsening and readmission to the ED and hospital. A comprehensive summary is provided of the currently available respiratory pharmaceuticals approved for asthma and other airway syndromes. Clinicians must be prepared to use the entire spectrum of medications available for the treatment of acute asthma exacerbations and the agents that should be initiated to prevent worsening or additional exacerbations. They need to be familiar with the major potential drug toxicities associated with their use.",Clinical reviews in allergy & immunology,2015.0,Journal Article; Review,10.1007/s12016-014-8448-5,NCBI PubMed E-utilities,success,,PubMed co-mention retrieval baseline only; not evidence polarity classification.
repodb_0557bc43eff59f45,Theophylline,Asthma,clinical,"""Theophylline"" AND ""Asthma"" AND (trial OR clinical OR patient OR therapy)",16998094,Clinical trial of low-dose theophylline and montelukast in patients with poorly controlled asthma.,"Asthma treatment guidelines recommend addition of controller medications for patients with poorly controlled asthma. We compared the effectiveness of once-daily oral controller therapy with either an antileukotriene receptor antagonist (montelukast) or low-dose theophylline added to existing medications in patients with poorly controlled asthma. We conducted a randomized, double-masked, placebo-controlled trial in 489 participants with poorly controlled asthma randomly assigned to placebo, theophylline (300 mg/d), or montelukast (10 mg/d). Participants were monitored for 24 wk to measure the rate of episodes of poor asthma control (EPACs) defined by decreased peak flow, increased beta-agonist use, increased oral corticosteroid use, or unscheduled health care visits. There was no significant difference in EPAC rates (events/person/yr) compared with placebo: low-dose theophylline, 4.9 (95% confidence interval [CI], 3.6-6.7; not significant); montelukast, 4.0 (95% CI, 3.0-5.4; not significant); and placebo, 4.9 (95% CI, 3.8-6.4). Both montelukast and theophylline caused small improvements in prebronchodilator FEV(1) of borderline significance. Nausea was more common with theophylline only during the first 4 wk of treatment. Neither treatment improved asthma symptoms or quality of life. However, in patients not receiving inhaled corticosteroids, addition of low-dose theophylline significantly (p < 0.002) improved asthma control and symptoms as well as lung function. Neither montelukast nor low-dose theophylline lowered the EPAC rate of poor asthma control in patients with poorly controlled asthma despite improved lung function. For patients not using inhaled corticosteroids, low-dose theophylline improved asthma symptom control more than montelukast or placebo, and provides a safe and low-cost alternative asthma treatment.",American journal of respiratory and critical care medicine,2007.0,"Journal Article; Randomized Controlled Trial; Research Support, Non-U.S. Gov't",10.1164/rccm.200603-416OC,NCBI PubMed E-utilities,success,,PubMed co-mention retrieval baseline only; not evidence polarity classification.
repodb_0557bc43eff59f45,Theophylline,Asthma,clinical,"""Theophylline"" AND ""Asthma"" AND (trial OR clinical OR patient OR therapy)",31884206,A long-term clinical trial on the efficacy and safety profile of doxofylline in Asthma: The LESDA study.,"Doxofylline, an oral methylxanthine with bronchodilator and anti-inflammatory activities, offers a promising alternative to theophylline due to its superior efficacy/safety profile. No long-term studies on the efficacy and safety of doxofylline are currently available in asthma. The aim of the Long-term clinical trial on the Efficacy and Safety profile of Doxofylline in Asthma (LESDA) study was to investigate the safety and efficacy profile of doxofylline administered for one year in asthmatic patients. LESDA was a multicenter, open-label, Phase III, clinical trial in which adult asthmatic patients received the same treatment (oral doxofylline 400 mg t.i.d.) for one year. Efficacy was assessed through periodic pulmonary function tests and by having the subjects keep monthly records of asthma events rates and use of salbutamol as rescue medication. The rate of adverse events (AEs) was recorded during the study. Three-hundred nine patients were screened and allocated in the study. Doxofylline significantly improved the change from baseline in forced expiratory volume in 1 s (FEV1) (+16.90 ± 1.81%, P < 0.001 vs. baseline). Doxofylline also significantly improved the rate of asthma events (events/day: -0.57 ± 0.18, P < 0.05 vs. baseline) and the use of salbutamol as rescue medication (puffs/day: -1.48 ± 0.25, P < 0.01 vs. baseline). The most common AEs were nausea (14.56%), headache (14.24%), insomnia (10.68%), and dyspepsia (10.03%). There were neither serious AEs nor deaths during or shortly after the study. Concluding, doxofylline is effective and well tolerated when administered chronically in asthmatic patients.",Pulmonary pharmacology & therapeutics,2020.0,"Clinical Trial, Phase III; Journal Article; Multicenter Study; Randomized Controlled Trial; Research Support, Non-U.S. Gov't",10.1016/j.pupt.2019.101883,NCBI PubMed E-utilities,success,,PubMed co-mention retrieval baseline only; not evidence polarity classification.
repodb_0557bc43eff59f45,Theophylline,Asthma,clinical,"""Theophylline"" AND ""Asthma"" AND (trial OR clinical OR patient OR therapy)",11279764,Oral methyl-xanthines for bronchiectasis.,"Bronchiectasis is characterised by chronic sputum production,bronchial wall dilation,recurrent infection and airflow limitation. Methylxanthines are used in the management of airflow limitation associated with asthma and COPD, where they are also purported to have anti-inflammatory properties. In theory they may be of use in bronchiectasis. To determine the efficacy of methylxanthines in the treatment of bronchiectasis. The Cochrane Airways Group clinical trials register derived from MEDLINE,EMBASE and hand searches using the terms bronchiectasis, aminophylline, theophylline and methyl- xanthine Only randomised controlled trials were to be considered. The results of the searches were reviewed by two authors. Searches yielded seven trials none of which met the inclusion criteria. No randomised controlled trials were identified. Further research is required to establish if the methylxanthines have a role in the treatment of bronchiectasis.",The Cochrane database of systematic reviews,2001.0,Journal Article; Systematic Review,10.1002/14651858.CD002734,NCBI PubMed E-utilities,success,,PubMed co-mention retrieval baseline only; not evidence polarity classification.
repodb_0557bc43eff59f45,Theophylline,Asthma,clinical,"""Theophylline"" AND ""Asthma"" AND (trial OR clinical OR patient OR therapy)",14988770,Theophylline: mechanism of action and use in asthma and chronic obstructive pulmonary disease.,"Despite having been recognized for a long time as a cheap and effective therapy for the treatment of asthma and chronic obstructive pulmonary disease (COPD), theophylline is relegated to third-line therapy in the treatment of airway diseases due to the drug's frequent side effects and relatively low efficacy. However, regardless of the current situation, there are reasons for thinking that the use of theophylline, in addition to inhaled steroids, may come back into fashion for the treatment of chronic asthma, as it may have an anti-inflammatory and immunomodulatory effect when given in low doses. At these low doses, the drug is easier to use, side effects are uncommon and the problems of drug interaction are less of an issue, thus making the clinical use of theophylline less complicated. In COPD, low-dose theophylline is the first drug to demonstrate clear anti-inflammatory effects, and thus it may even have a role in preventing progression of the disease. Furthermore, the reversal of the steroid resistance induced by oxidative stress suggests that theophylline may increase responsiveness to corticosteroids.","Drugs of today (Barcelona, Spain : 1998)",2004.0,Journal Article; Review,10.1358/dot.2004.40.1.799438,NCBI PubMed E-utilities,success,,PubMed co-mention retrieval baseline only; not evidence polarity classification.
repodb_0557bc43eff59f45,Theophylline,Asthma,clinical,"""Theophylline"" AND ""Asthma"" AND (trial OR clinical OR patient OR therapy)",8941500,"Oral vs inhaled asthma therapy. Pros, cons and combinations.","A number of oral and inhaled drugs are available for the long term management of patients with persistent asthma, yet the disease continues to be associated with significant morbidity and mortality. Over the past years, inhaled glucocorticoids have become established as a cornerstone of maintenance therapy because of their demonstrated clinical efficacy, ability to reduce bronchial inflammation and good tolerability. Other inhaled drugs (e.g. sodium cromoglycate, nedocromil, long-acting beta 2 agonists) also play a role in the long term treatment of patients with asthma. However, many patients (especially children and the elderly) find inhalers difficult to use, and poor inhalation technique can affect the amount of drug reaching the lungs and response to therapy. Oral drug administration is simple, but, until recently, oral asthma therapy has primarily consisted of sustained-release theophylline and glucocorticoids. Theophylline has a narrow therapeutic index, necessitating regular monitoring of serum drug concentrations, and long term oral glucocorticoid therapy is associated with potentially serious adverse events including osteoporosis with bone fracture. The recent development of orally administered leukotriene receptor antagonists (e.g. zafirlukast) and 5-lipoxygenase inhibitors (e.g. zileuton) offers novel mechanisms of action and potential solutions to compliance issues associated with regular administration of inhaled asthma therapy. These drugs have demonstrated efficacy as maintenance therapy in patients with asthma and, importantly, lack the adverse effects associated with long term systemic glucocorticoid therapy. Further clinical trials and the increasing use of these new therapies will help to establish the precise role of orally administered leukotriene receptor antagonists and 5-lipoxygenase inhibitors in the long term management of patients with asthma.",Drugs,1996.0,"Comparative Study; Journal Article; Research Support, Non-U.S. Gov't; Review",10.2165/00003495-199600526-00005,NCBI PubMed E-utilities,success,,PubMed co-mention retrieval baseline only; not evidence polarity classification.
repodb_0557bc43eff59f45,Theophylline,Asthma,clinical,"""Theophylline"" AND ""Asthma"" AND (trial OR clinical OR patient OR therapy)",12768162,Ventilating the patient with severe asthma: nonconventional therapy.,"Conventional pharmacotherapy of severe asthma and status asthmaticus includes beta2-sympathomimetics, theophylline, corticosteroids and occasionally topical anticholinergics (ipratropium bromide). Since hypoxemia is the most severe phenomenon in status asthmaticus the administration of oxygen is mandatory. However, if the bronchodilating therapy fails and hypoxemia continues, usually respiratory failure develops due to progressive respiratory muscle failure. An increasing PaCO(2) and respiratory acidosis are indications for mechanical ventilatory support to unload the failing respiratory pump. Nowadays, there is increasing consensus that ventilatory support should be administered primarily as non-invasive ventilation (NIV) via a face mask1. However, in a significant number of patients with severe asthma NIV is either contraindicated or insufficient. In this case usually the patient must be endotracheally intubated and mechanically ventilated ""invasively"". Intubation and ventilation of patients with severe asthma or status asthmaticus is associated with a high incidence of complications compared to patients ventilated for other causes of respiratory failure2,3. Therefore the risks of invasive mechanical ventilation have to be weighted carefully to ongoing conservative therapy and NIV. Cardiopulmonary arrest and severe hypoxemia in spite of O2 supplement and NIV are absolute criteria for intubation and ventilation. Mostly deterioration in mental status and exhaustion are the clinical findings leading to mechanical ventilation. Decision is guided rather by the course of the deterioration (how fast the patient's condition is worsening) than by pathological values alone. An increased PaCO(2) with moderate respiratory acidosis alone is not per se an indication for mechanical ventilation. However, a continuously rising PaCO(2) or the development of a severe metabolic acidosis after 1 hour of NIV is a strong argument for invasive mechanical ventilation. Other criteria are evidence of cardiac failure with fall in pulse volume and dysrhythmias, pneumomediastinum or pneumothorax (which has to be drained before mechanical ventilation!).",Minerva anestesiologica,2003.0,Journal Article; Review,,NCBI PubMed E-utilities,success,,PubMed co-mention retrieval baseline only; not evidence polarity classification.
repodb_0557bc43eff59f45,Theophylline,Asthma,clinical,"""Theophylline"" AND ""Asthma"" AND (trial OR clinical OR patient OR therapy)",6693665,"Concomitant bitolterol mesylate aerosol and theophylline for asthma therapy, with 24 hr electrocardiographic monitoring.","A higher incidence of fatal asthma after increased use of combined inhaled beta 2-agonists and theophylline has been attributed to additive cardiac toxicity of these agents. This study had three major objectives: first, to evaluate the efficacy and safety of a new long-acting beta 2-agonist, bitolterol mesylate, given as metered-dose aerosol in a regular ""round-the-clock"" asthma medication regimen; second, to compare the efficacy and safety of bitolterol with those of sustained-release theophylline alone and of the combination of bitolterol and theophylline; third, to use 24 hr Holter monitoring to evaluate cardiac toxicity of the three medication regimens. This was a 6 wk double-blind study of regular, daily medication in 36 young non-steroid-dependent and 37 older steroid-dependent stable asthmatic patients. All patients had two 24 hr Holter ECG monitorings during the 2 wk baseline period when all patients received theophylline only and four further 24 hr Holter monitorings during the double-blind period. All Holter recordings from the study groups showed no significant abnormalities in any treatment group. Pulmonary function studies were performed on 4 study days in the 6 wk double-blind period. The largest increase in bronchodilator effect was obtained with combined medication and the smallest with theophylline alone. Mean duration of action was markedly longer in the combined treatment group (greater than 7 hr) than with bitolterol mesylate aerosol or theophylline alone (greater than 5 and greater than 4 hr, respectively) in the non-steroid-dependent patients. Degree of bronchodilation and duration of action was less in the steroid-dependent patients in all treatment groups. There is no evidence from cardiac monitoring that therapeutic doses of bitolterol mesylate or theophylline alone or in combination have cardiotoxic effects.",The Journal of allergy and clinical immunology,1984.0,Clinical Trial; Controlled Clinical Trial; Journal Article; Randomized Controlled Trial,10.1016/0091-6749(84)90481-0,NCBI PubMed E-utilities,success,,PubMed co-mention retrieval baseline only; not evidence polarity classification.
repodb_0557bc43eff59f45,Theophylline,Asthma,clinical,"""Theophylline"" AND ""Asthma"" AND (trial OR clinical OR patient OR therapy)",10513888,"Circadian rhythms in the pharmacokinetics and clinical effects of beta-agonist, theophylline, and anticholinergic medications in the treatment of nocturnal asthma.","Published asthma consensus reports now acknowledge that asthma is a nocturnal disease in as many as 75% of those afflicted by this medical condition. Nonetheless, the treatment of this chronic obstructive pulmonary disease in the clinic continues to be based primarily on homeostatic considerations in that it relies on long-acting bronchodilator and other therapies formulated and scheduled to ensure constant or near-constant levels of medication during the 24h. The need of asthma patients prone to nighttime attacks is not the same during the day and night; the therapeutic requirements of patients who experience nocturnal asthma, especially ones with the more severe forms of the disease, are often not satisfied by conventional medications. The therapeutic response and patient tolerance to bronchodilator medications can be improved markedly when the medications are proportioned during the 24h as a chronotherapy, that is, when more medication is delivered during nighttime sleep than daytime activity, as verified by numerous studies. This article reviews how the body's circadian rhythms influence the pharmacokinetics and effects of commonly prescribed asthma therapies and addresses why and how they must be taken into consideration to increase the effectiveness of asthma treatment.",Chronobiology international,1999.0,Journal Article; Review,10.3109/07420529908998734,NCBI PubMed E-utilities,success,,PubMed co-mention retrieval baseline only; not evidence polarity classification.
repodb_0557bc43eff59f45,Theophylline,Asthma,clinical,"""Theophylline"" AND ""Asthma"" AND (trial OR clinical OR patient OR therapy)",21708055,Update on asthma step-therapy.,"The 2007 NAEPP guidelines elegantly outline an evidence-based stepwise approach to evaluate, attain, and sustain asthma control. A conceptual paradigm shift in the 2007 guidelines is the focus on achievement of current asthma control to minimize future risk. Recently, the Food and Drug Administration (FDA) has revoiced concerns regarding asthma pharmacotherapy-related safety issues. In particular, they give guidance on stepping down of asthma therapy after control is achieved. Unfortunately, there are no published randomized controlled trials addressing this question, and current National Asthma Education and Prevention Program recommendations on this topic are evidence category D. This manuscript reviews some of the recent studies published since release of the Expert Panel Report 3 and FDA warnings that may add to our understanding of this issue.",Allergy and asthma proceedings,2010.0,Journal Article; Review,10.2500/aap.2010.31.3395,NCBI PubMed E-utilities,success,,PubMed co-mention retrieval baseline only; not evidence polarity classification.
repodb_0557bc43eff59f45,Theophylline,Asthma,clinical,"""Theophylline"" AND ""Asthma"" AND (trial OR clinical OR patient OR therapy)",30453869,Optimising treatment for severe asthma.,"The treatment landscape in severe asthma is changing rapidly, with multiple new therapies emerging that promise to transform patient outcomes. In a patient who is not responding to conventional therapy with inhaled corticosteroids and long-acting β2-agonists, it is important to first consider if the diagnosis of asthma is correct and, second, to reflect on whether readily modifiable factors are contributing to poor asthma control. In selected patients it may be appropriate to consider a modified n-of-1 trial of add-on therapies such as long-acting anti-muscarinic agents, leukotriene blockers, theophylline or low dose macrolide antibiotics. A number of monoclonal antibodies are now available that target the molecular pathways that contribute to asthma pathogenesis, and more such agents are likely to emerge in the near future. These biologicals can be transformative in selected patients, markedly reducing the frequency of asthma exacerbations, and allowing many patients to reduce or eliminate their use of long term oral corticosteroids. If the promise of personalised treatment is to be fully realised, it is important that better methods are developed to target these new and expensive treatments to patients most likely to respond. The ultimate goal of inducing remission or cure of asthma is still some distance away.",The Medical journal of Australia,2018.0,Journal Article,10.5694/mja18.00175,NCBI PubMed E-utilities,success,,PubMed co-mention retrieval baseline only; not evidence polarity classification.
repodb_0557bc43eff59f45,Theophylline,Asthma,clinical,"""Theophylline"" AND ""Asthma"" AND (trial OR clinical OR patient OR therapy)",29391776,Efficacy and side effects of intravenous theophylline in acute asthma: a systematic review and meta-analysis.,"Theophylline has been used for decades to treat both acute and chronic asthma. Despite its longevity in the practitioner's formulary, no detailed meta-analysis has been performed to determine the conditions, including concomitant medications, under which theophylline should be used for acute exacerbations of asthma. We aimed to quantify the usefulness and side effects of theophylline with or without ethylene diamine (aminophylline) in acute asthma, with particular emphasis on patient subgroups, such as children, adults, and concomitant medications. We searched PubMed, EMBASE, The Cochrane Library, ClinicalTrials.gov, and the WHO Clinical Trials Registry for randomized, controlled clinical trials. We planned a priori subgroup analyses by time post-medication, concomitant medication, control type, and age. We included 52 study arms from 42 individual trials. Of these, 29 study arms included an active control, such as adrenaline, beta-2 agonists, or leukotriene receptor antagonists, and 23 study arms compared theophylline (with or without ethylene diamine) with placebo or no drug. Theophylline significantly reduced heart rate when compared with active control (p=0.01) and overall duration of stay (p=0.002), but beta-2 agonists were superior to theophylline at improving forced expiratory volume in one second (FEV1) (p=0.002). Theophylline was not significantly different from other drugs in its effects on respiratory rate, forced vital capacity (FVC), peak expiratory flow rate, admission rate, use of rescue medication, oxygen saturation, or symptom score. Closer examination of the data revealed that the medications given in addition to theophylline or control significantly changed the effectiveness of theophylline (subgroup difference: p<0.00001). Given the low cost of theophylline, and its similar efficacy and rate of side effects compared with other drugs, we suggest that theophylline, when given with bronchodilators with or without steroids, is a cost-effective and safe choice for acute asthma exacerbations.","Drug design, development and therapy",2018.0,Journal Article; Meta-Analysis; Systematic Review,10.2147/DDDT.S156509,NCBI PubMed E-utilities,success,,PubMed co-mention retrieval baseline only; not evidence polarity classification.
repodb_0557bc43eff59f45,Theophylline,Asthma,clinical,"""Theophylline"" AND ""Asthma"" AND (trial OR clinical OR patient OR therapy)",24380710,Advances in the diagnosis and management of asthma in older adults.,"Global estimates on aging predict an increased burden of asthma in the older population. Consequently, its recognition, diagnosis, and management in clinical practice require optimization. This review aims to provide an update for clinicians, highlighting advances in the understanding of the aging process and immunosenescence together with their applicability to asthma from a diagnostic and therapeutic perspective. Aging impacts airway responses and immune function, and influences efficacy of emerging phenotype-specific therapies when applied to the elderly patient. Differentiating eosinophilic and neutrophilic disease accounts for atopic illness and distinguishes long-standing from late-onset asthma. Therapeutic challenges in drug delivery, treatment adherence, and side-effect profiles persist in the older patient, while novel recording devices developed to aid detection of an adequate inhalation evaluate treatment effectiveness and compliance more accurately than previously attainable. Anticytokine therapies improve control of brittle asthma, while bronchial thermoplasty is an option in refractory cases. Multidimensional intervention strategies prove best in the management of asthma in the older adult, which remains a condition that is not rare but rarely diagnosed in this patient population.",The American journal of medicine,2014.0,Journal Article; Review,10.1016/j.amjmed.2013.12.013,NCBI PubMed E-utilities,success,,PubMed co-mention retrieval baseline only; not evidence polarity classification.
repodb_0557bc43eff59f45,Theophylline,Asthma,negative,"""Theophylline"" AND ""Asthma"" AND (failed OR failure OR ineffective OR toxicity OR adverse OR discontinued)",30422557,,,,,,,NCBI PubMed E-utilities,success,,PubMed co-mention retrieval baseline only; not evidence polarity classification.
repodb_0557bc43eff59f45,Theophylline,Asthma,negative,"""Theophylline"" AND ""Asthma"" AND (failed OR failure OR ineffective OR toxicity OR adverse OR discontinued)",6367926,Theophylline.,,Clinical reviews in allergy,1983.0,Journal Article; Review,10.1007/BF02991318,NCBI PubMed E-utilities,success,,PubMed co-mention retrieval baseline only; not evidence polarity classification.
repodb_0557bc43eff59f45,Theophylline,Asthma,negative,"""Theophylline"" AND ""Asthma"" AND (failed OR failure OR ineffective OR toxicity OR adverse OR discontinued)",6129123,Combination bronchodilator therapy.,"Bronchodilators may be classified into 3 groups: anticholinergics, beta-adrenoceptor agonists and methylxanthines. These drugs act through related biochemical pathways and there are theoretical reasons for expecting beneficial additive or synergistic interactions between them. While there is in vitro evidence of synergistic interactions producing bronchodilatation, in vivo studies indicate that the interactions are additive rather than synergistic but still of therapeutic value. There have been no clinical studies on methylxanthines combined with anticholinergic drugs, but there is an extensive and growing literature on the other combinations. The majority show clear evidence of an additive bronchodilator effect when anticholinergics are combined with beta 2-adrenoceptor agonists, although atropine sulphate is less effective in this regard than atropine methylnitrate or ipratropium bromide. This type of combination has only been tested by inhalation and, because of the slower onset of action of the anticholinergic group, it is preferable that the beta 2-adrenoceptor agonist be inhaled first. There is no evidence for an additive interaction of the side effects of these drugs. In general, bronchitics respond better than asthmatics to anticholinergic drugs. Studies on methylxanthines (usually theophylline) and adrenoceptor agonists may be divided into 2 groups: those using ephedrine and those using more selective beta-adrenoceptor agonists. Ephedrine is a relatively ineffective bronchodilator and often fails to add any useful bronchodilatation to theophylline. Also, there does seem to be a synergistic increase in side effects of the two drugs and this combination is therefore undesirable. Ephedrine has now been superseded by the more selective beta 2-adrenoceptor agonist drugs all of which, whether given orally, intravenously or by inhalation, appear to have an additive effect with the methylxanthines. It is often possible to achieve the same therapeutic effect with half doses of drugs from 2 different groups as with a full dose of 1 drug. This may sometimes, but not always, reduce side effects. There is evidence that giving 2 drugs by different routes is a useful therapeutic procedure; for example, the addition of an inhaled beta 2-adrenoceptor agonist may improve upon the maximal bronchodilatation achieved with intravenous theophylline. When theophylline is administered plasma levels of the drug should be monitored and it is possible that, when used in combination with a beta 2-adrenoceptor agonist, a therapeutic range lower than that normally recommended may apply. There is no longer any place for fixed combination bronchodilators and, in spite of recent suggestions, there is no evidence that bronchodilator combinations are responsible for an increase in asthma mortality. Further studies to clarify some aspects of bronchodilator combinations are needed. The therapeutic use of various combinations is briefly discussed.",Drugs,1982.0,Journal Article; Review,10.2165/00003495-198224050-00004,NCBI PubMed E-utilities,success,,PubMed co-mention retrieval baseline only; not evidence polarity classification.
repodb_0557bc43eff59f45,Theophylline,Asthma,negative,"""Theophylline"" AND ""Asthma"" AND (failed OR failure OR ineffective OR toxicity OR adverse OR discontinued)",4019958,Theophylline toxicity.,"The adverse effects of theophylline were recognized soon after its introduction into clinical medicine. Reports of major toxic reactions to theophylline, particularly in children, discouraged its use and led to homeopathic dosing recommendations that had little therapeutic effect. Concomitant with the renaissance in theophylline use during the past decade, reports of theophylline toxicity have increased. The epidemiology of theophylline intoxication has changed in recent years, and today most instances of serious toxicity are due to intentional overdosage, as in a suicide attempt. The adverse effects of theophylline involve the gastrointestinal, nervous, cardiovascular, and urinary systems. In addition, significant metabolic derangements are noted in patients with severe intoxication. Treatment of theophylline intoxication involves attention to fluid and electrolyte balance and initiation of measures to remove theophylline from the body (gastric lavage or emesis, repeated charcoal administration by mouth, and charcoal hemoperfusion in serious cases).",The Journal of allergy and clinical immunology,1985.0,Journal Article,10.1016/0091-6749(85)90645-1,NCBI PubMed E-utilities,success,,PubMed co-mention retrieval baseline only; not evidence polarity classification.
repodb_0557bc43eff59f45,Theophylline,Asthma,negative,"""Theophylline"" AND ""Asthma"" AND (failed OR failure OR ineffective OR toxicity OR adverse OR discontinued)",6320443,[Bronchodilators].,"Bronchodilating drugs can be divided into three main groups: beta-adrenergic stimulants including specific beta-2 receptor agonists (salbutamol, terbutaline, fenoterol) which are the agents of this group used in everyday practice, theophylline and its derivatives, and atropine-like drugs (ipratropium bromide). Bronchodilators act chiefly upon the spasm observed at the bronchial level in reversible obstructive phenomena (mainly asthma), their effect upon inflammation and hypersecretion being slight or controversial. Beta-stimulants have a relatively specific mode of action at the bronchial level in the setting of use in pneumology; they exhibit cardiac effects only at high doses and when used by oral or parenteral routes. Relative to isoprenaline, they also have the advantage of being active orally and over a longer period of time. They are given in maintenance treatment of asthma, by parenteral or oral routes or as aerosols. Main side effects of adrenergic beta-stimulants are tremor with oral administration, and tachycardia with very high doses by parenteral or oral routes; when given as aerosols these agents may fail to control severe attacks. The bronchodilating properties of theophylline have been known for a long time; late advances concerning this drug result from better knowledge of its pharmacokinetics. Recent studies have discriminated between serum levels correlated with therapeutic effectiveness and those accompanied with mild or severe side effects; in addition, it has been clearly shown that the half life of this alkaloid varies from one person to another and with various physiopathologic (age, dietary habits, liver failure, heart failure...) or pharmacologic (drug interactions with enzyme inductors or inhibitors...) factors; these recent advances have led to improved individual adjustment of theophylline dosage using serum concentration assays if needed. Theophylline is used in acute attacks and in maintenance therapy of asthma. Main side effects are digestive intolerance and, with toxic doses, neurologic disorders. Atropine-like drugs inhibit the effects of the parasympathetic reflex which results from stimulation of receptors by irritation of the respiratory tract, through the action of mediators. In this group, ipratropium is the only drug given in aerosols; this, together with its pharmacologic specificity, contributes to its tolerance. In some instances, the bronchodilating effect of ipratropium bromide is comparable to that of sympathomimetics.",La semaine des hopitaux : organe fonde par l'Association d'enseignement medical des hopitaux de Paris,1984.0,Clinical Trial; English Abstract; Journal Article; Review,,NCBI PubMed E-utilities,success,,PubMed co-mention retrieval baseline only; not evidence polarity classification.
repodb_0557bc43eff59f45,Theophylline,Asthma,negative,"""Theophylline"" AND ""Asthma"" AND (failed OR failure OR ineffective OR toxicity OR adverse OR discontinued)",20859807,Methylxanthines in asthma.,"Methylxanthines represent a unique class of drugs for the treatment of asthma. The methylxanthine theophylline has demonstrated efficacy in attenuating the three cardinal features of asthma - reversible airflow obstruction, airway hyperresponsiveness, and airway inflammation. At doses achieving relatively high serum levels in which toxic side effects are sometimes observed, direct bronchodilatory effects of theophylline are recognized. At lower serum concentrations, theophylline is a weak bronchodilator but retains its capacity as an immunomodulator, anti-inflammatory, and bronchoprotective drug. Intense investigation into the molecular mechanisms of action of theophylline has identified several different points of action. Phosphodiesterase inhibition and adenosine receptor antagonism have both been implicated in promoting airway smooth muscle relaxation and bronchodilation. Similar mechanisms of action may explain the inhibitory effects of theophylline on immune cells. At lower concentrations that fail to inhibit phosphodiesterase, effects on histone deacetylase activity are believed to contribute to the immunomodulatory actions of theophylline. Since anti-inflammatory and immunomodulatory effects of methylxanthines are realized at lower serum concentrations than are required for bronchodilation, theophylline's predominant role in asthma treatment is as a controller medication for chronic, persistent disease.",Handbook of experimental pharmacology,2011.0,Journal Article; Review,10.1007/978-3-642-13443-2_17,NCBI PubMed E-utilities,success,,PubMed co-mention retrieval baseline only; not evidence polarity classification.
repodb_0557bc43eff59f45,Theophylline,Asthma,negative,"""Theophylline"" AND ""Asthma"" AND (failed OR failure OR ineffective OR toxicity OR adverse OR discontinued)",32094104,The effect of doxofylline in asthma and COPD.,"Theophylline is still one of the most widely prescribed drugs for the treatment of asthma and COPD in developing countries because the majority of asthma and COPD medicines are largely unavailable and also because it is a cheap option. In any case, its anti-inflammatory effects and capacity to reverse corticosteroid resistance deserve consideration, but it can induce numerous side effects and drug-drug interactions and frequently requires measurement of drug levels in plasma. In order to overcome the problems posed by theophylline, other xanthines have been developed. Doxofylline is a newer generation xanthine with both bronchodilating and anti-inflammatory activities and for this reason it has been called ""novofylline"". It differs substantially from theophylline at the pharmacological level. Clinical studies have shown substantial differences between doxofylline and theophylline. In particular, efficacy/safety profile of doxofylline is better than that of theophylline.",Respiratory medicine,2020.0,Journal Article; Review,10.1016/j.rmed.2020.105904,NCBI PubMed E-utilities,success,,PubMed co-mention retrieval baseline only; not evidence polarity classification.
repodb_0557bc43eff59f45,Theophylline,Asthma,negative,"""Theophylline"" AND ""Asthma"" AND (failed OR failure OR ineffective OR toxicity OR adverse OR discontinued)",2728504,Theophylline-isoniazid interaction.,"Drugs influencing hepatic microsomal enzyme systems, such as isoniazid, may affect the elimination pattern of theophylline. The case reported here refers to an adult female patient with a history of chronic asthma and intestinal tuberculosis who, during isoniazid therapy, presented with theophylline plasma concentrations above the therapeutic range and developed toxic symptoms. The initial episode of theophylline toxicity occurred after one month of coadministering isoniazed 300 mg/d and theophylline 350 mg bid. The theophylline plasma concentration during this episode was 24.1 micrograms/mL and was associated with the typical symptoms of theophylline toxicity. Rechallenge with isoniazide 300 mg/d and theophylline 400 mg bid showed a progressive increase in trough morning theophylline plasma levels, reaching a toxic concentration of 25.1 micrograms/mL on day 55. After withdrawal of isoniazid, theophylline concentrations gradually declined, reaching 12.9 micrograms/mL in 35 days. Theophylline toxicity in this patient might have been induced by chronic administration of isoniazid.",DICP : the annals of pharmacotherapy,1989.0,Case Reports; Journal Article,10.1177/106002808902300208,NCBI PubMed E-utilities,success,,PubMed co-mention retrieval baseline only; not evidence polarity classification.
repodb_0557bc43eff59f45,Theophylline,Asthma,negative,"""Theophylline"" AND ""Asthma"" AND (failed OR failure OR ineffective OR toxicity OR adverse OR discontinued)",29255355,Doxofylline is not just another theophylline!,"Doxofylline, which differs from theophylline in containing the dioxalane group at position 7, has comparable efficacy to theophylline in the treatment of respiratory diseases, but with an improved tolerability profile and a favorable risk-to-benefit ratio. Furthermore, it does not have significant drug-drug interactions as exhibited with theophylline, which make using theophylline more challenging, especially in elderly patients with co-morbidities receiving multiple classes of drug. It is now clear that doxofylline also possesses a distinct pharmacological profile from theophylline (no significant effect on any of the known phosphodiesterase isoforms, no significant adenosine receptor antagonism, no direct effect on histone deacetylases, interaction with β2-adrenoceptors) and therefore, should not be considered as just a modified theophylline. Randomized clinical trials of doxofylline to investigate the use of this drug to reduce exacerbations and hospitalizations due to asthma or COPD as an alternative to expensive biologics, and certainly as an alternative to theophylline are to be encouraged.",International journal of chronic obstructive pulmonary disease,2017.0,Journal Article; Review,10.2147/COPD.S150887,NCBI PubMed E-utilities,success,,PubMed co-mention retrieval baseline only; not evidence polarity classification.
repodb_0557bc43eff59f45,Theophylline,Asthma,negative,"""Theophylline"" AND ""Asthma"" AND (failed OR failure OR ineffective OR toxicity OR adverse OR discontinued)",12619955,Long-term management of asthma.,"Long-term management of asthma includes identification and avoidance of precipitating factors of asthma, pharmacotherapy and home management plan. Common precipitating factors include viral upper respiratory infections, exposure to smoke, dust, cold food and cold air. Avoidance of common precipitating factors has been shown to help in better control of asthma. Pharmacotherapy is the main stay of treatment of asthma. Commonly used drugs for better control of asthma are long and short acting bronchodilators, mast cell stabilizers, inhaled steroids, theophylline and steroid sparing agents. After assessment of severity most appropriate medications are selected. For mild episodic asthma the medications are short acting beta agonists as and when required. For mild persistent asthma: as and when required bronchodilators along with a daily maintenance treatment in form of low dose inhaled steroids or cromolyn or oral theophylline or leukotriene antagonists are required. Moderate persistent asthma should be treated with inhaled steroids along with long acting beta agonists for symptom control. For severe persistent asthma the recommended treatment includes inhaled steroids, long acting beta agonists with or without theophylline. If symptoms are not well controlled, a minimal dose of oral prednisolone preferably on alternate days may be needed in few patients. Patients should be followed up every 8-12 weeks. On each follow up visit patients should be examined by a doctor, compliance to medications should be checked and actual inhalation technique is observed. Depending on the assessment, medications may be decreased or stepped up. For exercise induced bronchoconstriction: cromolyn, short or long acting beta agonists or leukotriene antagonists may be used. In children with seasonal asthma, maintenance treatment according to assessed severity should be started 2 weeks in advance and continued throughout the season. These patients should be reassessed after discontinuing the treatment. Parents should be given a written plan for management of acute exacerbation at home.",Indian journal of pediatrics,2003.0,Journal Article; Review,10.1007/BF02722747,NCBI PubMed E-utilities,success,,PubMed co-mention retrieval baseline only; not evidence polarity classification.
repodb_0557bc43eff59f45,Theophylline,Asthma,negative,"""Theophylline"" AND ""Asthma"" AND (failed OR failure OR ineffective OR toxicity OR adverse OR discontinued)",23563369,Chronic obstructive pulmonary disease.,"The global prevalence of physiologically defined chronic obstructive pulmonary disease (COPD) in adults aged >40 yr is approximately 9-10 per cent. Recently, the Indian Study on Epidemiology of Asthma, Respiratory Symptoms and Chronic Bronchitis in Adults had shown that the overall prevalence of chronic bronchitis in adults >35 yr is 3.49 per cent. The development of COPD is multifactorial and the risk factors of COPD include genetic and environmental factors. Pathological changes in COPD are observed in central airways, small airways and alveolar space. The proposed pathogenesis of COPD includes proteinase-antiproteinase hypothesis, immunological mechanisms, oxidant-antioxidant balance, systemic inflammation, apoptosis and ineffective repair. Airflow limitation in COPD is defined as a postbronchodilator FEV1 (forced expiratory volume in 1 sec) to FVC (forced vital capacity) ratio <0.70. COPD is characterized by an accelerated decline in FEV1. Co morbidities associated with COPD are cardiovascular disorders (coronary artery disease and chronic heart failure), hypertension, metabolic diseases (diabetes mellitus, metabolic syndrome and obesity), bone disease (osteoporosis and osteopenia), stroke, lung cancer, cachexia, skeletal muscle weakness, anaemia, depression and cognitive decline. The assessment of COPD is required to determine the severity of the disease, its impact on the health status and the risk of future events (e.g., exacerbations, hospital admissions or death) and this is essential to guide therapy. COPD is treated with inhaled bronchodilators, inhaled corticosteroids, oral theophylline and oral phosphodiesterase-4 inhibitor. Non pharmacological treatment of COPD includes smoking cessation, pulmonary rehabilitation and nutritional support. Lung volume reduction surgery and lung transplantation are advised in selected severe patients. Global strategy for the diagnosis, management and prevention of Chronic Obstructive Pulmonary Disease guidelines recommend influenza and pneumococcal vaccinations.",The Indian journal of medical research,2013.0,Journal Article; Review,,NCBI PubMed E-utilities,success,,PubMed co-mention retrieval baseline only; not evidence polarity classification.
repodb_0557bc43eff59f45,Theophylline,Asthma,negative,"""Theophylline"" AND ""Asthma"" AND (failed OR failure OR ineffective OR toxicity OR adverse OR discontinued)",15857273,The management of asthma and rhinitis during pregnancy.,"Asthma and rhinitis frequently complicate pregnancy. The course of asthma may be adversely altered by gestation, placing the mother and fetus at risk. Therefore, pregnant patients with persistent asthma require an aggressive asthma management plan that includes environmental control measures and the use of long-term controller medications. Inhaled corticosteroids (ICSs) are the preferred long-term controller medication for persistent asthma, based on efficacy. However, safety concerns regarding corticosteroids may cause physicians or patients to seek an alternate, less effective treatment during pregnancy. The Food and Drug Administration's pregnancy category ratings are based on animal and human safety data. Because ICSs were previously rated pregnancy category C (i.e., with human studies lacking and animal studies either lacking or positive for fetal risk), other asthma controllers, such as cromolyn and nedocromil, that carry a pregnancy category B rating (i.e., showing no evidence of fetal risk in humans or animal studies negative for fetal risk) appeared to be more desirable for use during pregnancy. One ICS, budesonide, was reclassified as pregnancy category B based on human data supporting its use during pregnancy. In moderate and severe persistent asthma, add-on therapy may be considered, including long-acting beta2-adrenergic agonists, leukotriene receptor antagonists, and theophylline. Because rhinitis may adversely affect quality of life and the course of asthma, recommendations for aggressive management also apply.",Journal of women's health (2002),2005.0,"Journal Article; Research Support, Non-U.S. Gov't; Review",10.1089/jwh.2005.14.263,NCBI PubMed E-utilities,success,,PubMed co-mention retrieval baseline only; not evidence polarity classification.
repodb_0557bc43eff59f45,Theophylline,Asthma,negative,"""Theophylline"" AND ""Asthma"" AND (failed OR failure OR ineffective OR toxicity OR adverse OR discontinued)",3533398,Respiratory pharmacology. Methylxanthines.,"This article describes the changes that have occurred in the last decade with respect to theophylline: its analogs, its mode of action, and its pharmacokinetics. The underlying principles of the selection of oral, intravenous, or combination therapy with theophylline are presented, along with methods for avoiding and treating theophylline toxicity.",Clinics in chest medicine,1986.0,Journal Article; Review,,NCBI PubMed E-utilities,success,,PubMed co-mention retrieval baseline only; not evidence polarity classification.
repodb_0557bc43eff59f45,Theophylline,Asthma,negative,"""Theophylline"" AND ""Asthma"" AND (failed OR failure OR ineffective OR toxicity OR adverse OR discontinued)",8471184,Theophylline. Current thoughts on the risks and benefits of its use in asthma.,"Theophylline and its derivatives have been used in the treatment of asthma for over 50 years, but since the advent of more potent bronchodilators their use has become cloaked in controversy. Their continued existence results from their undoubted usefulness in severe acute asthma, nocturnal asthma, childhood asthma and moderate to severe chronic airflow limitation, and because of habitual use by physicians in other situations. The precise mechanism of action of theophylline remains uncertain. The role of phosphodiesterase inhibition and adenosine antagonism has been reviewed and the clinical significance of the anti-inflammatory action of theophylline discussed. Theophylline has unpredictable metabolism when first administered, and continued monitoring of drug concentrations is essential. Commonly encountered adverse effects may occur at therapeutic serum concentrations, frequently necessitating drug withdrawal. The overlapping therapeutic and toxic theophylline serum ranges can lead to life-threatening adverse effects at the upper end of the therapeutic range, especially in the elderly in whom special precaution is required.",Drug safety,1993.0,Journal Article; Review,10.2165/00002018-199308010-00003,NCBI PubMed E-utilities,success,,PubMed co-mention retrieval baseline only; not evidence polarity classification.
repodb_0557bc43eff59f45,Theophylline,Asthma,negative,"""Theophylline"" AND ""Asthma"" AND (failed OR failure OR ineffective OR toxicity OR adverse OR discontinued)",14988770,Theophylline: mechanism of action and use in asthma and chronic obstructive pulmonary disease.,"Despite having been recognized for a long time as a cheap and effective therapy for the treatment of asthma and chronic obstructive pulmonary disease (COPD), theophylline is relegated to third-line therapy in the treatment of airway diseases due to the drug's frequent side effects and relatively low efficacy. However, regardless of the current situation, there are reasons for thinking that the use of theophylline, in addition to inhaled steroids, may come back into fashion for the treatment of chronic asthma, as it may have an anti-inflammatory and immunomodulatory effect when given in low doses. At these low doses, the drug is easier to use, side effects are uncommon and the problems of drug interaction are less of an issue, thus making the clinical use of theophylline less complicated. In COPD, low-dose theophylline is the first drug to demonstrate clear anti-inflammatory effects, and thus it may even have a role in preventing progression of the disease. Furthermore, the reversal of the steroid resistance induced by oxidative stress suggests that theophylline may increase responsiveness to corticosteroids.","Drugs of today (Barcelona, Spain : 1998)",2004.0,Journal Article; Review,10.1358/dot.2004.40.1.799438,NCBI PubMed E-utilities,success,,PubMed co-mention retrieval baseline only; not evidence polarity classification.
repodb_0557bc43eff59f45,Theophylline,Asthma,negative,"""Theophylline"" AND ""Asthma"" AND (failed OR failure OR ineffective OR toxicity OR adverse OR discontinued)",1758831,Nocturnal asthma: mechanisms and the role of theophylline in treatment.,"Asthma is characterized by airway inflammation and hyper-responsiveness. Clinically, these features are manifested by attacks of cough, wheezing, and dyspnoea. Nocturnal asthma symptoms are frequent; 39% of asthmatics awaken nightly, and 94% have nocturnal awakenings at least once a month. A number of mechanisms have been hypothesized to explain the phenomenon of nocturnal asthma, including exposure to dust mite allergen, late-phase allergic reactions, effects of posture and sleep stage on airway tone, gastro-oesophageal reflex, impaired mucociliary clearance, airway cooling, and changes in circadian rhythms of circulating hormones. While no single mechanism can explain these changes, circadian rhythms may be particularly relevant. Normal airway tone increases during sleep and is magnified in asthmatics. Bronchial responsiveness to histamine and allergen challenge increases during sleep and mast cell mediator release is enhanced. Circulating eosinophils increase, which may allow their ingress into pulmonary tissue. Decreases in plasma catecholamine and cortisol levels have also been observed. All of these may influence airway tone, inflammation, and responsiveness during sleep and produce the observed clinical picture. Inhaled sympathomimetics are frequently ineffective in preventing nocturnal symptoms due to their short duration of action. While corticosteroids, cromoglycate, and anticholinergics are effective, sustained-release theophylline is particularly advantageous for controlling nocturnal symptoms. Once-daily theophylline when dosed in the evening not only controls nocturnal symptoms and improves airflow during the early morning hours, but decreases airway responsiveness to histamine as well. The close association between airway inflammation, airway hyper-responsiveness, and nocturnal asthma symptoms makes further studies of the mechanism of action of theophylline especially interesting.",Postgraduate medical journal,1991.0,"Journal Article; Research Support, U.S. Gov't, Non-P.H.S.; Review",,NCBI PubMed E-utilities,success,,PubMed co-mention retrieval baseline only; not evidence polarity classification.
repodb_0557bc43eff59f45,Theophylline,Asthma,negative,"""Theophylline"" AND ""Asthma"" AND (failed OR failure OR ineffective OR toxicity OR adverse OR discontinued)",6344032,"Theophylline. A ""state of the art"" review.","Theophylline is a bronchodilator and respiratory stimulant that is effective in the treatment of acute and chronic asthma, Cheyne-Stokes respirations, and apnea/bradycardia episodes in newborns. It is also used as an adjunct in the treatment of congestive heart failure and acute pulmonary edema, but it has no established efficacy in patients with chronic irreversible airways obstruction. Benefits and risks from theophylline relate directly to serum concentration, which is a function of both dose and elimination characteristics of the drug in an individual patient. When used to treat acute symptoms, an initial loading dose based on a mean volume of distribution is required to rapidly obtain maximum bronchodilator effect. Because of large interpatient differences in elimination, constant intravenous infusion rates for continued therapy must be guided by monitoring serum theophylline concentration at intervals until a steady-state serum concentration is reached within the 10-20 micrograms/ml therapeutic range. Intravenous, oral or rectal solutions and plain uncoated tablets are appropriate for acute therapy, while reliably absorbed slow-release formulations offer therapeutic advantages for the management of chronic asthma, particularly in patients with rapid elimination. Dosage for long-term therapy is determined by starting with low doses that allow virtually complete acceptance of the medication followed by gradual increases, if tolerated, at three day intervals until mean age-specific doses are reached. Subsequent adjustment in dosage regimens are then based upon serum concentration measurements. Most clinical laboratories now measure theophylline, and newer systems have been developed to provide emergency results within minutes at a reasonable cost. In cases of theophylline poisoning, the drug must be rapidly removed to prevent life-threatening toxicity. When serum concentrations are in excess of 60 micrograms/ml charcoal hemoperfusion dialysis may be indicated, even in the absence of obvious signs of toxicity.",Pharmacotherapy,1983.0,"Journal Article; Research Support, Non-U.S. Gov't; Research Support, U.S. Gov't, P.H.S.; Review",10.1002/j.1875-9114.1983.tb04531.x,NCBI PubMed E-utilities,success,,PubMed co-mention retrieval baseline only; not evidence polarity classification.
repodb_0557bc43eff59f45,Theophylline,Asthma,negative,"""Theophylline"" AND ""Asthma"" AND (failed OR failure OR ineffective OR toxicity OR adverse OR discontinued)",1092514,Interaction of ephedrine and theophylline.,"The effectiveness and safety of individualized theophylline doses administered as such and in combination with ephedrine and hydroxyzine was investigated in 23 children with chronic asthma who received these medications and a placebo for 1 week each, double-blind and in randomized sequence. Theophylline, determined by prior clinical titration in each patient, averaged 7.3 mg/kg per dose administered every 6 hr, with peak serum theophylline concentrations averaging about 16 mug/ml. Asthmatic symptoms were controlled with theophylline. Ephedrine, alone or in combination, was relatively ineffectual in these patients. None of the drugs given alone was associated with significant adverse effects but both ephedrine-theophylline combinations (with and without hydroxyzine) were associated with insomnia, nervousness, and gastrointestinal complaints. Since the combinations were not significantly more effective than theophylline alone, the apparent toxicity of these combinations suggests a contraindication for the routine use of ephedrine with theophylline in the management of chronic asthma.",Clinical pharmacology and therapeutics,1975.0,Clinical Trial; Journal Article; Randomized Controlled Trial,10.1002/cpt1975175585,NCBI PubMed E-utilities,success,,PubMed co-mention retrieval baseline only; not evidence polarity classification.
repodb_0557bc43eff59f45,Theophylline,Asthma,negative,"""Theophylline"" AND ""Asthma"" AND (failed OR failure OR ineffective OR toxicity OR adverse OR discontinued)",21695634,Phosphodiesterase inhibitors: history of pharmacology.,"The first pharmacological investigations of phosphodiesterase (PDE) inhibitors were developed with the clinical efficacies of drugs isolated from coffee, cacao and tea but only later their relevant ingredients were identified as xanthines that act as PDE. With its diuretic, inotropic and bronchodilating clinical efficacy, use of theophylline anticipated the clinical goals, which were later approached with the first-generation of weakly selective PDE inhibitors in the period from 1980 to 1990. Pharmacological and clinical research with these early compounds provided a vast pool of information regarding desired and adverse actions - although most of these new drugs had to be discontinued due to severe adverse effects. The pharmacological models for cardiac, vascular and respiratory indications were analysed for their PDE isoenzyme profiles, and when biochemical and molecular biological approaches expanded our knowledge of the PDE superfamily, the purified isoenzymes that were now available opened the door for more systematic studies of inhibitors and for generation of highly selective isoenzyme-specific drugs. The development of simple screening models and clinically relevant indication models reflecting the growing knowledge about pathomechanisms of disease are summarised here for today's successful application of highly selective PDE3, PDE4 and PDE5 inhibitors. The interplay of serendipitous discoveries, the establishment of intelligent pharmacological models and the knowledge gain by research results with new substances is reviewed. The broad efficacies of new substances in vitro, the enormous biodiversity of the PDE isoenzyme family and the sophisticated biochemical pharmacology enabled Viagra to be the first success story in the field of PDE inhibitor drug development, but probably more success stories will follow.",Handbook of experimental pharmacology,2011.0,Journal Article; Review,10.1007/978-3-642-17969-3_1,NCBI PubMed E-utilities,success,,PubMed co-mention retrieval baseline only; not evidence polarity classification.
repodb_0557bc43eff59f45,Theophylline,Asthma,negative,"""Theophylline"" AND ""Asthma"" AND (failed OR failure OR ineffective OR toxicity OR adverse OR discontinued)",29031617,Steroid sparing effects of doxofylline.,"Glucocorticosteroids are widely used in the treatment of asthma and chronic obstructive pulmonary disease (COPD). However, there are growing concerns about the side effect profile of this class of drug, particularly an increased risk of pneumonia. Over the last two decades there have been many attempts to find drugs to allow a reduction of glucocorticosteroids, including xanthines such as theophylline. Use of xanthines has been shown to lead to a reduction in the requirement for glucocorticosteroids, although xanthines also have a narrow therapeutic window limiting their wider use. Doxofylline is another xanthine that has been shown to be of clinical benefit in patients with asthma or COPD, but to have a wider therapeutic window than theophylline. In the present study we have demonstrated that doxofylline produces a clear steroid sparing effect in both an allergic and a non-allergic model of lung inflammation. Thus, we have shown that concomitant treatment with a low dose of doxofylline and a low dose of the glucocorticosteroid dexamethasone (that alone had no effect) significantly reduced both allergen-induced eosinophil infiltration into the lungs of allergic mice, and lipopolysaccharide (LPS)-induced neutrophil infiltration into the lung, equivalent to a higher dose of each drug. Our results suggest that doxofylline demonstrates significant anti-inflammatory activity in the lung which can result in significant steroid sparing activity.",Pulmonary pharmacology & therapeutics,2018.0,Journal Article,10.1016/j.pupt.2017.10.008,NCBI PubMed E-utilities,success,,PubMed co-mention retrieval baseline only; not evidence polarity classification.
repodb_0557bc43eff59f45,Theophylline,Asthma,mechanism,"""Theophylline"" AND ""Asthma"" AND (mechanism OR target OR pathway)",11775391,Theophylline revisited.,"Theophylline was first isolated in 1888 and remains the most commonly used medication worldwide for the treatment of asthma. It decreases the need for asthma rescue medications by people who have asthma and is an effective steroid-sparing agent for patients who tolerate it. Recently, investigators have shown that theophylline decreases airway inflammation, accelerates eosinophil apoptosis, and decreases recruitment of lymphocytes and neutrophils to the lungs at low doses. It is classified as a phosphodiesterase (PDE) inhibitor, but its therapeutic mechanism of action remains undetermined. Theophylline should be reevaluated as a long-term medication for the treatment of asthma because of its ease of use, low cost, and recent evidence of its anti-inflammatory actions.",Allergy and asthma proceedings,2001.0,Journal Article; Review,,NCBI PubMed E-utilities,success,,PubMed co-mention retrieval baseline only; not evidence polarity classification.
repodb_0557bc43eff59f45,Theophylline,Asthma,mechanism,"""Theophylline"" AND ""Asthma"" AND (mechanism OR target OR pathway)",23672674,Theophylline.,"Theophylline (dimethylxanthine) has been used to treat airway diseases for more than 80 years. It was originally used as a bronchodilator, but the relatively high doses required are associated with frequent side effects, so its use declined as inhaled β2-agonists became more widely used. More recently it has been shown to have antiinflammatory effects in asthma and chronic obstructive pulmonary disease (COPD) at lower concentrations. The molecular mechanism of bronchodilatation is inhibition of phosphodiesterase (PDE)3, but the antiinflammatory effect may be due to inhibition of PDE4 and histone deacetylase-2 activation, resulting in switching off of activated inflammatory genes. Through this mechanism, theophylline also reverses corticosteroid resistance, and this may be of particular value in severe asthma and COPD, wherein histone deacetylase-2 activity is reduced. Theophylline is given systemically (orally as slow-release preparations for chronic treatment and intravenously for acute exacerbations of asthma). Efficacy is related to blood concentrations, which are determined mainly by hepatic metabolism, which may be increased or decreased in several diseases and by concomitant drug therapy. Theophylline is now usually used as an add-on therapy in patients with asthma not well controlled on inhaled corticosteroids with or without long-acting β2-agonists and in patients with COPD with severe disease not controlled by bronchodilator therapy. Side effects are related to plasma concentrations and include nausea, vomiting, and headaches due to PDE inhibition and at higher concentrations to cardiac arrhythmias and seizures due to adenosine A1-receptor antagonism. In the future, low-dose theophylline may be useful in reversing corticosteroid resistance in COPD and severe asthma.",American journal of respiratory and critical care medicine,2013.0,Journal Article; Review,10.1164/rccm.201302-0388PP,NCBI PubMed E-utilities,success,,PubMed co-mention retrieval baseline only; not evidence polarity classification.
repodb_0557bc43eff59f45,Theophylline,Asthma,mechanism,"""Theophylline"" AND ""Asthma"" AND (mechanism OR target OR pathway)",27713276,Theophylline.,"Theophylline (3-methyxanthine) has been used to treat airway diseases for over 70 years. It was originally used as a bronchodilator but the relatively high doses required are associated with frequent side effects, so its use declined as inhaled β₂-agonists became more widely used. More recently it has been shown to have anti-inflammatory effects in asthma and COPD at lower concentrations. The molecular mechanism of bronchodilatation is inhibition of phosphodiesterase(PDE)3 and PDE4, but the anti-inflammatory effect may be due to histone deacetylase (HDAC) activation, resulting in switching off of activated inflammatory genes. Through this mechanism theophylline also reverses corticosteroid resistance and this may be of particular value in severe asthma and COPD where HDAC2 activity is markedly reduced. Theophylline is given systemically (orally as slow-release preparations for chronic treatment and intravenously for acute exacerbations of asthma) and blood concentrations are determined mainly by hepatic metabolism, which may be increased or decreased in several diseases and by concomitant drug therapy. Theophylline is now usually used as an add-on therapy in asthma patients not well controlled on inhaled corticosteroids and in COPD patients with severe disease not controlled by bronchodilator therapy. Side effects are related to plasma concentrations and include nausea, vomiting and headaches due to PDE inhibition and at higher concentrations to cardiac arrhythmias and seizures due to adenosine A₁-receptor antagonism.","Pharmaceuticals (Basel, Switzerland)",2010.0,Review; Journal Article,10.3390/ph3030725,NCBI PubMed E-utilities,success,,PubMed co-mention retrieval baseline only; not evidence polarity classification.
repodb_0557bc43eff59f45,Theophylline,Asthma,mechanism,"""Theophylline"" AND ""Asthma"" AND (mechanism OR target OR pathway)",30085566,,,,,,,NCBI PubMed E-utilities,success,,PubMed co-mention retrieval baseline only; not evidence polarity classification.
repodb_0557bc43eff59f45,Theophylline,Asthma,mechanism,"""Theophylline"" AND ""Asthma"" AND (mechanism OR target OR pathway)",9458523,Exercise-induced asthma.,"Exercise-induced asthma (EIA) is characterised by transient airway obstruction occurring after strenuous exertion. A fall of 10% or more in the FEV1 after exercise is diagnostic. Inhalation of large volumes of dry, cold air during exercise leads to loss of heat and water from the bronchial mucosa and airway cooling and drying. Proposed mechanisms for bronchoconstriction include: (i) mucosal drying and increased osmolarity stimulating mast cell degranulation; and (ii) rapid airway rewarming after exercise causing vascular congestion, increased permeability and oedema leading to obstruction. EIA symptoms start after exercise, peak 8 to 15 minutes after exercise and spontaneously resolve in about 60 minutes. A refractory period of up to 3 hours after recovery, during which repeat exercise causes less bronchospasm, has been observed. The amount of ventilation and the temperature of inspired air are important factors in determining the severity of EIA. Greater ventilation and cold, dry air increase the risk for EIA. Education regarding the nature and management of EIA is important not only for asthmatics but also for their families and coaches. With the proper precautions and workout techniques, there is no limit to what individuals with asthma can achieve in sports. Prevention is the main objective in managing EIA. Nonpharmacological measures include warming up before vigorous exertion, covering the mouth and nose in cold weather, exercising in warm, humidified environments if possible and warming down after exercise. Aerobic fitness and good control of baseline bronchial reactivity also help to diminish the effects of EIA. Inhaled beta-agonists are the medications of choice in EIA prophylaxis. Inhaled sodium cromoglycate (cromolyn sodium) or nedocromil may also be used. Agents that may be added if inhaled beta-agonists or sodium cromoglycate are not adequate include anticholinergic agents (such as ipratropium bromide), theophylline, calcium channel blockers, alpha-agonists, antihistamines and oral beta-agonists. Newer agents include antileukotriene agents, inhaled heparin and inhaled furosemide (frusemide).","Sports medicine (Auckland, N.Z.)",1998.0,Journal Article; Review,10.2165/00007256-199825010-00001,NCBI PubMed E-utilities,success,,PubMed co-mention retrieval baseline only; not evidence polarity classification.
repodb_0557bc43eff59f45,Theophylline,Asthma,mechanism,"""Theophylline"" AND ""Asthma"" AND (mechanism OR target OR pathway)",14988770,Theophylline: mechanism of action and use in asthma and chronic obstructive pulmonary disease.,"Despite having been recognized for a long time as a cheap and effective therapy for the treatment of asthma and chronic obstructive pulmonary disease (COPD), theophylline is relegated to third-line therapy in the treatment of airway diseases due to the drug's frequent side effects and relatively low efficacy. However, regardless of the current situation, there are reasons for thinking that the use of theophylline, in addition to inhaled steroids, may come back into fashion for the treatment of chronic asthma, as it may have an anti-inflammatory and immunomodulatory effect when given in low doses. At these low doses, the drug is easier to use, side effects are uncommon and the problems of drug interaction are less of an issue, thus making the clinical use of theophylline less complicated. In COPD, low-dose theophylline is the first drug to demonstrate clear anti-inflammatory effects, and thus it may even have a role in preventing progression of the disease. Furthermore, the reversal of the steroid resistance induced by oxidative stress suggests that theophylline may increase responsiveness to corticosteroids.","Drugs of today (Barcelona, Spain : 1998)",2004.0,Journal Article; Review,10.1358/dot.2004.40.1.799438,NCBI PubMed E-utilities,success,,PubMed co-mention retrieval baseline only; not evidence polarity classification.
repodb_0557bc43eff59f45,Theophylline,Asthma,mechanism,"""Theophylline"" AND ""Asthma"" AND (mechanism OR target OR pathway)",6129123,Combination bronchodilator therapy.,"Bronchodilators may be classified into 3 groups: anticholinergics, beta-adrenoceptor agonists and methylxanthines. These drugs act through related biochemical pathways and there are theoretical reasons for expecting beneficial additive or synergistic interactions between them. While there is in vitro evidence of synergistic interactions producing bronchodilatation, in vivo studies indicate that the interactions are additive rather than synergistic but still of therapeutic value. There have been no clinical studies on methylxanthines combined with anticholinergic drugs, but there is an extensive and growing literature on the other combinations. The majority show clear evidence of an additive bronchodilator effect when anticholinergics are combined with beta 2-adrenoceptor agonists, although atropine sulphate is less effective in this regard than atropine methylnitrate or ipratropium bromide. This type of combination has only been tested by inhalation and, because of the slower onset of action of the anticholinergic group, it is preferable that the beta 2-adrenoceptor agonist be inhaled first. There is no evidence for an additive interaction of the side effects of these drugs. In general, bronchitics respond better than asthmatics to anticholinergic drugs. Studies on methylxanthines (usually theophylline) and adrenoceptor agonists may be divided into 2 groups: those using ephedrine and those using more selective beta-adrenoceptor agonists. Ephedrine is a relatively ineffective bronchodilator and often fails to add any useful bronchodilatation to theophylline. Also, there does seem to be a synergistic increase in side effects of the two drugs and this combination is therefore undesirable. Ephedrine has now been superseded by the more selective beta 2-adrenoceptor agonist drugs all of which, whether given orally, intravenously or by inhalation, appear to have an additive effect with the methylxanthines. It is often possible to achieve the same therapeutic effect with half doses of drugs from 2 different groups as with a full dose of 1 drug. This may sometimes, but not always, reduce side effects. There is evidence that giving 2 drugs by different routes is a useful therapeutic procedure; for example, the addition of an inhaled beta 2-adrenoceptor agonist may improve upon the maximal bronchodilatation achieved with intravenous theophylline. When theophylline is administered plasma levels of the drug should be monitored and it is possible that, when used in combination with a beta 2-adrenoceptor agonist, a therapeutic range lower than that normally recommended may apply. There is no longer any place for fixed combination bronchodilators and, in spite of recent suggestions, there is no evidence that bronchodilator combinations are responsible for an increase in asthma mortality. Further studies to clarify some aspects of bronchodilator combinations are needed. The therapeutic use of various combinations is briefly discussed.",Drugs,1982.0,Journal Article; Review,10.2165/00003495-198224050-00004,NCBI PubMed E-utilities,success,,PubMed co-mention retrieval baseline only; not evidence polarity classification.
repodb_0557bc43eff59f45,Theophylline,Asthma,mechanism,"""Theophylline"" AND ""Asthma"" AND (mechanism OR target OR pathway)",27844172,Xanthines and Phosphodiesterase Inhibitors.,"Theophylline is an orally acting xanthine that has been used since 1937 for the treatment of respiratory diseases including asthma and chronic obstructive pulmonary disease (COPD). However, in most treatment guidelines, xanthines have now been consigned to third-line therapy because of their narrow therapeutic window and propensity for drug-drug interactions. However, lower than conventional doses of theophylline considered to be bronchodilator are now known to have anti-inflammatory actions of relevance to the treatment of respiratory disease. The molecular mechanism(s) of action of theophylline are not well understood, but several potential targets have been suggested including non-selective inhibition of phosphodiesterases (PDE), inhibition of phosphoinositide 3-kinase, adenosine receptor antagonism and increased activity of certain histone deacetylases. Although theophylline has a narrow therapeutic window, other xanthines are in clinical use that are claimed to have a better tolerability such as doxofylline and bamifylline. Nonetheless, xanthines still play an important role in the treatment of asthma and COPD as they can show clinical benefit in patients who are refractory to glucocorticosteroid therapy, and withdrawal of xanthines from patients causes worsening of disease, even in patients taking concomitant glucocorticosteroids.More recently the orally active selective PDE4 inhibitor, roflumilast, has been introduced into clinical practice for the treatment of severe COPD on top of gold standard treatment. This drug has been shown to improve lung function in patients with severe COPD and to reduce exacerbations, but is dose limited by a range side effect, particularly gastrointestinal side effects.",Handbook of experimental pharmacology,2017.0,Journal Article; Review,10.1007/164_2016_71,NCBI PubMed E-utilities,success,,PubMed co-mention retrieval baseline only; not evidence polarity classification.
repodb_0557bc43eff59f45,Theophylline,Asthma,mechanism,"""Theophylline"" AND ""Asthma"" AND (mechanism OR target OR pathway)",14769262,Antibiotics in asthma.,"Asthma pathogenesis appears to be a result of a complex mixture of genetic and environmental influences. There is evidence that Mycoplasma pneumoniae and Chlamydia pneumoniae play a role in promoting airway inflammation that could contribute to the onset and clinical course of asthma. If antimicrobial therapy can eradicate these organisms, it might be possible to alter the course of the disease. Although antibiotics have no role in the routine management of acute exacerbations of asthma, certain macrolide antibiotics have been shown to have anti-inflammatory activity. Part of this effect is due to their known inhibition of steroid and theophylline metabolism, but through a myriad of mechanisms that are incompletely understood, macrolide antibiotics have additional broad anti-inflammatory properties that might prove useful in the management of asthma and other inflammatory diseases.",Current allergy and asthma reports,2004.0,Journal Article; Review,10.1007/s11882-004-0058-5,NCBI PubMed E-utilities,success,,PubMed co-mention retrieval baseline only; not evidence polarity classification.
repodb_0557bc43eff59f45,Theophylline,Asthma,mechanism,"""Theophylline"" AND ""Asthma"" AND (mechanism OR target OR pathway)",17028513,[Difficult asthma].,"Difficult asthma is a major issue in pulmonary medicine today because of its cost for patients and society. Difficult asthma is asthma that remains uncontrolled despite optimal specialist management. The validity of the diagnosis must be reconsidered in these cases: associated or differential diagnoses may be involved in the lack of control, and it is always necessary to assess the patient's treatment adhesion. Sufficient time--at least a year--must be taken to get to know the patient and to meet the objectives set. The standard asthma therapies should be tested objectively. Severe asthma is the reality of difficult asthma that endures despite a reaffirmed diagnosis, optimal compliance and controlled comorbidities. Better knowledge is needed of the pathophysiology of these patients' asthma. Improved knowledge of these phenotypes will make it possible to develop innovative treatments. They will need to be validated in clinical research for subsequent use that is wider but more rational because targeted at phenotypes likely to benefit from them.","Presse medicale (Paris, France : 1983)",2006.0,English Abstract; Journal Article; Review,10.1016/s0755-4982(06)74842-4,NCBI PubMed E-utilities,success,,PubMed co-mention retrieval baseline only; not evidence polarity classification.
repodb_0557bc43eff59f45,Theophylline,Asthma,mechanism,"""Theophylline"" AND ""Asthma"" AND (mechanism OR target OR pathway)",8635298,Pulmonary pharmacology.,"This article reviews the basic principles of pharmacodynamics and pharmacokinetics, with a special emphasis on the pharmacologic considerations that must be taken into account when treating the patient with respiratory disease who is also pregnant or nursing the neonate. A description of the four classes of therapeutic agents used for COPD is given with a discussion of the scientific evidence for their safety during pregnancy. The understanding of asthma suggests that bronchodilators relieve the symptoms, while antiinflammatories suppress the disease. Direct administration to the target tissue by inhalation of the bronchodilators (beta-adrenoreceptor agonists and anticholinergics) and immunosuppressors (corticosteroids and cromolyn) leads to low systemic levels of these drugs, which reduces fetal drug exposure. Oral administration of beta-adrenoreceptor agonists, corticosteroids, and theophylline may be necessary to obtain sufficient maternal lung function and ensure adequate oxygenation of the fetus. This must be carefully weighed against the potential fetal and maternal risks involved with increased systemic levels of these drugs. A brief description of classes of drugs used for upper respiratory diseases (antihistamines, alpha-adrenergic agonists, corticosteroids, antitussives, and expectorants) and their safety during pregnancy is also given. There is concern that most alpha-adrenergic agonists increase blood pressure at therapeutic doses needed to relieve nasal congestion. Therefore, for pregnant patients requiring decongestants, opinion favors administration of pseudoephedrine, which has the most favorable therapeutic index, to reduce potential cardiovascular adverse reactions in the fetus. Intranasal administration of the newer corticosteroids, which have limited absorption, is useful for suppression of allergic rhinitis, while minimizing the risk of adverse reactions. The purpose of this article has been to provide pharmacologic/toxicologic information about commonly used respiratory drugs. This will to enable the clinician to make an educated decision regarding the choice of therapy for respiratory disorders to ensure that fetal and maternal outcomes are optimal.",Clinical obstetrics and gynecology,1996.0,"Journal Article; Research Support, U.S. Gov't, P.H.S.; Review",10.1097/00003081-199603000-00005,NCBI PubMed E-utilities,success,,PubMed co-mention retrieval baseline only; not evidence polarity classification.
repodb_0557bc43eff59f45,Theophylline,Asthma,mechanism,"""Theophylline"" AND ""Asthma"" AND (mechanism OR target OR pathway)",9756184,Theophylline and airway inflammation.,"The view of theophylline as a second-line bronchodilator in asthma therapy has begun to be reconsidered in recent years as the details of its additional actions on airway inflammation have emerged. Increasing understanding of the mechanisms of action of theophylline has led to an appreciation of the ways in which this, and other related drugs, may influence the development and maintenance of the airway inflammation that underlies asthma through alteration of inflammatory cell function. In addition, recent demonstrations that theophylline can suppress late-phase asthmatic reactions at serum concentrations below those traditionally regarded as therapeutically useful have provided evidence that theophylline's beneficial actions in asthma extend beyond mild bronchodilation. The apparent suppression of airway inflammation by theophylline in asthmatic patients reinforces data from ill vitro experiments, showing inhibitory actions of theophylline on the pro-inflammatory functions of many immune cells. Here, we review some recent advances in the understanding of theophylline's actions that suggest its role as an anti-inflammatory drug in asthmatic airways.",Clinical and experimental allergy : journal of the British Society for Allergy and Clinical Immunology,1998.0,Comparative Study; Journal Article; Review,,NCBI PubMed E-utilities,success,,PubMed co-mention retrieval baseline only; not evidence polarity classification.
repodb_0557bc43eff59f45,Theophylline,Asthma,mechanism,"""Theophylline"" AND ""Asthma"" AND (mechanism OR target OR pathway)",8471184,Theophylline. Current thoughts on the risks and benefits of its use in asthma.,"Theophylline and its derivatives have been used in the treatment of asthma for over 50 years, but since the advent of more potent bronchodilators their use has become cloaked in controversy. Their continued existence results from their undoubted usefulness in severe acute asthma, nocturnal asthma, childhood asthma and moderate to severe chronic airflow limitation, and because of habitual use by physicians in other situations. The precise mechanism of action of theophylline remains uncertain. The role of phosphodiesterase inhibition and adenosine antagonism has been reviewed and the clinical significance of the anti-inflammatory action of theophylline discussed. Theophylline has unpredictable metabolism when first administered, and continued monitoring of drug concentrations is essential. Commonly encountered adverse effects may occur at therapeutic serum concentrations, frequently necessitating drug withdrawal. The overlapping therapeutic and toxic theophylline serum ranges can lead to life-threatening adverse effects at the upper end of the therapeutic range, especially in the elderly in whom special precaution is required.",Drug safety,1993.0,Journal Article; Review,10.2165/00002018-199308010-00003,NCBI PubMed E-utilities,success,,PubMed co-mention retrieval baseline only; not evidence polarity classification.
repodb_0557bc43eff59f45,Theophylline,Asthma,mechanism,"""Theophylline"" AND ""Asthma"" AND (mechanism OR target OR pathway)",20859807,Methylxanthines in asthma.,"Methylxanthines represent a unique class of drugs for the treatment of asthma. The methylxanthine theophylline has demonstrated efficacy in attenuating the three cardinal features of asthma - reversible airflow obstruction, airway hyperresponsiveness, and airway inflammation. At doses achieving relatively high serum levels in which toxic side effects are sometimes observed, direct bronchodilatory effects of theophylline are recognized. At lower serum concentrations, theophylline is a weak bronchodilator but retains its capacity as an immunomodulator, anti-inflammatory, and bronchoprotective drug. Intense investigation into the molecular mechanisms of action of theophylline has identified several different points of action. Phosphodiesterase inhibition and adenosine receptor antagonism have both been implicated in promoting airway smooth muscle relaxation and bronchodilation. Similar mechanisms of action may explain the inhibitory effects of theophylline on immune cells. At lower concentrations that fail to inhibit phosphodiesterase, effects on histone deacetylase activity are believed to contribute to the immunomodulatory actions of theophylline. Since anti-inflammatory and immunomodulatory effects of methylxanthines are realized at lower serum concentrations than are required for bronchodilation, theophylline's predominant role in asthma treatment is as a controller medication for chronic, persistent disease.",Handbook of experimental pharmacology,2011.0,Journal Article; Review,10.1007/978-3-642-13443-2_17,NCBI PubMed E-utilities,success,,PubMed co-mention retrieval baseline only; not evidence polarity classification.
repodb_0557bc43eff59f45,Theophylline,Asthma,mechanism,"""Theophylline"" AND ""Asthma"" AND (mechanism OR target OR pathway)",9756189,Nocturnal asthma and the use of theophylline.,"The nocturnal worsening of asthma is a common event in asthma patients. Some studies have shown the prevalence of nocturnal asthma to be as high as 75% of patients. It is important to understand this phenomenon as nocturnal asthma is associated with decreased daytime cognitive function and increased morbidity and mortality. The exact mechanism for decrements in overnight lung function is not known. However, there are many different processes associated with nocturnal asthma. Day-to-night change in both circulating bronchodilating and bronchoconstricting mediators occur which favour airway narrowing and increased bronchial hyperresponsiveness at night. The beta2 adrenergic receptors decrease in both number and function at night which is associated with a genetic polymorphism, a glycine 16 substitution. Neuroinfluences such as increased nocturnal cholinergic tone also contribute to nocturnal asthma, and a hallmark of nocturnal asthma is increased airway inflammation during sleep. Long-acting theophylline preparations have long been associated with improvement in overnight lung function. Some of these agents can be used in a chronotherapeutic modality, that is, higher blood levels at night when the disease is worse and lower blood levels during the day when lung function is routinely better. Theophylline works as both a bronchodilator and an anti-inflammatory agent to improve nocturnal asthma.",Clinical and experimental allergy : journal of the British Society for Allergy and Clinical Immunology,1998.0,Comparative Study; Journal Article; Review,,NCBI PubMed E-utilities,success,,PubMed co-mention retrieval baseline only; not evidence polarity classification.
repodb_0557bc43eff59f45,Theophylline,Asthma,mechanism,"""Theophylline"" AND ""Asthma"" AND (mechanism OR target OR pathway)",16402117,Drugs for asthma.,"Current drug therapy for asthma is highly effective and has evolved from naturally occurring substances through logical pharmaceutical developments. Pharmacology has played a critical role in asthma drug development and several key experimental observations have been published in this journal. Understanding the pharmacology of effective drug therapies has also taught us much about the underlying mechanisms of asthma. beta(2)-Adrenoceptor agonists are the most effective bronchodilators and evolved from catecholamines from the adrenal medulla, whereas corticosteroids, from the adrenal cortex, are by far the most effective controllers of the underlying inflammatory process in the airways. The current 'gold standard' of asthma therapy is a combination inhaler containing a long-acting beta(2)-agonist with a corticosteroid - an improved form of adrenal gland extract. Cromoglycate, derived from a plant product and theophylline, a dietary methyl xanthine, have also been extensively used in the therapy of asthma, but we still do not understand their molecular mechanisms. Pharmacology has played an important role in improving natural products to make effective long lasting and safe asthma therapies, but has so far been challenged to produce new classes of antiasthma therapy. The only novel class of antiasthma therapy introduced in the last 30 years are leukotriene antagonists, which are less effective than existing treatments. New, more specific, therapies targeted at specific cytokines are less effective than corticosteroids, whereas more effective therapies carry a risk of side effects that may not be acceptable. It seems likely that pharmacology, rather than molecular genetics, will remain the main approach to the further improvement of treatment for asthma.",British journal of pharmacology,2006.0,Historical Article; Journal Article; Portrait,10.1038/sj.bjp.0706437,NCBI PubMed E-utilities,success,,PubMed co-mention retrieval baseline only; not evidence polarity classification.
repodb_0557bc43eff59f45,Theophylline,Asthma,mechanism,"""Theophylline"" AND ""Asthma"" AND (mechanism OR target OR pathway)",31207387,Transcription inhibitors and inflammatory cell activity.,"Inflammation is a central feature of asthma and chronic obstructive pulmonary disease (COPD). Despite recent advances in the knowledge of the pathogenesis of asthma and COPD, much more research on the molecular mechanisms of asthma and COPD are needed to aid the logical development of new therapies for these common and important diseases, particularly in COPD where no new effective treatments currently exist. In the future the role of the activation/repression of different transcription factors and the genetic regulation of their expression in asthma and COPD may be an increasingly important aspect of research, as this may be one of the critical mechanisms regulating the expression of different clinical phenotypes and their responsiveness to therapy, particularly to anti-inflammatory drugs.",Current opinion in pharmacology,2019.0,Journal Article; Review,10.1016/j.coph.2019.05.006,NCBI PubMed E-utilities,success,,PubMed co-mention retrieval baseline only; not evidence polarity classification.
repodb_0557bc43eff59f45,Theophylline,Asthma,mechanism,"""Theophylline"" AND ""Asthma"" AND (mechanism OR target OR pathway)",1758831,Nocturnal asthma: mechanisms and the role of theophylline in treatment.,"Asthma is characterized by airway inflammation and hyper-responsiveness. Clinically, these features are manifested by attacks of cough, wheezing, and dyspnoea. Nocturnal asthma symptoms are frequent; 39% of asthmatics awaken nightly, and 94% have nocturnal awakenings at least once a month. A number of mechanisms have been hypothesized to explain the phenomenon of nocturnal asthma, including exposure to dust mite allergen, late-phase allergic reactions, effects of posture and sleep stage on airway tone, gastro-oesophageal reflex, impaired mucociliary clearance, airway cooling, and changes in circadian rhythms of circulating hormones. While no single mechanism can explain these changes, circadian rhythms may be particularly relevant. Normal airway tone increases during sleep and is magnified in asthmatics. Bronchial responsiveness to histamine and allergen challenge increases during sleep and mast cell mediator release is enhanced. Circulating eosinophils increase, which may allow their ingress into pulmonary tissue. Decreases in plasma catecholamine and cortisol levels have also been observed. All of these may influence airway tone, inflammation, and responsiveness during sleep and produce the observed clinical picture. Inhaled sympathomimetics are frequently ineffective in preventing nocturnal symptoms due to their short duration of action. While corticosteroids, cromoglycate, and anticholinergics are effective, sustained-release theophylline is particularly advantageous for controlling nocturnal symptoms. Once-daily theophylline when dosed in the evening not only controls nocturnal symptoms and improves airflow during the early morning hours, but decreases airway responsiveness to histamine as well. The close association between airway inflammation, airway hyper-responsiveness, and nocturnal asthma symptoms makes further studies of the mechanism of action of theophylline especially interesting.",Postgraduate medical journal,1991.0,"Journal Article; Research Support, U.S. Gov't, Non-P.H.S.; Review",,NCBI PubMed E-utilities,success,,PubMed co-mention retrieval baseline only; not evidence polarity classification.
repodb_0557bc43eff59f45,Theophylline,Asthma,mechanism,"""Theophylline"" AND ""Asthma"" AND (mechanism OR target OR pathway)",29255355,Doxofylline is not just another theophylline!,"Doxofylline, which differs from theophylline in containing the dioxalane group at position 7, has comparable efficacy to theophylline in the treatment of respiratory diseases, but with an improved tolerability profile and a favorable risk-to-benefit ratio. Furthermore, it does not have significant drug-drug interactions as exhibited with theophylline, which make using theophylline more challenging, especially in elderly patients with co-morbidities receiving multiple classes of drug. It is now clear that doxofylline also possesses a distinct pharmacological profile from theophylline (no significant effect on any of the known phosphodiesterase isoforms, no significant adenosine receptor antagonism, no direct effect on histone deacetylases, interaction with β2-adrenoceptors) and therefore, should not be considered as just a modified theophylline. Randomized clinical trials of doxofylline to investigate the use of this drug to reduce exacerbations and hospitalizations due to asthma or COPD as an alternative to expensive biologics, and certainly as an alternative to theophylline are to be encouraged.",International journal of chronic obstructive pulmonary disease,2017.0,Journal Article; Review,10.2147/COPD.S150887,NCBI PubMed E-utilities,success,,PubMed co-mention retrieval baseline only; not evidence polarity classification.
repodb_0557bc43eff59f45,Theophylline,Asthma,mechanism,"""Theophylline"" AND ""Asthma"" AND (mechanism OR target OR pathway)",17965577,Airway remodeling in asthma.,"Airway remodeling can be defined as changes in the composition, content, and organization of the cellular and molecular constituents of the airway wall. Airway remodeling is a characteristic feature of asthma, and has important functional implications. These structural changes include epithelial detachment, subepithelial fibrosis, increased airway smooth muscle (ASM) mass, decreased distance between epithelium and ASM cells, goblet cell hyperplasia, mucus gland hyperplasia, proliferation of blood vessels and airway edema and changes in the cartilage. Each can contribute to airway hyperreactivity (AHR), and may eventually lead to irreversible airflow obstruction with disease progression. Structural changes can be observed from early onset of the disease and thus remodeling is thought to be characteristic of asthma. Some aspects of airway remodeling can be explained as a consequence of TH2 inflammation, although it has also been suggested that the exaggerated inflammation and remodeling seen in asthmatic airways is the consequence of abnormal injury and repair responses stemming from the susceptibility of bronchial epithelia to components of the inhaled environment. According to this view, remodeling occurs by way of a noninflammatory mechanism, where inflammation of airways and altered structure and function of the airways are parallel and interacting factors. Airway remodeling in established asthma is poorly responsive to current therapies, such as inhalation of corticosteroids and administration of beta(2)-agonists, antileukotrienes, and theophylline.",Allergology international : official journal of the Japanese Society of Allergology,2007.0,Journal Article; Review,10.2332/allergolint.R-07-153,NCBI PubMed E-utilities,success,,PubMed co-mention retrieval baseline only; not evidence polarity classification.
