pair_id,drug_name,disease_name,query_type,query_string,pmid,title,abstract,journal,publication_year,publication_type,doi,source,status,error_message,notes
repodb_0ee62470d8ffb2ae,Cisplatin,Esophageal neoplasm metastatic,direct,"""Cisplatin"" AND ""Esophageal neoplasm metastatic""",34519801,Effect of Camrelizumab vs Placebo Added to Chemotherapy on Survival and Progression-Free Survival in Patients With Advanced or Metastatic Esophageal Squamous Cell Carcinoma: The ESCORT-1st Randomized Clinical Trial.,"Standard first-line therapy for advanced or metastatic esophageal carcinoma is chemotherapy, but the prognosis remains poor. Camrelizumab (an anti-programmed death receptor 1 [PD-1] antibody) showed antitumor activity in previously treated advanced or metastatic esophageal squamous cell carcinoma. To evaluate the efficacy and adverse events of camrelizumab plus chemotherapy vs placebo plus chemotherapy as a first-line treatment in advanced or metastatic esophageal squamous cell carcinoma. This randomized, double-blind, placebo-controlled, multicenter, phase 3 trial (ESCORT-1st study) enrolled patients from 60 hospitals in China between December 3, 2018, and May 12, 2020 (final follow-up, October 30, 2020). A total of 751 patients were screened and 596 eligible patients with untreated advanced or metastatic esophageal squamous cell carcinoma were randomized. Patients were randomized 1:1 to receive either camrelizumab 200 mg (n = 298) or placebo (n = 298), combined with up to 6 cycles of paclitaxel (175 mg/m2) and cisplatin (75 mg/m2). All treatments were given intravenously every 3 weeks. Coprimary end points were overall survival (significance threshold, 1-sided P < .02) and progression-free survival (significance threshold, 1-sided P < .005). Of the 596 patients randomized (median age, 62 years [interquartile range, 56-67 years]; 523 men [87.8%]), 1 patient in the placebo-chemotherapy group did not receive planned treatment. A total of 490 patients (82.2%) had discontinued the study treatment. The median follow-up was 10.8 months. The overall survival for the camrelizumab-chemotherapy group was a median of 15.3 months (95% CI, 12.8-17.3; 135 deaths) vs a median of 12.0 months (95% CI, 11.0-13.3; 174 deaths) for the placebo-chemotherapy group (hazard ratio [HR] for death, 0.70 [95% CI, 0.56-0.88]; 1-sided P = .001). Progression-free survival for camrelizumab plus chemotherapy was a median of 6.9 months (95% CI, 5.8-7.4; 199 progression or deaths) vs 5.6 months (95% CI, 5.5-5.7; 229 progression or deaths) for the placebo-chemotherapy group (HR for progression or death, 0.56 [95% CI, 0.46-0.68]; 1-sided P < .001). Treatment-related adverse events of grade 3 or higher occurred in 189 patients (63.4%) in the camrelizumab-chemotherapy group and 201 (67.7%) in the placebo-chemotherapy group, including treatment-related deaths among 9 patients (3.0%) and 11 patients (3.7%), respectively. Among patients with advanced or metastatic esophageal squamous cell carcinoma, the addition of camrelizumab to chemotherapy, compared with placebo and chemotherapy, significantly improved overall survival and progression-free survival. ClinicalTrials.gov Identifier: NCT03691090.",JAMA,2021.0,"Clinical Trial, Phase III; Comparative Study; Journal Article; Multicenter Study; Randomized Controlled Trial; Research Support, Non-U.S. Gov't",10.1001/jama.2021.12836,NCBI PubMed E-utilities,success,,PubMed co-mention retrieval baseline only; not evidence polarity classification.
repodb_0ee62470d8ffb2ae,Cisplatin,Esophageal neoplasm metastatic,direct,"""Cisplatin"" AND ""Esophageal neoplasm metastatic""",40215279,FAO-fueled OXPHOS and NRF2-mediated stress resilience in MICs drive lymph node metastasis.,"Metastasis is an inefficient process requiring cancer cells to adapt metabolically for survival and colonization in new environments. The contributions of tumor metabolic reprogramming to lymph node (LN) metastasis and its underlying mechanisms remain elusive. Through single-cell RNA sequencing, we identified rare metastasis-initiating cells (MICs) with stem-like properties that drive early LN metastasis. Integrated transcriptome, lipidomic, metabolomic, and functional analyses demonstrated that MICs depend on oxidative phosphorylation (OXPHOS) fueled by fatty acid oxidation (FAO) in the lipid-rich LN microenvironment. Mechanistically, the NRF2-SLC7A11 axis promotes glutathione synthesis to mitigate oxidative stress, thereby enhancing stress resistance and metastatic potential of MICs. Inhibition of NRF2-SLC7A11 reduced LN metastasis and sensitized tumors to cisplatin. Clinically, elevated NRF2-SLC7A11 expression was observed in tumors, with high expression correlating with LN metastasis, chemoresistance, and poor prognosis in esophageal squamous cell carcinoma (ESCC). These findings highlight the pivotal roles of FAO-fueled OXPHOS and NRF2 in LN metastasis and suggest targeting these pathways as a promising therapeutic strategy for metastatic ESCC.",Proceedings of the National Academy of Sciences of the United States of America,2025.0,Journal Article,10.1073/pnas.2411241122,NCBI PubMed E-utilities,success,,PubMed co-mention retrieval baseline only; not evidence polarity classification.
repodb_0ee62470d8ffb2ae,Cisplatin,Esophageal neoplasm metastatic,direct,"""Cisplatin"" AND ""Esophageal neoplasm metastatic""",33975465,KEYNOTE-859: a Phase III study of pembrolizumab plus chemotherapy in gastric/gastroesophageal junction adenocarcinoma.,"Current guidelines recommend two-drug cytotoxic chemotherapy with a fluoropyrimidine (fluorouracil or capecitabine) and a platinum-based agent (oxaliplatin or cisplatin) as first-line treatment for advanced gastric cancer. Pembrolizumab monotherapy has demonstrated durable antitumor activity in patients with advanced programmed death ligand 1-positive (combined positive score ≥1) gastric/gastroesophageal junction adenocarcinoma. Accumulating evidence indicates that combining pembrolizumab with standard-of-care chemotherapy for the treatment of advanced or metastatic cancer improves clinical outcomes. We describe the rationale for and the design of the randomized, double-blind, placebo-controlled, Phase III KEYNOTE-859 study, which is investigating pembrolizumab in combination with chemotherapy as first-line treatment for patients with human epidermal growth factor receptor 2-negative advanced unresectable or metastatic gastric/gastroesophageal junction adenocarcinoma. The planned sample size is 1542 patients, and the primary end point is overall survival. Clinical trial registration: NCT03675737 (ClinicalTrials.gov).","Future oncology (London, England)",2021.0,Clinical Trial Protocol; Journal Article,10.2217/fon-2021-0176,NCBI PubMed E-utilities,success,,PubMed co-mention retrieval baseline only; not evidence polarity classification.
repodb_0ee62470d8ffb2ae,Cisplatin,Esophageal neoplasm metastatic,direct,"""Cisplatin"" AND ""Esophageal neoplasm metastatic""",39511164,First-line benmelstobart plus anlotinib and chemotherapy in advanced or metastatic/recurrent esophageal squamous cell carcinoma: a multi-center phase 2 study.,"Although first-line immunochemotherapy has improved prognosis for patients with advanced esophageal squamous cell carcinoma (ESCC), more effective strategies still require further investigation. This multi-center, phase II study (ClinicalTrials.gov NCT05013697) assessed the feasibility of benmelstobart (a novel PD-L1 inhibitor) plus anlotinib (multitargeted TKI) and chemotherapy in advanced or metastatic/recurrent ESCC. Eligible patients received 4-6 cycles (21-day) of benmelstobart (1200 mg), anlotinib (10 mg) plus paclitaxel (135 mg/m2)/cisplatin (60-75 mg/m2), then maintained with benmelstobart and anlotinib. Primary endpoint was progression-free survival (PFS) assessed according to RECIST v1.1. Secondary endpoints were tumor response, overall survival (OS), and safety assessed by adverse events (AEs). From September 2021 to November 2023, 50 patients were enrolled and received study treatment. With median follow-up of 23.7 months as of April 1, 2024, median PFS was 14.9 months (95% CI, 11.4-not estimable [NE]) and the 1-year PFS was 58.5% (95% CI, 41.9%-71.9%). Among 50 patients, confirmed objective response rate was 72.0% and disease control rate was 84.0%. Median duration of response of 36 responders was 16.2 months (95% CI, 10.2-NE). At the cutoff date, 31 patients remained alive; median OS was not reached (95% CI, 13.2 months-NE) with 1-year OS of 74.8% (95% CI, 59.8%-84.8%). Forty-six (92.0%) patients reported treatment-related AEs, with 37 (74.0%) were grade ≥3. Overall, benmelstobart plus anlotinib and chemotherapy showed promising efficacy and acceptable toxicity in advanced or metastatic/recurrent ESCC.",Signal transduction and targeted therapy,2024.0,"Journal Article; Clinical Trial, Phase II; Multicenter Study; Research Support, Non-U.S. Gov't",10.1038/s41392-024-02008-7,NCBI PubMed E-utilities,success,,PubMed co-mention retrieval baseline only; not evidence polarity classification.
repodb_0ee62470d8ffb2ae,Cisplatin,Esophageal neoplasm metastatic,direct,"""Cisplatin"" AND ""Esophageal neoplasm metastatic""",34160577,Long-term Efficacy of Neoadjuvant Chemoradiotherapy Plus Surgery for the Treatment of Locally Advanced Esophageal Squamous Cell Carcinoma: The NEOCRTEC5010 Randomized Clinical Trial.,"The prognosis of patients with locally advanced esophageal squamous cell carcinoma (ESCC) remains poor after surgery. Neoadjuvant chemoradiotherapy (NCRT) has been shown to potentially improve survival. To compare the treatment efficacy of NCRT plus surgery with surgery alone for long-term survival among patients with locally advanced ESCC. The Neoadjuvant Chemoradiotherapy for Esophageal Cancer 5010 study was a multicenter open-label randomized phase 3 clinical trial that enrolled patients between June 1, 2007, and December 31, 2014. Follow-up ended on December 31, 2019. The study was conducted at 8 centers in China. A total of 451 patients aged 18 to 70 years with thoracic ESCC stage T1-4N1M0/T4N0M0 were enrolled and randomized. Data were analyzed from December 1, 2019, to June 30, 2020. Patients randomized to receive NCRT plus surgery (NCRT group) received preoperative chemotherapy (25 mg/m2 of vinorelbine on days 1 and 8 and 75 mg/m2 of cisplatin on day 1 or 25 mg/m2 of cisplatin on days 1 to 4) every 3 weeks for 2 cycles and concurrent radiotherapy (40.0 Gy, administered in 20 fractions of 2.0 Gy for 5 days per week) followed by surgery. Patients randomized to receive surgery alone (surgery group) underwent surgery after randomization. The primary end point was overall survival in the intention-to-treat population. The secondary end point was disease-free survival. A total of 451 patients (mean [SD] age, 56.5 [7.0] years; 367 men [81.4%]) were randomized to the NCRT (n = 224) and surgery (n = 227) groups and were eligible for the intention-to-treat analysis. By December 31, 2019, 224 deaths had occurred. The median follow-up was 53.5 months (interquartile range, 18.2-87.4 months). Patients receiving NCRT plus surgery had prolonged overall survival compared with those receiving surgery alone (hazard ratio, 0.74; 95% CI, 0.57-0.97; P = .03), with a 5-year survival rate of 59.9% (95% CI, 52.9%-66.1%) vs 49.1% (95% CI, 42.3%-55.6%), respectively. Patients in the NCRT group compared with the surgery group also had prolonged disease-free survival (hazard ratio, 0.60; 95% CI, 0.45-0.80; P < .001), with a 5-year survival rate of 63.6% (95% CI, 56.0%-70.2%) vs 43.0% (95% CI, 36.0%-49.7%), respectively. In this randomized clinical trial, treatment with NCRT plus surgery significantly improved long-term overall survival and disease-free survival and therefore may be considered a standard of care for patients with locally advanced ESCC. ClinicalTrials.gov Identifier: NCT01216527.",JAMA surgery,2021.0,"Clinical Trial, Phase III; Comparative Study; Journal Article; Multicenter Study; Randomized Controlled Trial; Research Support, Non-U.S. Gov't",10.1001/jamasurg.2021.2373,NCBI PubMed E-utilities,success,,PubMed co-mention retrieval baseline only; not evidence polarity classification.
repodb_0ee62470d8ffb2ae,Cisplatin,Esophageal neoplasm metastatic,direct,"""Cisplatin"" AND ""Esophageal neoplasm metastatic""",36622553,Cost-Effectiveness Analysis of Toripalimab Plus Paclitaxel and Cisplatin as First-Line Treatment for Advanced or Metastatic Esophageal Squamous Cell Carcinoma.,"First-line treatment with toripalimab plus paclitaxel and cisplatin (TTP) is very effective for patients with advanced or metastatic esophageal squamous cell carcinoma (ESCC) in China, although its effects on economic burden are unknown. The present study aimed to evaluate the cost-effectiveness of TTP from the perspective of the Chinese healthcare system. A Markov model was established to evaluate the cost-effectiveness of first-line treatment with TTP for patients with advanced or metastatic ESCC. Survival data were derived from the JUPITER-06 trial. The costs and utilities were gathered from the literature and a local database. The primary outcomes were total costs, quality-adjusted life year (QALY), and incremental cost-effectiveness ratios (ICERs) at a willingness-to-pay (WTP). One-way and probability sensitivity analyses were used to evaluate the robustness of the model. The total cost of TTP was $123,646.43 and gained 1.10 QALYs, while the paclitaxel and cisplatin (TP) chemotherapy group yielded 0.84 QALY at cost of $16,259.65. First-line TTP treatment yielded an incremental cost of $7,386.78 with an additional 0.26 QALY, providing an ICER of $28,348.42/QALY, which was lower than the WTP threshold ($36,257.91) in China. TTP was likely more cost-effective than TP chemotherapy from the perspective of the Chinese healthcare system. This study may provide evidence required to establish decision-making criteria to support guidance for cost-effective selection of an immunotherapeutic regimen.",Advances in therapy,2023.0,"Journal Article; Research Support, Non-U.S. Gov't",10.1007/s12325-022-02402-z,NCBI PubMed E-utilities,success,,PubMed co-mention retrieval baseline only; not evidence polarity classification.
repodb_0ee62470d8ffb2ae,Cisplatin,Esophageal neoplasm metastatic,direct,"""Cisplatin"" AND ""Esophageal neoplasm metastatic""",27868295,Efficacy and safety of cisplatin-based versus nedaplatin-based regimens for the treatment of metastatic/recurrent and advanced esophageal squamous cell carcinoma: a systematic review and meta-analysis.,"Cisplatin and nedaplatin show significant antitumor activity and have been widely used for esophageal squamous cell carcinoma (ESCC). However, it is still unclear whether the efficacy and safety of nedaplatin-based regimens are comparable to those of cisplatin-based regimens in patients with metastatic/recurrent or advanced ESCC. Therefore, we conducted a systematic review and meta-analysis to compare the efficacy and safety of these two regimens for the treatment of metastatic/recurrent and advanced ESCC. We systematically searched Pubmed, Web of Science, and the Cochrane Database, as well as abstracts presented at conferences (all up to January 2015), for randomized-controlled and nonrandomized clinical trials that compared cisplatin-based and nedaplatin-based regimens in patients with metastatic/recurrent or advanced ESCC. Data were extracted from the original studies by two independent reviewers. This meta-analysis was performed using Review Manager (RevMan) Version 5.3 (Copenhagen: The Nordic Cochrane Centre, The Cochrane Collaboration, 2014) software. Ten eligible trials, including 598 patients diagnosed with metastatic/recurrent or advanced ESCC, were included in our analysis. Our results demonstrated that the nedaplatin-based regimens were comparable to the cisplatin-based regimens in terms of overall survival (OS) (hazard ratio, HR: 1.22, 95% confidence interval, CI: 0.86-1.74, p = 0.26) and overall response rate (ORR) (risk ratio, RR: 0.92, 95% CI: 0.77-1.10, p = 0.37) and generated fewer grade 3 and 4 side effects including nausea (RR: 3.41, 95% CI: 1.67-6.96, p < 0.001) and vomiting (RR: 3.62, 95% CI: 1.77-7.40, p < 0.001) and fewer grade 1 and 2 adverse events including nausea (RR: 1.54, 95% CI: 1.23-1.93, p < 0.001), vomiting (RR: 1.76, 95% CI: 1.76-2.30, p < 0.001), peripheral neuropathy (RR: 1.75, 95% CI: 1.08-2.84, p = 0.02) and renal dysfunction (creatinine) (RR: 3.28, 95% CI: 1.37-7.84, p = 0.008). This systematic review and meta-analysis indicated that the efficacy of nedaplatin-based regimens was comparable to that of cisplatin-based regimens for patients with metastatic/recurrent or advanced ESCC, and that nedaplatin-based regimens were associated with less toxicity and better tolerability. However, this study was a meta-analysis of previously released data; therefore, there is a potential publication bias and heterogeneity among the included trials. Future, well-designed RCTs with large cohorts are warranted.",Diseases of the esophagus : official journal of the International Society for Diseases of the Esophagus,2017.0,Journal Article; Meta-Analysis; Systematic Review,10.1111/dote.12490,NCBI PubMed E-utilities,success,,PubMed co-mention retrieval baseline only; not evidence polarity classification.
repodb_0ee62470d8ffb2ae,Cisplatin,Esophageal neoplasm metastatic,direct,"""Cisplatin"" AND ""Esophageal neoplasm metastatic""",27488873,"Phase II Study of Irinotecan and Cisplatin Combination Chemotherapy in Metastatic, Unresectable Esophageal Cancer.","The objective of this multicenter phase II study was to evaluate the efficacy and safety of irinotecan and cisplatin combination chemotherapy in metastatic, unresectable esophageal cancer. Patients were treated with irinotecan 65 mg/m2 and cisplatin 30 mg/m2 on days 1 and 8 of each 21-day treatment cycle. The primary endpoint was response rate, and secondary endpoints were survival, duration of response, initial metabolic response rate, and toxicity. A total of 27 patients with squamous cell histology were enrolled in the study. The median age of the patients was 61 years. The objective response rate of the 20 patients in the perprotocol group was 30.0% (90% confidence interval [CI], 13.2 to 46.9). The median follow-up duration was 10.0 months, and the median progression-free survival and overall survival were 4.5 months (95% CI, 1.6 to 6.2) and 8.8 months (95% CI, 4.7 to 10.5), respectively. Four of 13 patients (30.8%) evaluated showed initial metabolic response. The median duration of response for partial responders was 5.0 months (range, 3.4 to 8.0 months). The following grade 3/4 treatment-related hematologic toxicities were reported: neutropenia (40.7%), anaemia (22.2%), and thrombocytopenia (7.4%). Two patients experienced febrile neutropenia. The most common grade 3/4 non-hematologic toxicities were asthenia (14.8%) and diarrhoea (11.1%). Irinotecan and cisplatin combination chemotherapy showed modest anti-tumour activity and manageable toxicity for patients with metastatic, unresectable esophageal cancer.",Cancer research and treatment,2017.0,"Clinical Trial, Phase II; Journal Article; Multicenter Study",10.4143/crt.2016.121,NCBI PubMed E-utilities,success,,PubMed co-mention retrieval baseline only; not evidence polarity classification.
repodb_0ee62470d8ffb2ae,Cisplatin,Esophageal neoplasm metastatic,direct,"""Cisplatin"" AND ""Esophageal neoplasm metastatic""",41411970,RCN2 facilitates esophageal squamous cellular carcinoma metastasis and cisplatin resistance through UBR5-mediated PPP2CA ubiquitination and degradation.,"Metastatic progression and treatment resistance determine poor prognostic outcomes of patients with esophageal squamous cellular carcinoma (ESCC), highlighting the urgent need to understand the molecular mechanisms behind this. Reticulocalbin 2 (RCN2) is a calcium-binding protein localized in the endoplasmic reticulum lumen, which mediates tumor progression in various cancer types. However, the role of RCN2 in ESCC remains unexplored. The influence of RCN2 on ESCC progression, metastasis, and cisplatin (CDDP) resistance was assessed both in vitro and in vivo. The downstream regulatory mechanism associated with RCN2 was screened through RNA-seq, TMT 10X mass spectrometry analysis, and LC-MS/MS analysis, which was further validated through Western blot, immunoprecipitation, immunofluorescence, GST pull-down assay, and rescue experiments. We observed high RCN2 expression in ESCC tumor tissues from patients with metastasis, which is correlated with a higher risk of metastasis and worse survival. PPP2CA, a catalytic subunit of protein phosphatase 2 A (PP2A), and ubiquitin protein ligase E3 component N-recognin 5 (UBR5) are determined as novel RCN2 functioning interactors. Mechanistically, RCN2 facilitates PPP2CA ubiquitination and degradation dependent on the HECT domain of UBR5, thereby activating the PI3K-AKT signaling pathway. Furthermore, the activated RCN2-PPP2CA-PI3K-AKT axis is validated in clinical specimens of ESCC. Finally, targeted suppression of RCN2 synergized with CDDP treatment to prevent tumor growth and metastasis in subcutaneous and lung metastasis models. Overall, these findings identify RCN2 as a novel driver of ESCC metastasis and CDDP resistance. RCN2 could be a promising treatment target for ESCC.",Drug resistance updates : reviews and commentaries in antimicrobial and anticancer chemotherapy,2026.0,Journal Article,10.1016/j.drup.2025.101339,NCBI PubMed E-utilities,success,,PubMed co-mention retrieval baseline only; not evidence polarity classification.
repodb_0ee62470d8ffb2ae,Cisplatin,Esophageal neoplasm metastatic,direct,"""Cisplatin"" AND ""Esophageal neoplasm metastatic""",33789952,"Modified Docetaxel, Cisplatin, and Fluorouracil (mDCF) as a Neoadjuvant Chemotherapy for Non-metastatic Esophageal Cancer (nMEC).","Objective: Perioperative chemotherapy can potentially downstage esophageal cancer, reducing the risk of early systemic dissemination. One recommended neoadjuvant regimen for managing gastroesophageal junction and esophageal cancer is docetaxel, cisplatin, and 5-fluorouracil (DCF). To address the high toxicity profile of DCF, modifications in dosages and treatment intervals have been studied. We integrated a modified DCF regimen (mDCF) into a multimodal treatment approach for non-metastatic esophageal cancer (nMEC). Retrospectively, we sought to describe our community experience of administrating neoadjuvant mDCF to patients with nMEC.Design: Patients diagnosed with nMEC between August 2008 and November 2017 and prescribed mDCF were identified for retrospective review. Outcomes of interest included disease-free survival (DFS), overall survival (OS), and hematologic toxicities. Analyses were performed using SAS 9.4.Results: Thirty patients met inclusion criteria with a median age of 64.9 years; 90% were male. The 2-year and 5-year DFS was 60.8% and 41.7%, respectively, for adenocarcinoma and 71.4% and 71.4% for squamous cell carcinoma (SCC). The 2-year and 5-year OS was 64.9% and 44.5%, respectively, for adenocarcinoma and 71.4% and 71.4% for SCC. Both DFS and OS decreased with increasing disease stage, histology (adenocarcinoma versus squamous), esophageal compared to esophagogastric-junction involvement, and without surgical intervention. Frequent toxicity grades for leukopenia and thrombocytopenia were Grades I and II.Conclusion: Using an mDCF regimen in combination with chemoradiation +/- surgical resection in a community setting appears to have an acceptable toxicity profile as well as DFS and OS outcomes compared to chemotherapeutic regimens reported in other similar studies.",Clinical medicine & research,2021.0,Journal Article,10.3121/cmr.2021.1573,NCBI PubMed E-utilities,success,,PubMed co-mention retrieval baseline only; not evidence polarity classification.
repodb_0ee62470d8ffb2ae,Cisplatin,Esophageal neoplasm metastatic,direct,"""Cisplatin"" AND ""Esophageal neoplasm metastatic""",41160311,Safety and efficacy of conversion therapy for metastatic esophageal cancer: exploratory analysis of JCOG1314.,"Recent advances in multimodal treatments indicate that conversion therapy (CT) is a viable option for metastatic esophageal cancer (EC). JCOG1314 was a randomized phase III trial to confirm the survival benefit of docetaxel plus cisplatin plus 5-fluorouracil (DCF) versus cisplatin plus 5-fluorouracil (CF) for metastatic EC. The purpose of this analysis was to evaluate the safety and survival of CT in patients enrolled in JCOG1314. CT was defined as surgery or chemoradiotherapy (CRT) aimed at cure following initial treatment for tumors that were initially unresectable because of distant metastasis. Clinicopathological factors, surgical outcomes, toxicities during CRT, and survival were compared between the CT and non-CT groups. Of 240 patients enrolled in JCOG1314, excluding patients with recurrent disease, 154 with initially unresectable EC because of distant metastasis were selected. Of these patients, 21 received CT, which included conversion surgery (n = 5) and conversion CRT (n = 16). There was no significant difference in the number of metastatic organs or chemotherapy regimen between the CT and non-CT groups. The most common M1 factor in the CT group was the thoracic lymph node. The 3-year overall survival (OS) for the CT and non-CT groups was 52.4 and 14.3%, respectively. Multivariable analysis revealed that CT patients showed significantly better OS compared with the non-CT group (HR 0.36, 95% CI 0.19-0.67, p < 0.01). CT may be safely performed with a favorable prognosis in EC. A prospective study is warranted to determine whether CT improves survival in metastatic EC.",Esophagus : official journal of the Japan Esophageal Society,2026.0,"Journal Article; Clinical Trial, Phase III; Randomized Controlled Trial",10.1007/s10388-025-01163-2,NCBI PubMed E-utilities,success,,PubMed co-mention retrieval baseline only; not evidence polarity classification.
repodb_0ee62470d8ffb2ae,Cisplatin,Esophageal neoplasm metastatic,direct,"""Cisplatin"" AND ""Esophageal neoplasm metastatic""",20545978,"Doxorubicin, cisplatin, and fluorouracil combination therapy for metastatic esophageal squamous cell carcinoma.","The chemotherapy regimen currently used for treating esophageal and gastric carcinoma has been either epirubicin, cisplatin, and fluorouracil (5-FU) or docetaxel, cisplatin, and 5-FU. Here, we report the efficacy and toxicity of doxorubicin, cisplatin, and 5-FU for only esophageal squamous cell carcinoma (ESCC). Between January 2000 and October 2008, a total of 41 ESCC patients with a distant metastasis were enrolled. The most common sites of metastasis were liver (26, 63.4%), lung (9, 22.0%), and bone (8, 19.5%). Doxorubicin was administered on day 1 at 30 mg/m(2) , cisplatin on days 1-5 at 14 mg/m(2)/day, and 5-FU on days 1-5 at 700 mg/m(2)/day. The median number of cycles was 2.0 (range 1-8). The dose intensities of doxorubicin, cisplatin, and 5-FU were 92.9, 92.4, and 92.5%, respectively. The overall response rate was 43.9%; one showed complete response, 17 showed partial response, 13 showed a stable disease, and 10 showed progressive disease (PD). The median survival time was 306 days (95% CI = 74-935) and the 1-year survival rate was 37.6%. Grade 3 neutropenia was seen in seven patients and grade 4 in one patient. Grade 3 fatigue, anorexia, mucositis, and diarrhea were observed in three, two, two, and one patient, respectively. This regimen is effective as a first-line therapy for ESCC with distant metastasis.",Diseases of the esophagus : official journal of the International Society for Diseases of the Esophagus,2010.0,Clinical Trial; Journal Article,10.1111/j.1442-2050.2010.01070.x,NCBI PubMed E-utilities,success,,PubMed co-mention retrieval baseline only; not evidence polarity classification.
repodb_0ee62470d8ffb2ae,Cisplatin,Esophageal neoplasm metastatic,direct,"""Cisplatin"" AND ""Esophageal neoplasm metastatic""",17695436,Palliative chemotherapy for recurrent and metastatic esophageal cancer.,"More than two-thirds of patients diagnosed with esophageal cancer will have unresectable disease. The objective of this article is to review the clinical trials utilizing cytotoxic chemotherapy in patients with recurrent and metastatic esophageal cancer. A computerized (MEDLINE) search was performed to identify papers published on this topic between 1966 and 2007. A total of 96 trials were subsequently identified. Two randomized trials compared palliative chemotherapy with best supportive care in 180 patients with advanced esophageal cancer. Effectiveness and side-effects were evaluated in 49 phase II studies and 3 randomized phase III trials. Combination chemotherapy as compared to monochemotherapy is associated with significantly higher response rates but nevertheless results in similar survival. CF (cisplatin and 5-fluorouracil) currently represents one of the most effective regimens for advanced esophageal cancer, while among the newer combinations, irinotecan or taxane-based regimens have also given promising results. Prognosis for the majority of patients, however, remains poor as increases in survival were moderate at best.",Anticancer research,2007.0,"Clinical Trial, Phase III; Journal Article; Randomized Controlled Trial; Review",,NCBI PubMed E-utilities,success,,PubMed co-mention retrieval baseline only; not evidence polarity classification.
repodb_0ee62470d8ffb2ae,Cisplatin,Esophageal neoplasm metastatic,direct,"""Cisplatin"" AND ""Esophageal neoplasm metastatic""",19542899,Second-line combination chemotherapy with docetaxel and nedaplatin for Cisplatin-pretreated refractory metastatic/recurrent esophageal squamous cell carcinoma.,"There is an urgent need for an effective second-line chemotherapy regimen after failure of the standard cisplatin and 5-fluorouracil therapy. This study investigated the efficacy and toxicity of the combination of docetaxel (30 mg/m2) during a 1-hour infusion, followed by nedaplatin (50 mg/m2) during a 2-hour infusion (both drugs were administered on day 1 as an outpatient regimen and repeated every 2 weeks) as second-line chemotherapy for patients with cisplatin-pretreated refractory metastatic/recurrent esophageal squamous cell carcinoma after surgery. Forty-six of the 48 patients (95.8%) were assessable for response. Partial response was confirmed in 13 of 48 cases yielding a response rate of 27.1% (95% confidence interval [CI], 14.5-39.7%). The median overall time to progression and overall survival was 3.1 months (95% CI, 2.3-3.9 months) and 5.9 months (95% CI, 3.9-7.8 months), respectively. The estimate of overall survival at 12 months was 16.7% (95% CI, 6.1-27.2%). Grade 3 anemia leucopenia, grade 4 anemia leucopenia and neutropenia were detected in only 4 (8.7%), 8 (17.4%), and 9 patients (19.6%), respectively. The combination chemotherapy of docetaxel and nedaplatin in the outpatient setting is well tolerated and useful as second-line chemotherapy for cisplatin-pretreated refractory metastatic/recurrent esophageal squamous cell carcinoma.",Journal of thoracic oncology : official publication of the International Association for the Study of Lung Cancer,2009.0,Journal Article,10.1097/JTO.0b013e3181add9c7,NCBI PubMed E-utilities,success,,PubMed co-mention retrieval baseline only; not evidence polarity classification.
repodb_0ee62470d8ffb2ae,Cisplatin,Esophageal neoplasm metastatic,direct,"""Cisplatin"" AND ""Esophageal neoplasm metastatic""",22493377,"Phase II study of docetaxel, cisplatin and 5-fluorouracil (DCF) for metastatic esophageal cancer (OGSG 0403).","The aims of this multiple-institution phase II study were to evaluate the efficacy and tolerability of docetaxel, cisplatin and 5-fluorouracil (DCF) for the therapy of patients with metastatic squamous cell carcinoma of the esophagus (SCCE). Eligible patients included those with previously untreated SCCE, score of ECOG 0-2 and adequate organ function. Patients received 60 mg/m(2) docetaxel and 70 mg/m(2) cisplatin on day 1, and 600 mg/m(2) 5-fluorouracil on days 1-5 every four weeks. Twenty-nine (22 male, 7 female) patients with metastatic SCCE (M1a: 20, M1b: 9) were enrolled. Three cases achieved complete response and seven a partial response. In addition to these patients, three patients achieved good response and underwent surgical resection, giving an overall response rate of 34.5% (95% Confidene Interval=17.9-54.3) in confirmed cases and 44.8% (95% CI=26.4-64.3) in unconfirmed cases. Grade 3 or 4 hematological toxicities were as follows: leukopenia in 15 patients (52%), neutropenia in 22 patients (76%) and febrile neutropenia in 6 patients (21%), while grade 3 or 4 non-hematological toxicities were relatively rare. This DCF regimen was well tolerated; the results of this study provide information on the potential of DCF for treatment of patients with metastatic SCCE.",Anticancer research,2012.0,"Clinical Trial, Phase II; Journal Article",,NCBI PubMed E-utilities,success,,PubMed co-mention retrieval baseline only; not evidence polarity classification.
repodb_0ee62470d8ffb2ae,Cisplatin,Esophageal neoplasm metastatic,direct,"""Cisplatin"" AND ""Esophageal neoplasm metastatic""",40961635,"Polymeric micellar paclitaxel, cisplatin, and tislelizumab as first-line therapy for advanced unresectable esophageal squamous cell carcinoma: A phase II study with resistance profiling in poor responders.","To evaluate the efficacy and safety of polymeric micellar paclitaxel (Pm-Pac), cisplatin, and tislelizumab as first-line therapy for advanced/metastatic esophageal squamous cell carcinoma (ESCC), addressing limitations of conventional paclitaxel regimens related to steroid-induced immunosuppression. This phase II clinical trial enrolled 27 treatment-naïve patients with stage IV ESCC. The regimen consisted of Pm-Pac (230 mg/m²), cisplatin (70 mg/m²), and tislelizumab (200 mg) administered on day 1 of 21-day cycles. After two induction cycles, non-progressive patients received two additional cycles, followed by 12-month tislelizumab maintenance. objective response rate (ORR); secondary endpoints: progression-free survival (PFS), overall survival (OS), disease control rate (DCR), and safety. Exploratory analyses included blood counts, tumor markers, lymphocyte subsets, survival analysis, Kruskal-Wallis tests, clustering, and LASSO regression. The regimen achieved an ORR of 62.96 % (95 % CI: 0.45-0.81) with complete response (CR) in 7.4 % and partial response (PR) in 55.6 % of patients. Median PFS was 10.2 months, with 1-year OS probability of 81.48 %. Treatment was well-tolerated without grade ≥ 3 treatment-related adverse events or deaths. Exploratory predictive analyses suggested potential correlations between outcomes and hyperkalemia, CD4 +CD25 + T cells, lung metastases, and distant lymph node metastases. The Pm-Pac-based chemoimmunotherapy suggests encouraging efficacy and favorable safety in advanced ESCC, supporting its potential as a first-line steroid-free option. These findings highlight the role of nanotechnology in optimizing chemoimmunotherapy.",Drug resistance updates : reviews and commentaries in antimicrobial and anticancer chemotherapy,2026.0,"Journal Article; Clinical Trial, Phase II",10.1016/j.drup.2025.101300,NCBI PubMed E-utilities,success,,PubMed co-mention retrieval baseline only; not evidence polarity classification.
repodb_0ee62470d8ffb2ae,Cisplatin,Esophageal neoplasm metastatic,direct,"""Cisplatin"" AND ""Esophageal neoplasm metastatic""",14707499,Gemcitabine and cisplatin for patients with metastatic or recurrent esophageal carcinoma: a Southwest Oncology Group Study.,"Experimental data, both in vivo and in vitro, suggest that the combination of gemcitabine and cisplatin acts synergistically. Within the Southwest Oncology Group, we designed a Phase II trial to test this chemotherapy combination for patients with esophageal cancer. Patients with metastatic or recurrent esophageal cancer were treated with gemcitabine 1000 mg/m(2) on days 1, 8, and 15, and cisplatin 100 mg/m(2) on day 15. Cycles were repeated every 28 days. The statistical endpoint was overall survival. Sixty-four eligible patients were accrued from 37 institutions. Twenty-six percent of patients had prior chemotherapy. The treatment was generally well-tolerated, with the most common toxicity being neutropenia in 31% of patients. All 64 patients have died. Survival at 3 months was 81%, and at 1 year was 20%. Median survival was 7.3 months. This regimen is tolerable palliative option for patients with metastatic esophageal cancer.",Investigational new drugs,2004.0,"Clinical Trial; Clinical Trial, Phase II; Journal Article; Multicenter Study; Research Support, U.S. Gov't, P.H.S.",10.1023/b:drug.0000006179.20974.af,NCBI PubMed E-utilities,success,,PubMed co-mention retrieval baseline only; not evidence polarity classification.
repodb_0ee62470d8ffb2ae,Cisplatin,Esophageal neoplasm metastatic,direct,"""Cisplatin"" AND ""Esophageal neoplasm metastatic""",34773342,PD-L1 and PD-L2 expression status in relation to chemotherapy in primary and metastatic esophageal squamous cell carcinoma.,"Immune checkpoint inhibitors have shown efficacy in various cancers. Although programmed death ligand 1/2 (PD-L1/L2) expressions have been demonstrated as predictive biomarkers of response to immune checkpoint inhibitors and prognostic markers, whether PD-L1/L2 expression is altered in esophageal squamous cell carcinoma during the therapeutic course is unclear. Whether PD-L1/L2 expression in metastatic or recurrent lesions is consistent with that in primary tumors is also unknown. This study included 561 surgically resected esophageal squamous cell carcinomas and PD-L1/L2 expression was evaluated by immunohistochemistry. We investigated the influence of chemotherapeutic drugs (cisplatin and fluorouracil) on PD-L1/L2 expression and PD-L1/L2-related pathways in vitro. We also examined PD-L1/L2 expression in 18 surgically resected lymph node metastases and 10 recurrent lesions compared with primary lesions. The positive rate of PD-L1 was significantly higher in patients with preoperative chemotherapy than in those without preoperative therapy. The positive rate of PD-L2 expression showed no significant difference between patient groups. Cisplatin increased PD-L1 expression in cancer cell lines in vitro, but decreased PD-L2 in some cell lines. The effects of cisplatin on phosphorylated signal transducer and activator of transcription 1/3 (pSTAT1/3) also differed depending on cell lines. Fluorouracil increased PD-L1 and PD-L2 expression. PD-L1/L2 expression in lymph node metastases and recurrent lesions did not always match expression in primary lesions. PD-L1/L2 expression may be altered by preoperative chemotherapy, and PD-L1 /L2 expression in primary lesions does not always match that of metastatic/recurrent lesions. Thus, one-time evaluation is not sufficient to evaluate PD-L1/L2 expression as a biomarker in esophageal cancer.",Cancer science,2022.0,Comparative Study; Journal Article,10.1111/cas.15198,NCBI PubMed E-utilities,success,,PubMed co-mention retrieval baseline only; not evidence polarity classification.
repodb_0ee62470d8ffb2ae,Cisplatin,Esophageal neoplasm metastatic,direct,"""Cisplatin"" AND ""Esophageal neoplasm metastatic""",16330888,Docetaxel and cisplatin as first-line treatment for patients with metastatic esophageal cancer: a pilot study.,"We investigated the combination of docetaxel and cisplatin as first-line chemotherapy in patients with metastatic esophageal cancer. 16 chemotherapy-naïve patients with distant metastases were included in the study (15 male, 1 female; median age: 58.5 years (range 37-69); median ECOG performance status: 1). 11 patients (69%) had esophageal cancer, and 5 patients (31%) had cancer of the gastroesophageal junction. Patients received docetaxel 75 mg/m2 and cisplatin 80 mg/m2 on day 1 every 3 weeks. A total of 55 chemotherapy cycles was administered. The median number of cycles was 3 (range 1-6). The overall response rate was 31.3%. 4 out of 10 patients (40%) with squamous cell carcinoma and 1 out of 5 patients (20%) with adenocarcinoma responded to chemotherapy. The median overall survival was 29.6 weeks, and the median progression-free survival was 18.6 weeks. Hematological and non-hematological toxicities were moderate (neutropenia WHO grade III/IV: 42.9%, alopecia grade II/III: 64.3%, nausea/vomiting grade II/III: 57.2%, neurotoxicity grade II: 14.3%). The combination of docetaxel and cisplatin is an active regimen with moderate toxicity in the treatment of patients with metastatic esophageal cancer. This pilot study demonstrates the feasibility of a combination treatment containing a taxane and cisplatin in metastatic esophageal cancer.",Onkologie,2005.0,"Clinical Trial; Journal Article; Research Support, Non-U.S. Gov't",10.1159/000089102,NCBI PubMed E-utilities,success,,PubMed co-mention retrieval baseline only; not evidence polarity classification.
repodb_0ee62470d8ffb2ae,Cisplatin,Esophageal neoplasm metastatic,direct,"""Cisplatin"" AND ""Esophageal neoplasm metastatic""",38607538,First-line pembrolizumab plus chemotherapy for advanced/metastatic esophageal cancer: 1-year extended follow-up in the Japanese subgroup of the phase 3 KEYNOTE-590 study.,"First-line pembrolizumab plus chemotherapy (pembrolizumab-chemotherapy) demonstrated improved efficacy and a manageable safety profile versus placebo plus chemotherapy (placebo-chemotherapy) in the subgroup analysis of Japanese patients with advanced/metastatic esophageal cancer in KEYNOTE-590 at a median follow-up of 24.4 months. Longer-term data from the Japanese subgroup analysis of KEYNOTE-590 are reported. Patients were randomly assigned 1:1 to pembrolizumab 200 mg or placebo every 3 weeks for ≤ 35 cycles plus chemotherapy (cisplatin 80 mg/m2 and 5-fluorouracil 800 mg/m2/day). Endpoints included overall survival (OS) and progression-free survival (PFS; investigator-assessed per RECIST v1.1; dual primary) and safety (secondary). Early tumor shrinkage (ETS) and depth of response (DpR) were assessed post hoc. Overall, 141 patients were enrolled in Japan. As of July 9, 2021, median follow-up was 36.6 months (range, 29.8-45.7). Pembrolizumab-chemotherapy showed a trend toward favorable OS (hazard ratio [HR], 0.70; 95% confidence interval [CI] 0.47-1.03) and PFS (0.57; 0.39-0.83) versus placebo-chemotherapy. In the pembrolizumab-chemotherapy group, patients with ETS ≥ 20% (55/74; 74.3%) versus < 20% (19/74; 25.7%) had favorable OS (HR, 0.23; 95% CI 0.12-0.42) and PFS (0.24; 0.13-0.43). Patients with DpR ≥ 60% (31/74; 41.9%) versus < 60% (43/74; 58.1%) had favorable OS (HR, 0.37; 95% CI 0.20-0.68) and PFS (0.24; 0.13-0.43). Grade 3-5 treatment-related adverse events occurred in 55/74 patients (74.3%) with pembrolizumab-chemotherapy and 41/67 patients (61.2%) with placebo-chemotherapy. With longer-term follow-up of Japanese patients with advanced/metastatic esophageal cancer, efficacy continued to favor pembrolizumab-chemotherapy compared with placebo-chemotherapy, with no new safety signals observed. ClinicalTrials.gov, NCT03189719.",Esophagus : official journal of the Japan Esophageal Society,2024.0,"Journal Article; Randomized Controlled Trial; Clinical Trial, Phase III; Multicenter Study",10.1007/s10388-024-01053-z,NCBI PubMed E-utilities,success,,PubMed co-mention retrieval baseline only; not evidence polarity classification.
repodb_0ee62470d8ffb2ae,Cisplatin,Esophageal neoplasm metastatic,clinical,"""Cisplatin"" AND ""Esophageal neoplasm metastatic"" AND (trial OR clinical OR patient OR therapy)",38806195,"Tislelizumab plus chemotherapy versus placebo plus chemotherapy as first line treatment for advanced gastric or gastro-oesophageal junction adenocarcinoma: RATIONALE-305 randomised, double blind, phase 3 trial.","To evaluate the efficacy and safety of tislelizumab added to chemotherapy as first line (primary) treatment for advanced gastric or gastro-oesophageal junction adenocarcinoma compared with placebo plus chemotherapy. Randomised, double blind, placebo controlled, phase 3 study. 146 medical centres across Asia, Europe, and North America, between 13 December 2018 and 28 February 2023. 1657 patients aged ≥18 years with human epidermal growth factor receptor 2 negative locally advanced unresectable or metastatic gastric or gastro-oesophageal junction adenocarcinoma, regardless of programmed death-ligand 1 (PD-L1) expression status, who had not received systemic anticancer therapy for advanced disease. Patients were randomly (1:1) assigned to receive either tislelizumab 200 mg or placebo intravenously every three weeks in combination with chemotherapy (investigator's choice of oxaliplatin and capecitabine, or cisplatin and 5-fluorouracil) and stratified by region, PD-L1 expression, presence or absence of peritoneal metastases, and investigator's choice of chemotherapy. Treatment continued until disease progression or unacceptable toxicity. The primary endpoint was overall survival, both in patients with a PD-L1 tumour area positivity (TAP) score of ≥5% and in all randomised patients. Safety was assessed in all those who received at least one dose of study treatment. Of 1657 patients screened between 13 December 2018 and 9 February 2021, 660 were ineligible due to not meeting the eligibility criteria, withdrawal of consent, adverse events, or other reasons. Overall, 997 were randomly assigned to receive tislelizumab plus chemotherapy (n=501) or placebo plus chemotherapy (n=496). Tislelizumab plus chemotherapy showed statistically significant improvements in overall survival versus placebo plus chemotherapy in patients with a PD-L1 TAP score of ≥5% (median 17.2 months v 12.6 months; hazard ratio 0.74 (95% confidence interval 0.59 to 0.94); P=0.006 (interim analysis)) and in all randomised patients (median 15.0 months v 12.9 months; hazard ratio 0.80 (0.70 to 0.92); P=0.001 (final analysis)). Grade 3 or worse treatment related adverse events were observed in 54% (268/498) of patients in the tislelizumab plus chemotherapy arm versus 50% (246/494) in the placebo plus chemotherapy arm. Tislelizumab added to chemotherapy as primary treatment for advanced or metastatic gastric or gastro-oesophageal junction adenocarcinoma provided superior overall survival with a manageable safety profile versus placebo plus chemotherapy in patients with a PD-L1 TAP score of ≥5%, and in all randomised patients. ClinicalTrials.gov NCT03777657.",BMJ (Clinical research ed.),2024.0,"Journal Article; Randomized Controlled Trial; Clinical Trial, Phase III; Multicenter Study; Research Support, Non-U.S. Gov't",10.1136/bmj-2023-078876,NCBI PubMed E-utilities,success,,PubMed co-mention retrieval baseline only; not evidence polarity classification.
repodb_0ee62470d8ffb2ae,Cisplatin,Esophageal neoplasm metastatic,clinical,"""Cisplatin"" AND ""Esophageal neoplasm metastatic"" AND (trial OR clinical OR patient OR therapy)",34519801,Effect of Camrelizumab vs Placebo Added to Chemotherapy on Survival and Progression-Free Survival in Patients With Advanced or Metastatic Esophageal Squamous Cell Carcinoma: The ESCORT-1st Randomized Clinical Trial.,"Standard first-line therapy for advanced or metastatic esophageal carcinoma is chemotherapy, but the prognosis remains poor. Camrelizumab (an anti-programmed death receptor 1 [PD-1] antibody) showed antitumor activity in previously treated advanced or metastatic esophageal squamous cell carcinoma. To evaluate the efficacy and adverse events of camrelizumab plus chemotherapy vs placebo plus chemotherapy as a first-line treatment in advanced or metastatic esophageal squamous cell carcinoma. This randomized, double-blind, placebo-controlled, multicenter, phase 3 trial (ESCORT-1st study) enrolled patients from 60 hospitals in China between December 3, 2018, and May 12, 2020 (final follow-up, October 30, 2020). A total of 751 patients were screened and 596 eligible patients with untreated advanced or metastatic esophageal squamous cell carcinoma were randomized. Patients were randomized 1:1 to receive either camrelizumab 200 mg (n = 298) or placebo (n = 298), combined with up to 6 cycles of paclitaxel (175 mg/m2) and cisplatin (75 mg/m2). All treatments were given intravenously every 3 weeks. Coprimary end points were overall survival (significance threshold, 1-sided P < .02) and progression-free survival (significance threshold, 1-sided P < .005). Of the 596 patients randomized (median age, 62 years [interquartile range, 56-67 years]; 523 men [87.8%]), 1 patient in the placebo-chemotherapy group did not receive planned treatment. A total of 490 patients (82.2%) had discontinued the study treatment. The median follow-up was 10.8 months. The overall survival for the camrelizumab-chemotherapy group was a median of 15.3 months (95% CI, 12.8-17.3; 135 deaths) vs a median of 12.0 months (95% CI, 11.0-13.3; 174 deaths) for the placebo-chemotherapy group (hazard ratio [HR] for death, 0.70 [95% CI, 0.56-0.88]; 1-sided P = .001). Progression-free survival for camrelizumab plus chemotherapy was a median of 6.9 months (95% CI, 5.8-7.4; 199 progression or deaths) vs 5.6 months (95% CI, 5.5-5.7; 229 progression or deaths) for the placebo-chemotherapy group (HR for progression or death, 0.56 [95% CI, 0.46-0.68]; 1-sided P < .001). Treatment-related adverse events of grade 3 or higher occurred in 189 patients (63.4%) in the camrelizumab-chemotherapy group and 201 (67.7%) in the placebo-chemotherapy group, including treatment-related deaths among 9 patients (3.0%) and 11 patients (3.7%), respectively. Among patients with advanced or metastatic esophageal squamous cell carcinoma, the addition of camrelizumab to chemotherapy, compared with placebo and chemotherapy, significantly improved overall survival and progression-free survival. ClinicalTrials.gov Identifier: NCT03691090.",JAMA,2021.0,"Clinical Trial, Phase III; Comparative Study; Journal Article; Multicenter Study; Randomized Controlled Trial; Research Support, Non-U.S. Gov't",10.1001/jama.2021.12836,NCBI PubMed E-utilities,success,,PubMed co-mention retrieval baseline only; not evidence polarity classification.
repodb_0ee62470d8ffb2ae,Cisplatin,Esophageal neoplasm metastatic,clinical,"""Cisplatin"" AND ""Esophageal neoplasm metastatic"" AND (trial OR clinical OR patient OR therapy)",16822992,Perioperative chemotherapy versus surgery alone for resectable gastroesophageal cancer.,"A regimen of epirubicin, cisplatin, and infused fluorouracil (ECF) improves survival among patients with incurable locally advanced or metastatic gastric adenocarcinoma. We assessed whether the addition of a perioperative regimen of ECF to surgery improves outcomes among patients with potentially curable gastric cancer. We randomly assigned patients with resectable adenocarcinoma of the stomach, esophagogastric junction, or lower esophagus to either perioperative chemotherapy and surgery (250 patients) or surgery alone (253 patients). Chemotherapy consisted of three preoperative and three postoperative cycles of intravenous epirubicin (50 mg per square meter of body-surface area) and cisplatin (60 mg per square meter) on day 1, and a continuous intravenous infusion of fluorouracil (200 mg per square meter per day) for 21 days. The primary end point was overall survival. ECF-related adverse effects were similar to those previously reported among patients with advanced gastric cancer. Rates of postoperative complications were similar in the perioperative-chemotherapy group and the surgery group (46 percent and 45 percent, respectively), as were the numbers of deaths within 30 days after surgery. The resected tumors were significantly smaller and less advanced in the perioperative-chemotherapy group. With a median follow-up of four years, 149 patients in the perioperative-chemotherapy group and 170 in the surgery group had died. As compared with the surgery group, the perioperative-chemotherapy group had a higher likelihood of overall survival (hazard ratio for death, 0.75; 95 percent confidence interval, 0.60 to 0.93; P=0.009; five-year survival rate, 36 percent vs. 23 percent) and of progression-free survival (hazard ratio for progression, 0.66; 95 percent confidence interval, 0.53 to 0.81; P<0.001). In patients with operable gastric or lower esophageal adenocarcinomas, a perioperative regimen of ECF decreased tumor size and stage and significantly improved progression-free and overall survival. (Current Controlled Trials number, ISRCTN93793971 [controlled-trials.com].).",The New England journal of medicine,2006.0,"Clinical Trial, Phase III; Comparative Study; Journal Article; Multicenter Study; Randomized Controlled Trial; Research Support, Non-U.S. Gov't",10.1056/NEJMoa055531,NCBI PubMed E-utilities,success,,PubMed co-mention retrieval baseline only; not evidence polarity classification.
repodb_0ee62470d8ffb2ae,Cisplatin,Esophageal neoplasm metastatic,clinical,"""Cisplatin"" AND ""Esophageal neoplasm metastatic"" AND (trial OR clinical OR patient OR therapy)",33975465,KEYNOTE-859: a Phase III study of pembrolizumab plus chemotherapy in gastric/gastroesophageal junction adenocarcinoma.,"Current guidelines recommend two-drug cytotoxic chemotherapy with a fluoropyrimidine (fluorouracil or capecitabine) and a platinum-based agent (oxaliplatin or cisplatin) as first-line treatment for advanced gastric cancer. Pembrolizumab monotherapy has demonstrated durable antitumor activity in patients with advanced programmed death ligand 1-positive (combined positive score ≥1) gastric/gastroesophageal junction adenocarcinoma. Accumulating evidence indicates that combining pembrolizumab with standard-of-care chemotherapy for the treatment of advanced or metastatic cancer improves clinical outcomes. We describe the rationale for and the design of the randomized, double-blind, placebo-controlled, Phase III KEYNOTE-859 study, which is investigating pembrolizumab in combination with chemotherapy as first-line treatment for patients with human epidermal growth factor receptor 2-negative advanced unresectable or metastatic gastric/gastroesophageal junction adenocarcinoma. The planned sample size is 1542 patients, and the primary end point is overall survival. Clinical trial registration: NCT03675737 (ClinicalTrials.gov).","Future oncology (London, England)",2021.0,Clinical Trial Protocol; Journal Article,10.2217/fon-2021-0176,NCBI PubMed E-utilities,success,,PubMed co-mention retrieval baseline only; not evidence polarity classification.
repodb_0ee62470d8ffb2ae,Cisplatin,Esophageal neoplasm metastatic,clinical,"""Cisplatin"" AND ""Esophageal neoplasm metastatic"" AND (trial OR clinical OR patient OR therapy)",34160577,Long-term Efficacy of Neoadjuvant Chemoradiotherapy Plus Surgery for the Treatment of Locally Advanced Esophageal Squamous Cell Carcinoma: The NEOCRTEC5010 Randomized Clinical Trial.,"The prognosis of patients with locally advanced esophageal squamous cell carcinoma (ESCC) remains poor after surgery. Neoadjuvant chemoradiotherapy (NCRT) has been shown to potentially improve survival. To compare the treatment efficacy of NCRT plus surgery with surgery alone for long-term survival among patients with locally advanced ESCC. The Neoadjuvant Chemoradiotherapy for Esophageal Cancer 5010 study was a multicenter open-label randomized phase 3 clinical trial that enrolled patients between June 1, 2007, and December 31, 2014. Follow-up ended on December 31, 2019. The study was conducted at 8 centers in China. A total of 451 patients aged 18 to 70 years with thoracic ESCC stage T1-4N1M0/T4N0M0 were enrolled and randomized. Data were analyzed from December 1, 2019, to June 30, 2020. Patients randomized to receive NCRT plus surgery (NCRT group) received preoperative chemotherapy (25 mg/m2 of vinorelbine on days 1 and 8 and 75 mg/m2 of cisplatin on day 1 or 25 mg/m2 of cisplatin on days 1 to 4) every 3 weeks for 2 cycles and concurrent radiotherapy (40.0 Gy, administered in 20 fractions of 2.0 Gy for 5 days per week) followed by surgery. Patients randomized to receive surgery alone (surgery group) underwent surgery after randomization. The primary end point was overall survival in the intention-to-treat population. The secondary end point was disease-free survival. A total of 451 patients (mean [SD] age, 56.5 [7.0] years; 367 men [81.4%]) were randomized to the NCRT (n = 224) and surgery (n = 227) groups and were eligible for the intention-to-treat analysis. By December 31, 2019, 224 deaths had occurred. The median follow-up was 53.5 months (interquartile range, 18.2-87.4 months). Patients receiving NCRT plus surgery had prolonged overall survival compared with those receiving surgery alone (hazard ratio, 0.74; 95% CI, 0.57-0.97; P = .03), with a 5-year survival rate of 59.9% (95% CI, 52.9%-66.1%) vs 49.1% (95% CI, 42.3%-55.6%), respectively. Patients in the NCRT group compared with the surgery group also had prolonged disease-free survival (hazard ratio, 0.60; 95% CI, 0.45-0.80; P < .001), with a 5-year survival rate of 63.6% (95% CI, 56.0%-70.2%) vs 43.0% (95% CI, 36.0%-49.7%), respectively. In this randomized clinical trial, treatment with NCRT plus surgery significantly improved long-term overall survival and disease-free survival and therefore may be considered a standard of care for patients with locally advanced ESCC. ClinicalTrials.gov Identifier: NCT01216527.",JAMA surgery,2021.0,"Clinical Trial, Phase III; Comparative Study; Journal Article; Multicenter Study; Randomized Controlled Trial; Research Support, Non-U.S. Gov't",10.1001/jamasurg.2021.2373,NCBI PubMed E-utilities,success,,PubMed co-mention retrieval baseline only; not evidence polarity classification.
repodb_0ee62470d8ffb2ae,Cisplatin,Esophageal neoplasm metastatic,clinical,"""Cisplatin"" AND ""Esophageal neoplasm metastatic"" AND (trial OR clinical OR patient OR therapy)",40473445,"Zanidatamab plus chemotherapy as first-line treatment for patients with HER2-positive advanced gastro-oesophageal adenocarcinoma: primary results of a multicentre, single-arm, phase 2 study.","Zanidatamab, a dual human epidermal growth factor receptor 2 (HER2)-targeted bispecific antibody, previously demonstrated encouraging antitumour activity and a manageable safety profile in patients with treatment-refractory HER2-expressing gastro-oesophageal adenocarcinoma. Here, we evaluated the antitumour activity and safety of zanidatamab plus chemotherapy in first-line HER2-positive advanced gastro-oesophageal adenocarcinoma. This phase 2 trial enrolled patients in Canada, South Korea, and the USA who were aged 18 years and older with untreated, metastatic, or advanced HER2-positive gastro-oesophageal adenocarcinoma (HER2 IHC 3+ or 2+ by local or central assessment [part 1]; HER2 IHC 3+ or 2+ with FISH+ by central assessment [part 2]). Eligible patients, with an Eastern Cooperative Oncology Group performance status of 0 or 1 received zanidatamab intravenously plus standard chemotherapy (CAPOX [capecitabine plus oxaliplatin], FP [5-fluorouracil [5-FU] plus cisplatin], or modified FOLFOX6 [mFOLFOX6; leucovorin, 5-FU, and oxaliplatin]). In our study, part 1 aimed to characterise the safety and tolerability of zanidatamab and find the recommended dose when administered with combination chemotherapy and part 2 aimed to evaluate the antitumour activity of zanidatamab administered with combination chemotherapy in patients receiving first-line treatment for HER2-expressing advanced gastro-oesophageal adenocarcinoma. Two dosing schemes for zanidatamab were used in this study: a weight-based regimen and a two-tiered flat dosing regimen. In the CAPOX and FP groups, patients received either 30 mg/kg zanidatamab or 1800 mg or 2400 mg (patients weighing <70 kg and ≥70 kg, respectively) every 3 weeks. In the CAPOX group, patients also received 1000 mg/m2 capecitabine orally twice daily on days 1-14 every 3 weeks, plus 130 mg/m2 oxaliplatin intravenously every 3 weeks. In the FP cohort, patients also received 80 mg/m2 cisplatin intravenously every 3 weeks, plus 800 mg/m2 5-FU per day continuous intravenous infusion on days 1-5 every 3 weeks. In the mFOLFOX6 group, patients received either 20 mg/kg zanidatamab or 1200 mg or 1600 mg for patients weighing under 70 kg or 70 kg and above, respectively, every 2 weeks, plus 400 mg/m2 intravenous leucovorin every 2 weeks, 85 mg/m2 intravenous oxaliplatin every 2 weeks, and 1200 mg/m2 5-FU per day as a continuous intravenous infusion for 48 h every 2 weeks. mFOLFOX6-1 included the administration of a 400 mg/m2 5-FU intravenous bolus on days 1 and 15; mFOLFOX6-2 omitted this 5-FU bolus. The primary endpoints of part 1 were safety and tolerability, which included frequencies of dose-limiting toxicities and dose reductions of zanidatamab and chemotherapy. The primary antitumour activity endpoint of part 2 was confirmed objective response rate assessed in the response-evaluable analysis set. Secondary endpoints included objective response rate, duration of response, disease control rate, clinical benefit rate, progression-free survival, and overall survival. Safety outcomes were assessed in all treated patients. We report the results from an interim analysis. This trial is registered at ClinicalTrials.gov (NCT03929666) and is complete for enrolment. Between Aug 29, 2019, and Feb 18, 2022, 46 patients were enrolled (39 [85%] were male; seven [15%] were female; 28 [61%] were white, 17 [37%] were Asian, and 43 [93%] were not Hispanic or Latino). Median follow-up was 47·9 months (IQR 39·2-53·7); eight (17%) patients were on treatment and 19 (41%) were in survival follow-up. The confirmed objective response rate was 76·2% (95% CI 60·5-87·9) with a median duration of response of 18·7 months (95% CI 10·4-44·1). The median progression-free survival was 12·5 months (95% CI 8·2-21·8) and median overall survival was 36·5 months (23·6-not estimable). The disease control rate was 88·1% (95% CI 74·4-96·0) and clinical benefit rate was 78·6% (95% CI 63·2-89·7). In part 1, there were no dose-limiting toxicities in six patients treated with zanidatamab plus CAPOX. One (50%) of two patients treated with zanidatamab plus FP had dose-limiting toxicities of diarrhoea and acute kidney injury (both grade 3). Two dose-limiting toxicities of diarrhoea (both grade 3) occurred in 2 (15%) of 13 patients receiving 5-FU 400 mg/m2 bolus on day 1 and 15 as part of the zanidatamab plus mFOLFOX6-1 regimen. 30 (65%) patients had treatment-related grade 3 or 4 adverse events. The most common treatment-related grade 3 or 4 adverse events were diarrhoea (18 [39%]; five [24%] in the 21 patients after implementing mandatory antidiarrhoeal prophylaxis) and hypokalaemia (ten [22%]). Six (13%) patients discontinued zanidatamab due to adverse events. No treatment-related deaths occurred. Zanidatamab plus chemotherapy as first-line treatment of HER2-positive advanced gastro-oesophageal adenocarcinoma demonstrated clinically meaningful and durable antitumour activity, with a manageable safety profile. Jazz Pharmaceuticals, Zymeworks.",The Lancet. Oncology,2025.0,"Journal Article; Clinical Trial, Phase II; Multicenter Study",10.1016/S1470-2045(25)00287-6,NCBI PubMed E-utilities,success,,PubMed co-mention retrieval baseline only; not evidence polarity classification.
repodb_0ee62470d8ffb2ae,Cisplatin,Esophageal neoplasm metastatic,clinical,"""Cisplatin"" AND ""Esophageal neoplasm metastatic"" AND (trial OR clinical OR patient OR therapy)",39446605,"HLX07 alone or combined with serplulimab, cisplatin and 5-fluorouracil for advanced esophageal squamous cell carcinoma: A phase 2 study.","The combination of anti-PD-1 antibody serplulimab and chemotherapy is considered standard first-line therapy for advanced esophageal squamous cell carcinoma (ESCC), but few later-line treatments are available. Here we evaluated the therapeutic efficacy of the recombinant, humanized anti-EGFR antibody HLX07 when used alone or together with serplulimab and chemotherapy against advanced ESCC. This open-label, non-randomized, two-cohort, phase 2 trial involved patients 18-75 years old with histologically or cytologically confirmed locally advanced, unresectable, or metastatic ESCC, and an Eastern Cooperative Oncology Group performance status of 0-1. Patients who had failed first-line immuno-chemotherapy or at least two lines of other systemic therapy received HLX07 monotherapy intravenously at a dose of 1,000 mg once every 2 weeks (Q2W). Patients with no prior systemic therapy received HLX07 (1,000 mg, day 1) and serplulimab (200 mg, day 1) intravenously Q2W for up to 2 years, concurrently with cisplatin (50 mg/m2, day 1) for up to 8 cycles and 5-fluorouracil (1,200 mg/m2, days 1-2) for up to 12 cycles intravenously Q2W. The primary endpoints were progression-free survival (PFS) and objective response rate (ORR). Overall, 50 patients were enrolled. In the HLX07 monotherapy group, ORR was 15.0% (3/20), and the median PFS was 1.5 months (95% confidence interval [CI], 1.3 to 3.7). The median duration of response was not reached, and the rate of patients showing an objective response lasting at least 6 months was 66.7% (95% CI, 5.4 to 94.5). Two (10.0%, 2/20) patients experienced grade 3-4 treatment-related adverse events (TRAEs), including hypomagnesemia, hypocalcemia, and fatigue. No patient experienced grade 5 TRAEs. In the HLX07 combination group, the ORR was 60.0% (18/30), and the median PFS was 7.8 months (95% CI, 3.3 to 9.1). Fourteen (46.7%, 14/30) patients experienced grade 3-4 TRAEs, and one (3.3%, 1/30) patient died due to serplulimab-related pneumonitis. HLX07 monotherapy and its combination with serplulimab and chemotherapy showed manageable toxicity and promising antitumor activity in patients with recurrent or metastatic ESCC. Randomized controlled trials are warranted to further establish the safety and efficacy of HLX07 against ESCC. This trial was registered at Clinicaltrials.gov (NCT05221658).","Cancer communications (London, England)",2024.0,"Journal Article; Clinical Trial, Phase II; Multicenter Study",10.1002/cac2.12621,NCBI PubMed E-utilities,success,,PubMed co-mention retrieval baseline only; not evidence polarity classification.
repodb_0ee62470d8ffb2ae,Cisplatin,Esophageal neoplasm metastatic,clinical,"""Cisplatin"" AND ""Esophageal neoplasm metastatic"" AND (trial OR clinical OR patient OR therapy)",10903787,[Update on gastroenterology].,"In the field of mass detection of colorectal cancer by Hemoccul test, the results of the Burgundy study confirm the two european studies previously published and encourage to extend this training to the whole country. In oncogenetic field, a recent publication suggest some different clinical criteria that Amsterdam criteria to define a Lynch syndrome. When genetic markers are performed in a population selected according to these type I criteria, HNPCC mutation could be detected in 28% of cases. In colorectal cancer surgery, the debate remains open on the place of coeliosurgery. A recent published series of 135 colon cancers operated by coeliosurgery do not show any recurrence on trocar orifices. A US study has confirmed the prognostic value of the number of lymph nodes analyzed after resection of colorectal cancer. In adjuvant treatment of stage II colon cancer, two contradictory publications have been reported in the Journal of Clinical Oncology. However, the results of the Impact B2 Group are more consistent and support the fact that chemotherapy cannot be recommended as a standard treatment in state II colon cancer. The actualities in the liver metastases focused on the new local destruction technics that are cryosurgery and radiofrequency. Concerning the chemotherapy of metastatic colorectal cancer, important results have been published in second line therapy showing the superiority of Campto compared to best supportive care or 5FU based chemotherapy both in term of overall survival and quality of life. In first line chemotherapy, the superiority of bi-therapies (LV5FU2 and oxaliplatin or LV5FU2 and irinotecan) has been confirmed compared to LV5FU2 alone. A recent publication showed that patients older than 70 years tolerate chemotherapy for colorectal cancer as well as younger patients with the same efficacy. In esophagus carcinoma, the most important study didn't show any efficacy of neoadjuvant chemotherapy by 5FU-cisplatin in operable adenocarcinoma of squamous carcinoma of esophagus. The final results of dutch's study in node dissection for gastric cancer do not find any benefit in overall survival comparing D2 versus D1 dissection with a substantial increase in morbidity and mortality in the D2 arm, specially when splenopancreatectomy was performed. Finally, an important study has confirmed the value of per echoendoscopy biopsies for the diagnosis of positive lymph nodes and pancreatic tumors.",Bulletin du cancer,2000.0,English Abstract; Journal Article; Review,,NCBI PubMed E-utilities,success,,PubMed co-mention retrieval baseline only; not evidence polarity classification.
repodb_0ee62470d8ffb2ae,Cisplatin,Esophageal neoplasm metastatic,clinical,"""Cisplatin"" AND ""Esophageal neoplasm metastatic"" AND (trial OR clinical OR patient OR therapy)",33729467,Morbidity and Mortality of Patients Who Underwent Minimally Invasive Esophagectomy After Neoadjuvant Chemoradiotherapy vs Neoadjuvant Chemotherapy for Locally Advanced Esophageal Squamous Cell Carcinoma: A Randomized Clinical Trial.,"Safety and efficacy of neoadjuvant chemoradiotherapy (nCRT) vs neoadjuvant chemotherapy (nCT) for treatment of locally advanced esophageal squamous cell carcinoma (ESCC) remain uncertain given lack of high-level clinical evidence. To compare safety and long-term survival of nCRT followed by minimally invasive esophagectomy (MIE) with that of nCT followed by MIE for patients with locally advanced ESCC. A prospective, multicenter, open-label, randomized clinical trial that compared safety and efficacy of nCRT vs nCT followed by MIE for patients with locally advanced ESCC. From January 1, 2017, to December 31, 2018, 264 patients with ESCC of clinical stages from cT3 to T4aN0 to 1M0 were enrolled. Analysis was performed on an intention-to-treat basis from January 1, 2017, to August 30, 2020. Eligible patients were randomized to the nCRT group (n = 132) or the nCT group (n = 132) by a computer-generated random system. The chemotherapy, based on paclitaxel and cisplatin, was administered to both groups, while 40 Gy of concurrent radiotherapy was added for the nCRT group. At about 6 weeks after neoadjuvant therapy, MIE via thoracoscopy and laparoscopy was performed for the patients in both groups. The primary outcome was 3-year overall survival. Secondary outcomes included postoperative complications, mortality, postoperative pathologic outcome, recurrence-free survival time, and quality of life. Among 264 patients (226 men [85.6%]; mean [SD] age, 61.4 [6.8] years), postoperative morbidity was 47.4% in the nCRT group (54 of 114) and 42.6% in the nCT group (46 of 108), with no significant difference between groups (difference, 4.8%; 95% CI, -8.2% to 17.5%; P = .48). Distribution of the severity of complications was similar between the 2 groups based on Clavien-Dindo classification. The 90-day perioperative mortality rate was 3.5% for the nCRT group (4 of 114) and 2.8% for the nCT group (3 of 108) (P = .94). The R0 resection rates were similar between groups (109 of 112 [97.3%] vs 100 of 104 [96.2%]; P = .92). However, patients in the nCRT group had a higher pathologic complete response (residual tumor, 0%) rate (40 of 112 [35.7%] vs 4 of 104 [3.8%]; P < .001) and a higher rate of negative lymph nodes (ypN0, 74 of 112 [66.1%] vs 48 of 104 [46.2%]; P = .03) than those in the nCT group. One-year overall survival using intention-to-treat analysis was 87.1% in the nCRT group (115 of 132) and 82.6% in the nCT group (109 of 132) (P = .30). Furthermore, deaths caused by tumor progression or recurrence were significantly less in the nCRT group than in the nCT group (9 of 132 [6.8%] vs 19 of 132 [14.4%]; P = .046); however, deaths from nontumor causes were similar (8 of 132 [6.1%] vs 4 of 132 [3.0%]; P = .24). Initial results of the trial showed that nCRT followed by MIE has similar safety to and better histopathologic outcome than nCT followed by MIE for treatment of locally advanced ESCC. ClinicalTrials.gov Identifier: NCT03001596.",JAMA surgery,2021.0,"Comparative Study; Journal Article; Multicenter Study; Randomized Controlled Trial; Research Support, Non-U.S. Gov't",10.1001/jamasurg.2021.0133,NCBI PubMed E-utilities,success,,PubMed co-mention retrieval baseline only; not evidence polarity classification.
repodb_0ee62470d8ffb2ae,Cisplatin,Esophageal neoplasm metastatic,clinical,"""Cisplatin"" AND ""Esophageal neoplasm metastatic"" AND (trial OR clinical OR patient OR therapy)",40358628,Neoadjuvant chemotherapy with albumin-bound paclitaxel plus cisplatin and capecitabine for locally advanced esophageal squamous cell carcinoma: a phase 2 clinical trial.,"Neoadjuvant chemotherapy is recommended for locally advanced esophageal squamous cell carcinoma (ESCC), but more effective regimens are needed to improve the outcomes. This study evaluates the efficacy and safety of neoadjuvant chemotherapy with albumin-bound paclitaxel plus cisplatin and capecitabine (APC regimen) for locally advanced ESCC. This prospective single-center phase 2 clinical study involved patients with locally advanced ESCC (T2-4aN±M0) from May 19, 2020 to September 1, 2022. Patients received neoadjuvant chemotherapy with APC regimen for four cycles and then underwent radical esophagectomy. The primary endpoints were the pathologically complete response (pCR) rate. The secondary endpoints were the major pathological response (MPR) rate, radical resection rate (R0 resection rate), disease-free survival (DFS), event-free survival (EFS), overall survival (OS), and safety. Eighty-two patients with locally advanced ESCC were enrolled in the trial. Of the 80 patients who underwent surgery, the R0 resection rate was 100%, and 23 patients achieved pCR, with a pCR rate of 28.7% (95% confidence interval [CI]: 18.8%-38.6%). Fifty patients achieved MPR, with an MPR rate of 62.5% (95% CI: 51.9%-73.1%). The most common grade 3-4 treatment-related adverse events were neutropenia (25.6%), leukocytosis (14.5%), nausea (7.5%), and peripheral neurotoxicity (5.5%). Five patients developed complications within 1 month after surgery, including pneumonia (five patients, 6.3%), anastomotic fistula (one patient, 1.3%), and laryngeal recurrent nerve paralysis (one patient, 1.3%), all of which were grade 2. The local recurrence was observed in 8 (8.5%) patients, and distant metastasis in 10 (12.2%) patients. The 3-year DFS rate was 81.2%, the 3-year EFS rate 77.8%, and the 3-year survival rate 90%. Neoadjuvant treatment with APC regimen for locally advanced ESCC achieved excellent pCR rates and a well-tolerated safety profile. This combination chemotherapy could serve as one optional neoadjuvant treatment. (ClinicalTrials.gov: NCT04390958).","International journal of surgery (London, England)",2025.0,"Journal Article; Clinical Trial, Phase II",10.1097/JS9.0000000000002375,NCBI PubMed E-utilities,success,,PubMed co-mention retrieval baseline only; not evidence polarity classification.
repodb_0ee62470d8ffb2ae,Cisplatin,Esophageal neoplasm metastatic,clinical,"""Cisplatin"" AND ""Esophageal neoplasm metastatic"" AND (trial OR clinical OR patient OR therapy)",39511164,First-line benmelstobart plus anlotinib and chemotherapy in advanced or metastatic/recurrent esophageal squamous cell carcinoma: a multi-center phase 2 study.,"Although first-line immunochemotherapy has improved prognosis for patients with advanced esophageal squamous cell carcinoma (ESCC), more effective strategies still require further investigation. This multi-center, phase II study (ClinicalTrials.gov NCT05013697) assessed the feasibility of benmelstobart (a novel PD-L1 inhibitor) plus anlotinib (multitargeted TKI) and chemotherapy in advanced or metastatic/recurrent ESCC. Eligible patients received 4-6 cycles (21-day) of benmelstobart (1200 mg), anlotinib (10 mg) plus paclitaxel (135 mg/m2)/cisplatin (60-75 mg/m2), then maintained with benmelstobart and anlotinib. Primary endpoint was progression-free survival (PFS) assessed according to RECIST v1.1. Secondary endpoints were tumor response, overall survival (OS), and safety assessed by adverse events (AEs). From September 2021 to November 2023, 50 patients were enrolled and received study treatment. With median follow-up of 23.7 months as of April 1, 2024, median PFS was 14.9 months (95% CI, 11.4-not estimable [NE]) and the 1-year PFS was 58.5% (95% CI, 41.9%-71.9%). Among 50 patients, confirmed objective response rate was 72.0% and disease control rate was 84.0%. Median duration of response of 36 responders was 16.2 months (95% CI, 10.2-NE). At the cutoff date, 31 patients remained alive; median OS was not reached (95% CI, 13.2 months-NE) with 1-year OS of 74.8% (95% CI, 59.8%-84.8%). Forty-six (92.0%) patients reported treatment-related AEs, with 37 (74.0%) were grade ≥3. Overall, benmelstobart plus anlotinib and chemotherapy showed promising efficacy and acceptable toxicity in advanced or metastatic/recurrent ESCC.",Signal transduction and targeted therapy,2024.0,"Journal Article; Clinical Trial, Phase II; Multicenter Study; Research Support, Non-U.S. Gov't",10.1038/s41392-024-02008-7,NCBI PubMed E-utilities,success,,PubMed co-mention retrieval baseline only; not evidence polarity classification.
repodb_0ee62470d8ffb2ae,Cisplatin,Esophageal neoplasm metastatic,clinical,"""Cisplatin"" AND ""Esophageal neoplasm metastatic"" AND (trial OR clinical OR patient OR therapy)",29129089,Systemic therapy for esophageal cancer: chemotherapy.,"As one-half of patients with esophagogastric cancer (EGC) present with metastatic disease and the majority of patients with locally advanced disease will eventually develop metastatic disease despite multimodality therapy, most patients will receive palliative chemotherapy at some point. The reference first-line regimen consists of a fluoropyrimidine/platinum combination, which is the standard in East Asia, where this disease is endemic. Options include infusional 5-fluorouracil (5-FU), capecitabine, S-1 and other oral 5-FU pro-drugs and cisplatin or oxaliplatin. The addition of docetaxel to 5-FU/cisplatin is an option for young and fit patients, based on a phase III study, but is associated with significant hematologic toxicity and modest benefit. In the UK, epirubicin is added to the doublet, in the absence of phase III data suggesting a clear benefit; in fact, recent studies suggest no benefit. In the second- and third-line setting, taxanes and irinotecan are now validated options. Overall, improvements on the basis of chemotherapy have been marginal over the last 30 years and current efforts focus on targeted therapies and immunotherapy.",Chinese clinical oncology,2017.0,Journal Article; Review,10.21037/cco.2017.07.06,NCBI PubMed E-utilities,success,,PubMed co-mention retrieval baseline only; not evidence polarity classification.
repodb_0ee62470d8ffb2ae,Cisplatin,Esophageal neoplasm metastatic,clinical,"""Cisplatin"" AND ""Esophageal neoplasm metastatic"" AND (trial OR clinical OR patient OR therapy)",38458635,Neoadjuvant chemoradiotherapy combined with sequential perioperative toripalimab in locally advanced esophageal squamous cell cancer.,"Programmed death 1 (PD-1) inhibitor demonstrated durable antitumor activity in advanced esophageal squamous cell carcinoma (ESCC), but the clinical benefit of perioperative immunotherapy in ESCC remains unclear. This study evaluated the efficacy and safety of neoadjuvant chemoradiotherapy (nCRT) combined with the PD-1 inhibitor toripalimab in patients with resectable ESCC. From July 2020 to July 2022, 21 patients with histopathologically confirmed thoracic ESCC and clinical staged as cT1-4aN1-2M0/cT3-4aN0M0 were enrolled. Eligible patients received radiotherapy (23 fractions of 1.8 Gy, 5 fractions a week) with concurrent chemotherapy of paclitaxel/cisplatin (paclitaxel 45 mg/m2 and cisplatin 25 mg/m2) on days 1, 8, 15, 22, 29 and two cycles of toripalimab 240 mg every 3 weeks after nCRT for neoadjuvant therapy before surgery, four cycles of toripalimab 240 mg every 3 weeks for adjuvant therapy after surgery. The primary endpoint was the major pathological response (MPR) rate. The secondary endpoints were safety and survival outcomes. A total of 21 patients were included, of whom 20 patients underwent surgery, 1 patient refused surgery and another patient was confirmed adenocarcinoma after surgery. The MPR and pathological complete response (pCR) rates were 78.9% (15/19) and 47.4% (9/19) for surgery ESCC patients. 21 patients (100.0%) had any-grade treatment-related adverse events, with the most common being lymphopenia (100.0%), leukopenia (85.7%), neutropenia (52.4%). 14 patients (66.7%) had adverse events of grade 3 with the most common being lymphopenia (66.7%). The maximum standardized uptake value and total lesion glycolysis of positron emission tomography/CT after neoadjuvant therapy well predicted the pathological response. The peripheral CD4+%, CD3+HLA-DR+/CD3+%, CD8+HLA-DR+/CD8+%, and IL-6 were significant differences between pCR and non-pCR groups at different times during neoadjuvant therapy. Three patients had tumor relapse and patients with MPR have longer disease-free survival than non-MPR patients. nCRT combined with perioperative toripalimab is effective and safe for locally advanced resectable ESCC. Long-term survival outcomes remain to be determined. NCT04437212.",Journal for immunotherapy of cancer,2024.0,"Journal Article; Research Support, Non-U.S. Gov't",10.1136/jitc-2023-008631,NCBI PubMed E-utilities,success,,PubMed co-mention retrieval baseline only; not evidence polarity classification.
repodb_0ee62470d8ffb2ae,Cisplatin,Esophageal neoplasm metastatic,clinical,"""Cisplatin"" AND ""Esophageal neoplasm metastatic"" AND (trial OR clinical OR patient OR therapy)",40260253,Neoadjuvant sintilimab and chemotherapy for resectable esophageal squamous cell carcinoma: a phase II clinical trial.,"Combination of anti-PD-1 monoclonal antibody with chemotherapy has been widely used as a first-line treatment for metastatic esophageal squamous cell carcinoma (ESCC). However, the efficacy of this therapeutic combination as a neoadjuvant intervention for resectable ESCC remains inadequately explored. This study aims to evaluate the efficacy and safety of sintilimab in combination with chemotherapy as a neoadjuvant therapy for ESCC. In this single-arm, phase II study, patients with histopathologically diagnosed resectable ESCC who had clinical cT1-3/N0-1M0 (stage II-III) were recruited. Sintilimab (200mg, iv, d1) in combined with chemotherapy (nab-paclitaxel 260 mg/m2, d1 and cisplatin 75 mg/m2, d1-3) were administered every 3 weeks for 2 cycles. The primary endpoint was pathological complete response (pCR). From November 2020 through November 2022, 29 patients were enrolled and 27 completed the two cycles of neoadjuvant therapy. A total of 21 patients underwent surgery. The pCR rate was 28.6% (6/21) and the major pathologic response (MPR) rate was 42.9% (9/21). The most common Grade 3 or 4 treatment-related adverse events were leukopenia (26.7%) and neutropenia (20%). No delays in surgical procedures or unexpected surgical complications attributable to the treatment were reported. The combination of sintilimab and chemotherapy as a neoadjuvant regimen was tolerable and associated with favorable responses for ESCC patients. Given these favorable results, this regimen could serve as a viable alternative in the neoadjuvant treatment landscape for ESCC, with particular applicability to Chinese patient populations. https://www.chictr.org.cn/, identifier ChiCTR2000040345.",Frontiers in immunology,2025.0,"Journal Article; Clinical Trial, Phase II",10.3389/fimmu.2025.1486275,NCBI PubMed E-utilities,success,,PubMed co-mention retrieval baseline only; not evidence polarity classification.
repodb_0ee62470d8ffb2ae,Cisplatin,Esophageal neoplasm metastatic,clinical,"""Cisplatin"" AND ""Esophageal neoplasm metastatic"" AND (trial OR clinical OR patient OR therapy)",10566606,Chemotherapy in esophageal cancer.,"The incidence of esophageal cancer continues to increase due to a rapid increase in adenocarcinoma of the distal esophagus and gastroesophageal junction. At least 50% of patients present with metastatic cancer and most patients with localized disease will develop metastases despite potentially curative local therapy. Thus, the majority of esophageal cancer patients will become candidates for palliative chemotherapy. Traditionally, single agents effective in this disease have included cisplatin, 5-fluorouracil, and mitomycin. The combination of cisplatin and continuous-infusion 5-fluorouracil is the standard for both squamous cell carcinoma and adenocarcinoma, with a 25% to 35% response rate in metastatic disease. More recently, paclitaxel has shown favorable results as a single agent or in combination with cisplatin in both disease histologies. One-hour weekly paclitaxel, a promising schedule with little toxicity, is under active investigation. Weekly irinotecan and cisplatin is a highly effective new regimen in both adenocarcinoma and squamous cell carcinoma with relatively little toxicity. Vinorelbine has demonstrated response in squamous cell carcinoma and has less toxicity than its predecessor, vindesine. Use of newer agents in combination with concurrent radiotherapy in locally advanced disease is the subject of ongoing clinical trials.",Seminars in oncology,1999.0,Journal Article; Review,,NCBI PubMed E-utilities,success,,PubMed co-mention retrieval baseline only; not evidence polarity classification.
repodb_0ee62470d8ffb2ae,Cisplatin,Esophageal neoplasm metastatic,clinical,"""Cisplatin"" AND ""Esophageal neoplasm metastatic"" AND (trial OR clinical OR patient OR therapy)",36759013,"Neoadjuvant sintilimab and chemotherapy in patients with potentially resectable esophageal squamous cell carcinoma (KEEP-G 03): an open-label, single-arm, phase 2 trial.","The standard neoadjuvant treatments in patients with esophageal squamous cell carcinoma (ESCC) still have either poor safety or efficacy. Better therapies are needed in China. This was an open-label, single-arm, phase 2 trial. Patients with potentially resectable ESCC (cT1b-3, Nany, M0 or T4a, N0-1, or M0) received preoperative intravenous sintilimab plus triplet chemotherapy (liposomal paclitaxel, cisplatin, and S-1) every 3 weeks for two cycles. The primary endpoints were safety and surgical feasibility; the secondary endpoint was major pathological response (MPR) rate. Genomic biomarkers (genetic mutations, tumor mutational burden (TMB), circulating tumor DNA status and immune microenvironment) in baseline tumor samples were investigated. All 30 patients completed two cycles of neoadjuvant treatment and underwent surgical resection. Grade 3-4 treatment-related adverse events (TRAEs) occurred in 36.7% (11/30) of patients. The most frequent TRAEs were decreased white cell count (76.7%), anemia (76.7%), and decreased neutrophil count (73.3%). All TRAEs were hematological toxicities; none caused ≥30 days surgical delay. The MPR and pathological complete response (pCR) rates were 50.0% (15/30; 95% CI 33.2 to 66.9) and 20.0% (6/30; 95% CI 9.5 to 37.3), respectively. Patients with higher TMB and more clonal mutations were more likely to respond. ERBB2 alterations and ctDNA high-releaser status have a negative correlation with neoadjuvant ICI response. No significant difference was observed between therapeutic response and tumor immune microenvironment. Neoadjuvant sintilimab plus platinum-based triplet chemotherapy appeared safe and feasible, did not delay surgery and induced a pCR rate of 20.0% in patients with potentially resectable ESCC. NCT03946969.",Journal for immunotherapy of cancer,2023.0,"Clinical Trial, Phase II; Journal Article; Research Support, Non-U.S. Gov't",10.1136/jitc-2022-005830,NCBI PubMed E-utilities,success,,PubMed co-mention retrieval baseline only; not evidence polarity classification.
repodb_0ee62470d8ffb2ae,Cisplatin,Esophageal neoplasm metastatic,clinical,"""Cisplatin"" AND ""Esophageal neoplasm metastatic"" AND (trial OR clinical OR patient OR therapy)",37696429,Two-year outcomes of clinical N2-3 esophageal squamous cell carcinoma after neoadjuvant chemotherapy and immunotherapy from the phase 2 NICE study.,"This study aims to report the 2-year outcomes of patients with clinical stage N2-3 esophageal squamous cell carcinoma who received neoadjuvant chemotherapy and immunotherapy followed by surgery from a phase 2 NICE trial. Eligible patients with clinical stage N2-3 esophageal squamous cell carcinoma were screened and enrolled, then treated with regimen of nab-paclitaxel (100 mg/m2, days 1, 8, 15), carboplatin (area under the curve = 5, day 1), camrelizumab (200 mg, day 1) of two 21-day cycles and esophagectomy 4 to 6 weeks after the last chemotherapy. Oncologic outcomes, recurrence patterns, overall survival (OS), and recurrence-free survival (RFS) were explored. From November 20, 2019, to December 22, 2020, 60 patients were recruited. After a median follow-up of 27.4 months, disease recurrence was observed in 19 (37.3%) patients, with 5 (9.8%) locoregional recurrence, 9 (17.6%) distant metastasis, and 5 (9.8%) combined recurrence. Lung was the most commonly involved metastatic site. The median time to recurrence was 10.8 months (interquartile range, 7.5-12.7 months). The 2-year OS and RFS rates were 78.1% and 67.9%, respectively. Patients who achieved major pathologic response (MPR) had a significantly greater 2-year OS rate (91.4% vs 47.7%; P < .001) and RFS rate (77.1% vs 45.9%; P = .003). On multivariable analysis, MPR was indicated as an independent prognostic factor for disease recurrence (hazard ratio, 0.39; 95% confidence interval, 0.21-0.82; P = .029). In patients receiving neoadjuvant chemotherapy and immunotherapy, distant metastasis remains the predominant recurrence pattern. MPR is associated with lower recurrence and better survival. Long-term results derived from randomized controlled trials are further required. ChiCTR1900026240.",The Journal of thoracic and cardiovascular surgery,2024.0,"Clinical Trial, Phase II; Journal Article; Research Support, Non-U.S. Gov't",10.1016/j.jtcvs.2023.08.056,NCBI PubMed E-utilities,success,,PubMed co-mention retrieval baseline only; not evidence polarity classification.
repodb_0ee62470d8ffb2ae,Cisplatin,Esophageal neoplasm metastatic,clinical,"""Cisplatin"" AND ""Esophageal neoplasm metastatic"" AND (trial OR clinical OR patient OR therapy)",41160311,Safety and efficacy of conversion therapy for metastatic esophageal cancer: exploratory analysis of JCOG1314.,"Recent advances in multimodal treatments indicate that conversion therapy (CT) is a viable option for metastatic esophageal cancer (EC). JCOG1314 was a randomized phase III trial to confirm the survival benefit of docetaxel plus cisplatin plus 5-fluorouracil (DCF) versus cisplatin plus 5-fluorouracil (CF) for metastatic EC. The purpose of this analysis was to evaluate the safety and survival of CT in patients enrolled in JCOG1314. CT was defined as surgery or chemoradiotherapy (CRT) aimed at cure following initial treatment for tumors that were initially unresectable because of distant metastasis. Clinicopathological factors, surgical outcomes, toxicities during CRT, and survival were compared between the CT and non-CT groups. Of 240 patients enrolled in JCOG1314, excluding patients with recurrent disease, 154 with initially unresectable EC because of distant metastasis were selected. Of these patients, 21 received CT, which included conversion surgery (n = 5) and conversion CRT (n = 16). There was no significant difference in the number of metastatic organs or chemotherapy regimen between the CT and non-CT groups. The most common M1 factor in the CT group was the thoracic lymph node. The 3-year overall survival (OS) for the CT and non-CT groups was 52.4 and 14.3%, respectively. Multivariable analysis revealed that CT patients showed significantly better OS compared with the non-CT group (HR 0.36, 95% CI 0.19-0.67, p < 0.01). CT may be safely performed with a favorable prognosis in EC. A prospective study is warranted to determine whether CT improves survival in metastatic EC.",Esophagus : official journal of the Japan Esophageal Society,2026.0,"Journal Article; Clinical Trial, Phase III; Randomized Controlled Trial",10.1007/s10388-025-01163-2,NCBI PubMed E-utilities,success,,PubMed co-mention retrieval baseline only; not evidence polarity classification.
repodb_0ee62470d8ffb2ae,Cisplatin,Esophageal neoplasm metastatic,clinical,"""Cisplatin"" AND ""Esophageal neoplasm metastatic"" AND (trial OR clinical OR patient OR therapy)",38969179,Optimizing Organ-Preservation Strategies Through Chemotherapy-Based Selection in Esophageal Squamous Cell Carcinoma: Results From the CROC Multi-Institutional Phase 2 Clinical Trial.,"This study aimed to assess the viability of definitive chemoradiotherapy (dCRT) as an organ-preservation strategy for remarkable responders who were downstaged to stage IA after receiving induction chemotherapy for resectable esophageal squamous cell carcinoma (ESCC). Chemotherapy-naïve patients with resectable ESCC (stage IB-III, Union for International Cancer Control, International Cancer Control seventh edition) were eligible for the study. All patients received 3 cycles of docetaxel, cisplatin, and 5-FU (DCF) therapy (docetaxel 75 mg/m2 on day 1, cisplatin 75 mg/m2 on day 1, and 5-fluorouracil [5-FU] 750 mg/m2 on days 1-5, repeated every 3 weeks). Remarkable response was defined as a reduction in the tumor to T1, metastatic lymph nodes <1 cm on the short axis, and downstaging to stage IA after 3 cycles of DCF therapy. Remarkable responders then underwent dCRT, which included 2 courses of cisplatin 75 mg/m2 and 5-FU 1000 mg/m2 on days 1 to 4, repeated every 4 weeks, along with 50.4 Gy of concurrent radiation therapy. The primary endpoint was 1-year progression-free survival in remarkable responders following DCF therapy and subsequent dCRT. Secondary endpoints included 3-year overall survival (OS) and esophagectomy-free survival. Of the 92 patients registered, 90 were analyzed. A remarkable response to 3 courses of DCF therapy was observed in 58.4% of patients. Among these responders, 89.8% achieved a complete response after dCRT. During the median follow-up period of 33 months (range, 1-85 months), the 1-year progression-free survival was 89.8% (95% confidence interval [CI], 77.2%-95.6%, primary endpoint), and the 3-year OS was 83.7%. The 3-year OS and esophagectomy-free survival rates in the analysis group were 74.1% and 45.3%, respectively. An 18F-fluorodeoxyglucose-positron emission tomography response after 2 courses of DCF therapy was significantly associated with OS (P = .0049). In patients with resectable ESCC, dCRT for remarkable responders downstaging to stage IA after induction chemotherapy with 3 courses of DCF therapy is a feasible treatment option and provides an optimizing organ-preservation strategy of chemotherapy-based selection.","International journal of radiation oncology, biology, physics",2024.0,"Journal Article; Clinical Trial, Phase II; Multicenter Study",10.1016/j.ijrobp.2024.06.019,NCBI PubMed E-utilities,success,,PubMed co-mention retrieval baseline only; not evidence polarity classification.
repodb_0ee62470d8ffb2ae,Cisplatin,Esophageal neoplasm metastatic,clinical,"""Cisplatin"" AND ""Esophageal neoplasm metastatic"" AND (trial OR clinical OR patient OR therapy)",38607538,First-line pembrolizumab plus chemotherapy for advanced/metastatic esophageal cancer: 1-year extended follow-up in the Japanese subgroup of the phase 3 KEYNOTE-590 study.,"First-line pembrolizumab plus chemotherapy (pembrolizumab-chemotherapy) demonstrated improved efficacy and a manageable safety profile versus placebo plus chemotherapy (placebo-chemotherapy) in the subgroup analysis of Japanese patients with advanced/metastatic esophageal cancer in KEYNOTE-590 at a median follow-up of 24.4 months. Longer-term data from the Japanese subgroup analysis of KEYNOTE-590 are reported. Patients were randomly assigned 1:1 to pembrolizumab 200 mg or placebo every 3 weeks for ≤ 35 cycles plus chemotherapy (cisplatin 80 mg/m2 and 5-fluorouracil 800 mg/m2/day). Endpoints included overall survival (OS) and progression-free survival (PFS; investigator-assessed per RECIST v1.1; dual primary) and safety (secondary). Early tumor shrinkage (ETS) and depth of response (DpR) were assessed post hoc. Overall, 141 patients were enrolled in Japan. As of July 9, 2021, median follow-up was 36.6 months (range, 29.8-45.7). Pembrolizumab-chemotherapy showed a trend toward favorable OS (hazard ratio [HR], 0.70; 95% confidence interval [CI] 0.47-1.03) and PFS (0.57; 0.39-0.83) versus placebo-chemotherapy. In the pembrolizumab-chemotherapy group, patients with ETS ≥ 20% (55/74; 74.3%) versus < 20% (19/74; 25.7%) had favorable OS (HR, 0.23; 95% CI 0.12-0.42) and PFS (0.24; 0.13-0.43). Patients with DpR ≥ 60% (31/74; 41.9%) versus < 60% (43/74; 58.1%) had favorable OS (HR, 0.37; 95% CI 0.20-0.68) and PFS (0.24; 0.13-0.43). Grade 3-5 treatment-related adverse events occurred in 55/74 patients (74.3%) with pembrolizumab-chemotherapy and 41/67 patients (61.2%) with placebo-chemotherapy. With longer-term follow-up of Japanese patients with advanced/metastatic esophageal cancer, efficacy continued to favor pembrolizumab-chemotherapy compared with placebo-chemotherapy, with no new safety signals observed. ClinicalTrials.gov, NCT03189719.",Esophagus : official journal of the Japan Esophageal Society,2024.0,"Journal Article; Randomized Controlled Trial; Clinical Trial, Phase III; Multicenter Study",10.1007/s10388-024-01053-z,NCBI PubMed E-utilities,success,,PubMed co-mention retrieval baseline only; not evidence polarity classification.
repodb_0ee62470d8ffb2ae,Cisplatin,Esophageal neoplasm metastatic,negative,"""Cisplatin"" AND ""Esophageal neoplasm metastatic"" AND (failed OR failure OR ineffective OR toxicity OR adverse OR discontinued)",38806195,"Tislelizumab plus chemotherapy versus placebo plus chemotherapy as first line treatment for advanced gastric or gastro-oesophageal junction adenocarcinoma: RATIONALE-305 randomised, double blind, phase 3 trial.","To evaluate the efficacy and safety of tislelizumab added to chemotherapy as first line (primary) treatment for advanced gastric or gastro-oesophageal junction adenocarcinoma compared with placebo plus chemotherapy. Randomised, double blind, placebo controlled, phase 3 study. 146 medical centres across Asia, Europe, and North America, between 13 December 2018 and 28 February 2023. 1657 patients aged ≥18 years with human epidermal growth factor receptor 2 negative locally advanced unresectable or metastatic gastric or gastro-oesophageal junction adenocarcinoma, regardless of programmed death-ligand 1 (PD-L1) expression status, who had not received systemic anticancer therapy for advanced disease. Patients were randomly (1:1) assigned to receive either tislelizumab 200 mg or placebo intravenously every three weeks in combination with chemotherapy (investigator's choice of oxaliplatin and capecitabine, or cisplatin and 5-fluorouracil) and stratified by region, PD-L1 expression, presence or absence of peritoneal metastases, and investigator's choice of chemotherapy. Treatment continued until disease progression or unacceptable toxicity. The primary endpoint was overall survival, both in patients with a PD-L1 tumour area positivity (TAP) score of ≥5% and in all randomised patients. Safety was assessed in all those who received at least one dose of study treatment. Of 1657 patients screened between 13 December 2018 and 9 February 2021, 660 were ineligible due to not meeting the eligibility criteria, withdrawal of consent, adverse events, or other reasons. Overall, 997 were randomly assigned to receive tislelizumab plus chemotherapy (n=501) or placebo plus chemotherapy (n=496). Tislelizumab plus chemotherapy showed statistically significant improvements in overall survival versus placebo plus chemotherapy in patients with a PD-L1 TAP score of ≥5% (median 17.2 months v 12.6 months; hazard ratio 0.74 (95% confidence interval 0.59 to 0.94); P=0.006 (interim analysis)) and in all randomised patients (median 15.0 months v 12.9 months; hazard ratio 0.80 (0.70 to 0.92); P=0.001 (final analysis)). Grade 3 or worse treatment related adverse events were observed in 54% (268/498) of patients in the tislelizumab plus chemotherapy arm versus 50% (246/494) in the placebo plus chemotherapy arm. Tislelizumab added to chemotherapy as primary treatment for advanced or metastatic gastric or gastro-oesophageal junction adenocarcinoma provided superior overall survival with a manageable safety profile versus placebo plus chemotherapy in patients with a PD-L1 TAP score of ≥5%, and in all randomised patients. ClinicalTrials.gov NCT03777657.",BMJ (Clinical research ed.),2024.0,"Journal Article; Randomized Controlled Trial; Clinical Trial, Phase III; Multicenter Study; Research Support, Non-U.S. Gov't",10.1136/bmj-2023-078876,NCBI PubMed E-utilities,success,,PubMed co-mention retrieval baseline only; not evidence polarity classification.
repodb_0ee62470d8ffb2ae,Cisplatin,Esophageal neoplasm metastatic,negative,"""Cisplatin"" AND ""Esophageal neoplasm metastatic"" AND (failed OR failure OR ineffective OR toxicity OR adverse OR discontinued)",37875143,"Pembrolizumab plus chemotherapy versus placebo plus chemotherapy for HER2-negative advanced gastric cancer (KEYNOTE-859): a multicentre, randomised, double-blind, phase 3 trial.","PD-1 inhibitors combined with chemotherapy have shown efficacy in gastric or gastro-esophageal junction cancer. We compared the efficacy and safety of pembrolizumab plus chemotherapy with placebo plus chemotherapy in participants with locally advanced or metastatic HER2-negative gastric or gastro-esophageal junction adenocarcinoma. KEYNOTE-859 is a multicentre, double-blind, placebo-controlled, randomised, phase 3 trial, done at 207 medical centres across 33 countries. Eligible participants were aged 18 years and older with previously untreated histologically or cytologically confirmed locally advanced or metastatic HER2-negative gastric or gastro-esophageal junction adenocarcinoma and an Eastern Cooperative Oncology Group performance status of 0 or 1. Patients were randomly assigned (1:1) to receive pembrolizumab or placebo 200 mg, administered intravenously every 3 weeks for up to 35 cycles. All participants received investigator's choice of fluorouracil (intravenous, 800 mg/m2 per day) administered continuously on days 1-5 of each 3-week cycle plus cisplatin (intravenous, 80 mg/m2) administered on day 1 of each 3-week cycle or capecitabine (oral, 1000 mg/m2) administered twice daily on days 1-14 of each 3-week cycle plus oxaliplatin (intravenous, 130 mg/m2) administered on day 1 of each 3-week cycle. Randomisation was done using a central interactive voice-response system and stratified by geographical region, PD-L1 status, and chemotherapy in permuted block sizes of four. The primary endpoint was overall survival, assessed in the intention-to-treat (ITT) population, and the populations with a PD-L1 combined positive score (CPS) of 1 or higher, and PD-L1 CPS of 10 or higher. Safety was assessed in the as-treated population, which included all randomly assigned participants who received at least one dose of study intervention. Here, we report the results of the interim analysis. This study is registered with ClinicalTrials.gov, NCT03675737, and recruitment is complete. Between Nov 8, 2018, and June 11, 2021, 1579 (66%) of 2409 screened participants were randomly assigned to receive pembrolizumab plus chemotherapy (pembrolizumab group; n=790) or placebo plus chemotherapy (placebo group; n=789). Most participants were male (527 [67%] of 790 participants in the pembrolizumab plus chemotherapy group; 544 [69%] of 789 participants in the placebo plus chemotherapy group) and White (426 [54%]; 435 [55%]). Median follow-up at the data cutoff was 31·0 months (IQR 23·0-38·3). Median overall survival was longer in the pembrolizumab group than in the placebo group in the ITT population (12·9 months [95% CI 11·9-14·0] vs 11·5 months [10·6-12·1]; hazard ratio [HR] 0·78 [95% CI 0·70-0·87]; p<0·0001), in participants with a PD-L1 CPS of 1 or higher (13·0 months [11·6-14·2] vs 11·4 months [10·5-12·0]; 0·74 [0·65-0·84]; p<0·0001), and in participants with a PD-L1 CPS of 10 or higher (15·7 months [13·8-19·3] vs 11·8 months [10·3-12·7]; 0·65 [0·53-0·79]; p<0·0001). The most common grade 3-5 adverse events of any cause were anaemia (95 [12%] of 785 participants in the pembrolizumab group vs 76 [10%] of 787 participants in the placebo group) and decreased neutrophil count (77 [10%] vs 64 [8%]). Serious treatment-related adverse events occurred in 184 (23%) participants in the pembrolizumab group and 146 (19%) participants in the placebo group. Treatment-related deaths occurred in eight (1%) participants in the pembrolizumab group and 16 (2%) participants in the placebo group. No new safety signals were identified. Participants in the pembrolizumab plus chemotherapy group had a significant and clinically meaningful improvement in overall survival with manageable toxicity compared with participants in the placebo plus chemotherapy group. Therefore, pembrolizumab with chemotherapy might be a first-line treatment option for patients with locally advanced or metastatic HER2-negative gastric or gastro-esophageal junction adenocarcinoma. Merck Sharp and Dohme.",The Lancet. Oncology,2023.0,"Randomized Controlled Trial; Multicenter Study; Clinical Trial, Phase III; Journal Article; Research Support, Non-U.S. Gov't",10.1016/S1470-2045(23)00515-6,NCBI PubMed E-utilities,success,,PubMed co-mention retrieval baseline only; not evidence polarity classification.
repodb_0ee62470d8ffb2ae,Cisplatin,Esophageal neoplasm metastatic,negative,"""Cisplatin"" AND ""Esophageal neoplasm metastatic"" AND (failed OR failure OR ineffective OR toxicity OR adverse OR discontinued)",34454674,"Pembrolizumab plus chemotherapy versus chemotherapy alone for first-line treatment of advanced oesophageal cancer (KEYNOTE-590): a randomised, placebo-controlled, phase 3 study.","First-line therapy for advanced oesophageal cancer is currently limited to fluoropyrimidine plus platinum-based chemotherapy. We aimed to evaluate the antitumour activity of pembrolizumab plus chemotherapy versus chemotherapy alone as first-line treatment in advanced oesophageal cancer and Siewert type 1 gastro-oesophageal junction cancer. We did a randomised, placebo-controlled, double-blind, phase 3 study across 168 medical centres in 26 countries. Patients aged 18 years or older with previously untreated, histologically or cytologically confirmed, locally advanced, unresectable or metastatic oesophageal cancer or Siewert type 1 gastro-oesophageal junction cancer (regardless of PD-L1 status), measurable disease per Response Evaluation Criteria in Solid Tumors version 1.1, and Eastern Cooperative Oncology Group performance status of 0-1, were randomly assigned (1:1) to intravenous pembrolizumab 200 mg or placebo, plus 5-fluorouracil and cisplatin (chemotherapy), once every 3 weeks for up to 35 cycles. Randomisation was stratified by geographical region, histology, and performance status. Patients, investigators, and site staff were masked to group assignment and PD-L1 biomarker status. Primary endpoints were overall survival in patients with oesophageal squamous cell carcinoma and PD-L1 combined positive score (CPS) of 10 or more, and overall survival and progression-free survival in patients with oesophageal squamous cell carcinoma, PD-L1 CPS of 10 or more, and in all randomised patients. This trial is registered with ClinicalTrials.gov, NCT03189719, and is closed to recruitment. Between July 25, 2017, and June 3, 2019, 1020 patients were screened and 749 were enrolled and randomly assigned to pembrolizumab plus chemotherapy (n=373 [50%]) or placebo plus chemotherapy (n=376 [50%]). At the first interim analysis (median follow-up of 22·6 months), pembrolizumab plus chemotherapy was superior to placebo plus chemotherapy for overall survival in patients with oesophageal squamous cell carcinoma and PD-L1 CPS of 10 or more (median 13·9 months vs 8·8 months; hazard ratio 0·57 [95% CI 0·43-0·75]; p<0·0001), oesophageal squamous cell carcinoma (12·6 months vs 9·8 months; 0·72 [0·60-0·88]; p=0·0006), PD-L1 CPS of 10 or more (13·5 months vs 9·4 months; 0·62 [0·49-0·78]; p<0·0001), and in all randomised patients (12·4 months vs 9·8 months; 0·73 [0·62-0·86]; p<0·0001). Pembrolizumab plus chemotherapy was superior to placebo plus chemotherapy for progression-free survival in patients with oesophageal squamous cell carcinoma (6·3 months vs 5·8 months; 0·65 [0·54-0·78]; p<0·0001), PD-L1 CPS of 10 or more (7·5 months vs 5·5 months; 0·51 [0·41-0·65]; p<0·0001), and in all randomised patients (6·3 months vs 5·8 months; 0·65 [0·55-0·76]; p<0·0001). Treatment-related adverse events of grade 3 or higher occurred in 266 (72%) patients in the pembrolizumab plus chemotherapy group versus 250 (68%) in the placebo plus chemotherapy group. Compared with placebo plus chemotherapy, pembrolizumab plus chemotherapy improved overall survival in patients with previously untreated, advanced oesophageal squamous cell carcinoma and PD-L1 CPS of 10 or more, and overall survival and progression-free survival in patients with oesophageal squamous cell carcinoma, PD-L1 CPS of 10 or more, and in all randomised patients regardless of histology, and had a manageable safety profile in the total as-treated population. Merck Sharp & Dohme.","Lancet (London, England)",2021.0,"Clinical Trial, Phase III; Journal Article; Randomized Controlled Trial; Research Support, Non-U.S. Gov't",10.1016/S0140-6736(21)01234-4,NCBI PubMed E-utilities,success,,PubMed co-mention retrieval baseline only; not evidence polarity classification.
repodb_0ee62470d8ffb2ae,Cisplatin,Esophageal neoplasm metastatic,negative,"""Cisplatin"" AND ""Esophageal neoplasm metastatic"" AND (failed OR failure OR ineffective OR toxicity OR adverse OR discontinued)",37080222,"Tislelizumab plus chemotherapy versus placebo plus chemotherapy as first-line treatment for advanced or metastatic oesophageal squamous cell carcinoma (RATIONALE-306): a global, randomised, placebo-controlled, phase 3 study.","The options for first-line treatment of advanced oesophageal squamous cell carcinoma are scarce, and the outcomes remain poor. The anti-PD-1 antibody, tislelizumab, has shown antitumour activity in previously treated patients with advanced oesophageal squamous cell carcinoma. We report interim analysis results from the RATIONALE-306 study, which aimed to assess tislelizumab plus chemotherapy versus placebo plus chemotherapy as first-line treatment for advanced or metastatic oesophageal squamous cell carcinoma. This global, randomised, double-blind, parallel-arm, placebo-controlled, phase 3 study was conducted at 162 medical centres across Asia, Europe, Oceania, and North America. Patients (aged ≥18 years) with unresectable, locally advanced, recurrent or metastatic oesophageal squamous cell carcinoma (regardless of PD-L1 expression), Eastern Cooperative Oncology Group performance status of 0-1, and measurable or evaluable disease per Response Evaluation Criteria in Solid Tumours (version 1.1) were recruited. Patients were randomly assigned (1:1), using permuted block randomisation (block size of four) and stratified by investigator-chosen chemotherapy, region, and previous definitive therapy, to tislelizumab 200 mg or placebo intravenously every 3 weeks on day 1, together with an investigator-chosen chemotherapy doublet, comprising a platinum agent (cisplatin 60-80 mg/m2 intravenously on day 1 or oxaliplatin 130 mg/m2 intravenously on day 1) plus a fluoropyrimidine (fluorouracil [750-800 mg/m2 intravenously on days 1-5] or capecitabine [1000 mg/m2 orally twice daily on days 1-14]) or paclitaxel (175 mg/m2 intravenously on day 1). Treatment was continued until disease progression or unacceptable toxicity. Investigators, patients, and sponsor staff or designees were masked to treatment. The primary endpoint was overall survival. The efficacy analysis was done in the intention-to-treat population (ie, all randomly assigned patients) and safety was assessed in all patients who received at least one dose of study treatment. The trial is registered with ClinicalTrials.gov, NCT03783442. Between Dec 12, 2018, and Nov 24, 2020, 869 patients were screened, of whom 649 were randomly assigned to tislelizumab plus chemotherapy (n=326) or placebo plus chemotherapy (n=323). Median age was 64·0 years (IQR 59·0-69·0), 563 (87%) of 649 participants were male, 86 (13%) were female, 486 (75%) were Asian, and 155 (24%) were White. 324 (99%) of 326 patients in the tislelizumab group and 321 (99%) of 323 in the placebo group received at least one dose of the study drug. As of data cutoff (Feb 28, 2022), median follow-up was 16·3 months (IQR 8·6-21·8) in the tislelizumab group and 9·8 months (IQR 5·8-19·0) in the placebo group, and 196 (60%) of 326 patients in the tislelizumab group versus 226 (70%) of 323 in the placebo group had died. Median overall survival in the tislelizumab group was 17·2 months (95% CI 15·8-20·1) and in the placebo group was 10·6 months (9·3-12·1; stratified hazard ratio 0·66 [95% CI 0·54-0·80]; one-sided p<0·0001). 313 (97%) of 324 patients in the tislelizumab group and 309 (96%) of 321 in the placebo group had treatment-related treatment-emergent adverse events. The most common grade 3 or 4 treatment-related treatment-emergent adverse events were decreased neutrophil count (99 [31%] in the tislelizumab group vs 105 [33%] in the placebo group), decreased white blood cell count (35 [11%] vs 50 [16%]), and anaemia (47 [15%] vs 41 [13%]). Six deaths in the tislelizumab group (gastrointestinal and upper gastrointestinal haemorrhage [n=2], myocarditis [n=1], pulmonary tuberculosis [n=1], electrolyte imbalance [n=1], and respiratory failure [n=1]) and four deaths in the placebo group (pneumonia [n=1], septic shock [n=1], and unspecified death [n=2]) were determined to be treatment-related. Tislelizumab plus chemotherapy as a first-line treatment for advanced or metastatic oesophageal squamous cell carcinoma provided superior overall survival with a manageable safety profile versus placebo plus chemotherapy. Given that the interim analysis met its superiority boundary for the primary endpoint, as confirmed by the independent data monitoring committee, this Article represents the primary study analysis. BeiGene.",The Lancet. Oncology,2023.0,"Randomized Controlled Trial; Clinical Trial, Phase III; Journal Article; Research Support, Non-U.S. Gov't",10.1016/S1470-2045(23)00108-0,NCBI PubMed E-utilities,success,,PubMed co-mention retrieval baseline only; not evidence polarity classification.
repodb_0ee62470d8ffb2ae,Cisplatin,Esophageal neoplasm metastatic,negative,"""Cisplatin"" AND ""Esophageal neoplasm metastatic"" AND (failed OR failure OR ineffective OR toxicity OR adverse OR discontinued)",16822992,Perioperative chemotherapy versus surgery alone for resectable gastroesophageal cancer.,"A regimen of epirubicin, cisplatin, and infused fluorouracil (ECF) improves survival among patients with incurable locally advanced or metastatic gastric adenocarcinoma. We assessed whether the addition of a perioperative regimen of ECF to surgery improves outcomes among patients with potentially curable gastric cancer. We randomly assigned patients with resectable adenocarcinoma of the stomach, esophagogastric junction, or lower esophagus to either perioperative chemotherapy and surgery (250 patients) or surgery alone (253 patients). Chemotherapy consisted of three preoperative and three postoperative cycles of intravenous epirubicin (50 mg per square meter of body-surface area) and cisplatin (60 mg per square meter) on day 1, and a continuous intravenous infusion of fluorouracil (200 mg per square meter per day) for 21 days. The primary end point was overall survival. ECF-related adverse effects were similar to those previously reported among patients with advanced gastric cancer. Rates of postoperative complications were similar in the perioperative-chemotherapy group and the surgery group (46 percent and 45 percent, respectively), as were the numbers of deaths within 30 days after surgery. The resected tumors were significantly smaller and less advanced in the perioperative-chemotherapy group. With a median follow-up of four years, 149 patients in the perioperative-chemotherapy group and 170 in the surgery group had died. As compared with the surgery group, the perioperative-chemotherapy group had a higher likelihood of overall survival (hazard ratio for death, 0.75; 95 percent confidence interval, 0.60 to 0.93; P=0.009; five-year survival rate, 36 percent vs. 23 percent) and of progression-free survival (hazard ratio for progression, 0.66; 95 percent confidence interval, 0.53 to 0.81; P<0.001). In patients with operable gastric or lower esophageal adenocarcinomas, a perioperative regimen of ECF decreased tumor size and stage and significantly improved progression-free and overall survival. (Current Controlled Trials number, ISRCTN93793971 [controlled-trials.com].).",The New England journal of medicine,2006.0,"Clinical Trial, Phase III; Comparative Study; Journal Article; Multicenter Study; Randomized Controlled Trial; Research Support, Non-U.S. Gov't",10.1056/NEJMoa055531,NCBI PubMed E-utilities,success,,PubMed co-mention retrieval baseline only; not evidence polarity classification.
repodb_0ee62470d8ffb2ae,Cisplatin,Esophageal neoplasm metastatic,negative,"""Cisplatin"" AND ""Esophageal neoplasm metastatic"" AND (failed OR failure OR ineffective OR toxicity OR adverse OR discontinued)",34519801,Effect of Camrelizumab vs Placebo Added to Chemotherapy on Survival and Progression-Free Survival in Patients With Advanced or Metastatic Esophageal Squamous Cell Carcinoma: The ESCORT-1st Randomized Clinical Trial.,"Standard first-line therapy for advanced or metastatic esophageal carcinoma is chemotherapy, but the prognosis remains poor. Camrelizumab (an anti-programmed death receptor 1 [PD-1] antibody) showed antitumor activity in previously treated advanced or metastatic esophageal squamous cell carcinoma. To evaluate the efficacy and adverse events of camrelizumab plus chemotherapy vs placebo plus chemotherapy as a first-line treatment in advanced or metastatic esophageal squamous cell carcinoma. This randomized, double-blind, placebo-controlled, multicenter, phase 3 trial (ESCORT-1st study) enrolled patients from 60 hospitals in China between December 3, 2018, and May 12, 2020 (final follow-up, October 30, 2020). A total of 751 patients were screened and 596 eligible patients with untreated advanced or metastatic esophageal squamous cell carcinoma were randomized. Patients were randomized 1:1 to receive either camrelizumab 200 mg (n = 298) or placebo (n = 298), combined with up to 6 cycles of paclitaxel (175 mg/m2) and cisplatin (75 mg/m2). All treatments were given intravenously every 3 weeks. Coprimary end points were overall survival (significance threshold, 1-sided P < .02) and progression-free survival (significance threshold, 1-sided P < .005). Of the 596 patients randomized (median age, 62 years [interquartile range, 56-67 years]; 523 men [87.8%]), 1 patient in the placebo-chemotherapy group did not receive planned treatment. A total of 490 patients (82.2%) had discontinued the study treatment. The median follow-up was 10.8 months. The overall survival for the camrelizumab-chemotherapy group was a median of 15.3 months (95% CI, 12.8-17.3; 135 deaths) vs a median of 12.0 months (95% CI, 11.0-13.3; 174 deaths) for the placebo-chemotherapy group (hazard ratio [HR] for death, 0.70 [95% CI, 0.56-0.88]; 1-sided P = .001). Progression-free survival for camrelizumab plus chemotherapy was a median of 6.9 months (95% CI, 5.8-7.4; 199 progression or deaths) vs 5.6 months (95% CI, 5.5-5.7; 229 progression or deaths) for the placebo-chemotherapy group (HR for progression or death, 0.56 [95% CI, 0.46-0.68]; 1-sided P < .001). Treatment-related adverse events of grade 3 or higher occurred in 189 patients (63.4%) in the camrelizumab-chemotherapy group and 201 (67.7%) in the placebo-chemotherapy group, including treatment-related deaths among 9 patients (3.0%) and 11 patients (3.7%), respectively. Among patients with advanced or metastatic esophageal squamous cell carcinoma, the addition of camrelizumab to chemotherapy, compared with placebo and chemotherapy, significantly improved overall survival and progression-free survival. ClinicalTrials.gov Identifier: NCT03691090.",JAMA,2021.0,"Clinical Trial, Phase III; Comparative Study; Journal Article; Multicenter Study; Randomized Controlled Trial; Research Support, Non-U.S. Gov't",10.1001/jama.2021.12836,NCBI PubMed E-utilities,success,,PubMed co-mention retrieval baseline only; not evidence polarity classification.
repodb_0ee62470d8ffb2ae,Cisplatin,Esophageal neoplasm metastatic,negative,"""Cisplatin"" AND ""Esophageal neoplasm metastatic"" AND (failed OR failure OR ineffective OR toxicity OR adverse OR discontinued)",33975465,KEYNOTE-859: a Phase III study of pembrolizumab plus chemotherapy in gastric/gastroesophageal junction adenocarcinoma.,"Current guidelines recommend two-drug cytotoxic chemotherapy with a fluoropyrimidine (fluorouracil or capecitabine) and a platinum-based agent (oxaliplatin or cisplatin) as first-line treatment for advanced gastric cancer. Pembrolizumab monotherapy has demonstrated durable antitumor activity in patients with advanced programmed death ligand 1-positive (combined positive score ≥1) gastric/gastroesophageal junction adenocarcinoma. Accumulating evidence indicates that combining pembrolizumab with standard-of-care chemotherapy for the treatment of advanced or metastatic cancer improves clinical outcomes. We describe the rationale for and the design of the randomized, double-blind, placebo-controlled, Phase III KEYNOTE-859 study, which is investigating pembrolizumab in combination with chemotherapy as first-line treatment for patients with human epidermal growth factor receptor 2-negative advanced unresectable or metastatic gastric/gastroesophageal junction adenocarcinoma. The planned sample size is 1542 patients, and the primary end point is overall survival. Clinical trial registration: NCT03675737 (ClinicalTrials.gov).","Future oncology (London, England)",2021.0,Clinical Trial Protocol; Journal Article,10.2217/fon-2021-0176,NCBI PubMed E-utilities,success,,PubMed co-mention retrieval baseline only; not evidence polarity classification.
repodb_0ee62470d8ffb2ae,Cisplatin,Esophageal neoplasm metastatic,negative,"""Cisplatin"" AND ""Esophageal neoplasm metastatic"" AND (failed OR failure OR ineffective OR toxicity OR adverse OR discontinued)",37488287,Neoadjuvant adebrelimab in locally advanced resectable esophageal squamous cell carcinoma: a phase 1b trial.,"Overall survival (OS) benefits of neoadjuvant immunotherapy remain elusive in locally advanced esophageal squamous cell carcinomas (ESCC). Here, we reported the results of a phase 1b trial of neoadjuvant PD-L1 blockade with adebrelimab in resectable ESCC. Patients received two neoadjuvant doses of adebrelimab followed by surgery. The primary endpoints were safety and feasibility; secondary endpoints included pathologic complete response (pCR) and OS. Our data showed the primary endpoints of safety and feasibility had been met. Common treatment-related adverse events were anorexia (32%) and fatigue (16%), without grade 3 or more adverse events. Of the 30 patients enrolled in the trial, 25 underwent successful resection without surgery delay and 24% had major pathologic responses including a pCR rate of 8%. The 2-year OS was 92%. Responsive patients had an immune-enriched tumor microenvironment phenotype, whereas nonresponsive patients had greater infiltration of cancer-associated fibroblasts at baseline. Clonotypic dynamics of pre-existing intratumoral T cells was a hallmark of responsive patients. These findings provide a rational for neoadjuvant anti-PD-L1 monotherapy as a therapeutic strategy for patients with resectable ESCC. ClinicalTrials.gov identifier: NCT04215471 .",Nature medicine,2023.0,"Clinical Trial, Phase I; Journal Article; Research Support, Non-U.S. Gov't",10.1038/s41591-023-02469-3,NCBI PubMed E-utilities,success,,PubMed co-mention retrieval baseline only; not evidence polarity classification.
repodb_0ee62470d8ffb2ae,Cisplatin,Esophageal neoplasm metastatic,negative,"""Cisplatin"" AND ""Esophageal neoplasm metastatic"" AND (failed OR failure OR ineffective OR toxicity OR adverse OR discontinued)",36990609,"Toripalimab combined with definitive chemoradiotherapy in locally advanced oesophageal squamous cell carcinoma (EC-CRT-001): a single-arm, phase 2 trial.","Toripalimab is a PD-1 inhibitor that is approved for the treatment of advanced oesophageal squamous cell carcinoma, but its efficacy in locally advanced disease is unclear. We administered toripalimab with definitive chemoradiotherapy to patients with unresectable locally advanced oesophageal squamous cell carcinoma, and aimed to investigate the activity and safety of this regimen, and potential biomarkers. EC-CRT-001 was a single-arm, phase 2 trial done at Sun Yat-sen University Cancer Center (Guangzhou, China). Patients aged 18-70 years with untreated, unresectable, stage I-IVA oesophageal squamous cell carcinoma, with an ECOG performance status of 0-2, and adequate organ and bone marrow function were eligible for inclusion. Patients received concurrent thoracic radiotherapy (50·4 Gy in 28 fractions), chemotherapy (five cycles of weekly intravenous paclitaxel [50 mg/m2] and cisplatin [25 mg/m2]), and toripalimab (240 mg intravenously every 3 weeks for up to 1 year, or until disease progression or unacceptable toxicity). The primary endpoint was the complete response rate at 3 months after radiotherapy by investigator assessment. Secondary endpoints were overall survival, progression-free survival, duration of response, quality of life (not reported here), and safety. All enrolled patients were included in the activity and safety analyses. The trial is registered with ClinicalTrials.gov, NCT04005170; enrolment is completed and follow-up is ongoing. Between Nov 12, 2019, and Jan 25, 2021, 42 patients were enrolled. The median age was 56 years (IQR 53-63), 39 (93%) of 42 patients had stage III or IVA disease, and 32 (76%) patients were male and 10 (24%) were female. 40 (95%) of 42 patients completed the planned chemoradiotherapy and 26 (62%; 95% CI 46-76) of 42 had a complete response. The median duration of response was 12·1 months (95% CI 5·9-18·2). After a median follow-up of 14·9 months (IQR 11·9-18·4), 1-year overall survival was 78·4% (95% CI 66·9-92·0) and 1-year progression-free survival was 54·5% (41·3-72·0). The most common grade 3 or worse adverse event was lymphopenia (36 [86%] of 42). One (2%) patient died from treatment-related pneumonitis. Combining toripalimab with definitive chemoradiotherapy provided encouraging activity and acceptable toxicity in patients with locally advanced oesophageal squamous cell carcinoma, and this regimen warrants further investigation. National Natural Science Foundation of China and Sci-Tech Project Foundation of Guangzhou. For the Chinese translation of the abstract see Supplementary Materials section.",The Lancet. Oncology,2023.0,"Clinical Trial, Phase II; Journal Article; Research Support, Non-U.S. Gov't",10.1016/S1470-2045(23)00060-8,NCBI PubMed E-utilities,success,,PubMed co-mention retrieval baseline only; not evidence polarity classification.
repodb_0ee62470d8ffb2ae,Cisplatin,Esophageal neoplasm metastatic,negative,"""Cisplatin"" AND ""Esophageal neoplasm metastatic"" AND (failed OR failure OR ineffective OR toxicity OR adverse OR discontinued)",36732627,"First-line serplulimab or placebo plus chemotherapy in PD-L1-positive esophageal squamous cell carcinoma: a randomized, double-blind phase 3 trial.","First-line systemic therapeutic options for advanced esophageal squamous cell carcinoma (ESCC) are limited. In this multicenter, double-blind phase 3 trial, a total of 551 patients with previously untreated, locally advanced or metastatic ESCC and PD-L1 combined positive score of ≥1 were randomized (2:1) to receive serplulimab (an anti-PD-1 antibody; 3 mg/kg) or placebo (on day 1), plus cisplatin (50 mg/m2) (on day 1) and continuous infusion of 5-fluorouracil (1,200 mg/m2) (on days 1 and 2), once every 2 weeks. The study met the primary endpoints. At the prespecified final analysis of progression-free survival (PFS) assessed by the blinded independent radiological review committee, serplulimab plus chemotherapy significantly improved PFS compared with placebo plus chemotherapy (median PFS of 5.8 months and 5.3 months, respectively; hazard ratio, 0.60; 95% confidence interval, 0.48-0.75; P < 0.0001). At the prespecified interim analysis of overall survival (OS), serplulimab plus chemotherapy also significantly prolonged OS compared with placebo plus chemotherapy (median OS of 15.3 months and 11.8 months, respectively; hazard ratio, 0.68; 95% confidence interval, 0.53-0.87; P = 0.0020). Grade 3 or higher treatment-related adverse events occurred in 201 (53%) and 81 (48%) patients in the serplulimab plus chemotherapy group and the placebo plus chemotherapy group, respectively. Serplulimab plus chemotherapy administered every 2 weeks significantly improved PFS and OS in patients with previously untreated, PD-L1-positive advanced ESCC, with a manageable safety profile. This study is registered with ClinicalTrials.gov ( NCT03958890 ).",Nature medicine,2023.0,"Randomized Controlled Trial; Multicenter Study; Clinical Trial, Phase III; Journal Article; Research Support, Non-U.S. Gov't",10.1038/s41591-022-02179-2,NCBI PubMed E-utilities,success,,PubMed co-mention retrieval baseline only; not evidence polarity classification.
repodb_0ee62470d8ffb2ae,Cisplatin,Esophageal neoplasm metastatic,negative,"""Cisplatin"" AND ""Esophageal neoplasm metastatic"" AND (failed OR failure OR ineffective OR toxicity OR adverse OR discontinued)",27776843,"Histopathological regression after neoadjuvant docetaxel, oxaliplatin, fluorouracil, and leucovorin versus epirubicin, cisplatin, and fluorouracil or capecitabine in patients with resectable gastric or gastro-oesophageal junction adenocarcinoma (FLOT4-AIO): results from the phase 2 part of a multicentre, open-label, randomised phase 2/3 trial.","Docetaxel-based chemotherapy is effective in metastatic gastric and gastro-oesophageal junction adenocarcinoma, but has not yet been evaluated in the context of resectable patients. Here we report findings from the phase 2 part of the phase 2/3 FLOT4 trial, which compared histopathological regression in patients treated with a docetaxel-based triplet chemotherapy versus an anthracycline-based triplet chemotherapy before surgical resection. In this randomised, open-label, phase 2/3 study, eligible participants were recruited from 28 German oncology centres. Patients with resectable gastric or gastro-oesophageal junction cancer who had clinical stage cT2 or higher, nodal positive (cN+) disease, or both were randomly assigned (1:1) to either three preoperative and three postoperative 3-week cycles of intravenous epirubicin 50 mg/m2 on day 1, intravenous cisplatin 60 mg/m2 on day 1, and either fluorouracil 200 mg/m2 as continuous intravenous infusion or capecitabine 1250 mg/m2 orally (two doses of 625 mg/m2 per day) on days 1 to 21 (ECF/ECX group) or four preoperative and four postoperative 2-week cycles of docetaxel 50 mg/m2, intravenous oxaliplatin 85 mg/m2, intravenous leucovorin 200 mg/m2, and fluorouracil 2600 mg/m2 as a 24 h infusion, all on day 1 (FLOT group). Randomisation was done centrally with an interactive web-response system based on a sequence generated with blocks (block size 2) stratified by Eastern Cooperative Oncology Group performance status, location of primary tumour, age, and nodal status. No masking was done. Central assessment of pathological regression was done according to the Becker criteria. The primary endpoint was pathological complete regression (tumour regression grade TRG1a) and was analysed in the modified intention-to-treat population, defined as all patients who were randomly assigned to treatment excluding patients who had surgery but did not provide resection specimens for central evaluation. The study (including the phase 3 part) has completed enrolment, but follow-up is ongoing and this is an interim analysis. The trial is registered with ClinicalTrials.gov, number NCT01216644. Between Aug 18, 2010, and Aug 10, 2012, 300 patients (152 patients in the ECF/ECX group; 148 patients in the FLOT group) were enrolled into the phase 2 part of the study, 265 of whom (137 in the ECF/ECX group; 128 in the FLOT group) were assessable on a modified intention-to-treat basis. 119 (93%) of 128 patients in the FLOT group and 126 (92%) of 137 patients in the ECF/ECX group were given all planned preoperative cycles of treatment. FLOT was associated with significantly higher proportions of patients achieving pathological complete regression than was ECF/ECX (20 [16%; 95% CI 10-23] of 128 patients vs eight [6%; 3-11] of 137 patients; p=0·02). 44 (40%) of 111 patients in the ECF/ECX group and 30 (25%) of 119 patients in the FLOT group had at least one serious adverse event involving a perioperative medical or surgical complication. The most common non-surgical grade 3-4 adverse events were neutropenia (52 [38%] of 137 patients in the ECF/ECX group vs 67 [52%] of 128 patients in the FLOT group), leucopenia (28 [20%] vs 36 [28%]), nausea (23 [17%] vs 12 [9%]), infection (16 [12%] vs 15 [12%]), fatigue (19 [14%] vs 11 [9%]), and vomiting (13 [10%] vs four [3%]). Perioperative FLOT was active and feasible to administer, and might represent an option for patients with locally advanced, resectable gastric or gastro-eosophageal junction adenocarcinoma. None.",The Lancet. Oncology,2016.0,"Clinical Trial, Phase II; Clinical Trial, Phase III; Comparative Study; Journal Article; Multicenter Study; Randomized Controlled Trial",10.1016/S1470-2045(16)30531-9,NCBI PubMed E-utilities,success,,PubMed co-mention retrieval baseline only; not evidence polarity classification.
repodb_0ee62470d8ffb2ae,Cisplatin,Esophageal neoplasm metastatic,negative,"""Cisplatin"" AND ""Esophageal neoplasm metastatic"" AND (failed OR failure OR ineffective OR toxicity OR adverse OR discontinued)",35440464,"Sintilimab versus placebo in combination with chemotherapy as first line treatment for locally advanced or metastatic oesophageal squamous cell carcinoma (ORIENT-15): multicentre, randomised, double blind, phase 3 trial.","To evaluate sintilimab versus placebo in combination with chemotherapy (cisplatin plus paclitaxel or cisplatin plus 5-fluorouracil) as first line treatment of unresectable locally advanced, recurrent, or metastatic oesophageal squamous cell carcinoma. Multicentre, randomised, double blind, phase 3 trial. 66 sites in China and 13 sites outside of China between 14 December 2018 and 9 April 2021. 659 adults (aged ≥18 years) with advanced or metastatic oesophageal squamous cell carcinoma who had not received systemic treatment. Participants were randomised 1:1 to receive sintilimab or placebo (3 mg/kg in patients weighing <60 kg or 200 mg in patients weighing ≥60 kg) in combination with cisplatin 75 mg/m2 plus paclitaxel 175 mg/m2 every three weeks. The trial was amended to allow investigators to choose the chemotherapy regimen: cisplatin plus paclitaxel or cisplatin plus 5-fluorouracil (800 mg/m2 continuous infusion on days 1-5). Overall survival in all patients and in patients with combined positive scores of ≥10 for expression of programmed cell death ligand 1. 659 patients were randomly assigned to sintilimab (n=327) or placebo (n=332) with chemotherapy. 616 of 659 patients (93%) received sintilimab or placebo in combination with cisplatin plus paclitaxel and 43 of 659 patients (7%) received sintilimab or placebo in combination with cisplatin plus 5-fluorouracil. At the interim analysis, sintilimab with chemotherapy showed better overall survival compared with placebo and chemotherapy in all patients (median 16.7 v 12.5 months, hazard ratio 0.63, 95% confidence interval 0.51 to 0.78, P<0.001) and in patients with combined positive scores of ≥10 (17.2 v 13.6 months, 0.64, 0.48 to 0.85, P=0.002). Sintilimab and chemotherapy significantly improved progression free survival compared with placebo and chemotherapy in all patients (7.2 v 5.7 months, 0.56, 0.46 to 0.68, P<0.001) and in patients with combined positive scores of ≥10 (8.3 v 6.4 months, 0.58, 0.45 to 0.75, P<0.001). Adverse events related to treatment occurred in 321 of 327 patients (98%) in the sintilimab-chemotherapy group versus 326 of 332 (98%) patients in the placebo-chemotherapy group. Rates of adverse events related to treatment, grade ≥3, were 60% (196/327) and 55% (181/332) in the sintilimab-chemotherapy and placebo-chemotherapy groups, respectively. Compared with placebo, sintilimab in combination with cisplatin plus paclitaxel showed significant benefits in overall survival and progression free survival as first line treatment in patients with advanced or metastatic oesophageal squamous cell carcinoma. Similar benefits of sintilimab with cisplatin plus 5-fluorouracil seem promising. ClinicalTrials.gov NCT03748134.",BMJ (Clinical research ed.),2022.0,"Clinical Trial, Phase III; Journal Article; Multicenter Study; Randomized Controlled Trial",10.1136/bmj-2021-068714,NCBI PubMed E-utilities,success,,PubMed co-mention retrieval baseline only; not evidence polarity classification.
repodb_0ee62470d8ffb2ae,Cisplatin,Esophageal neoplasm metastatic,negative,"""Cisplatin"" AND ""Esophageal neoplasm metastatic"" AND (failed OR failure OR ineffective OR toxicity OR adverse OR discontinued)",34160577,Long-term Efficacy of Neoadjuvant Chemoradiotherapy Plus Surgery for the Treatment of Locally Advanced Esophageal Squamous Cell Carcinoma: The NEOCRTEC5010 Randomized Clinical Trial.,"The prognosis of patients with locally advanced esophageal squamous cell carcinoma (ESCC) remains poor after surgery. Neoadjuvant chemoradiotherapy (NCRT) has been shown to potentially improve survival. To compare the treatment efficacy of NCRT plus surgery with surgery alone for long-term survival among patients with locally advanced ESCC. The Neoadjuvant Chemoradiotherapy for Esophageal Cancer 5010 study was a multicenter open-label randomized phase 3 clinical trial that enrolled patients between June 1, 2007, and December 31, 2014. Follow-up ended on December 31, 2019. The study was conducted at 8 centers in China. A total of 451 patients aged 18 to 70 years with thoracic ESCC stage T1-4N1M0/T4N0M0 were enrolled and randomized. Data were analyzed from December 1, 2019, to June 30, 2020. Patients randomized to receive NCRT plus surgery (NCRT group) received preoperative chemotherapy (25 mg/m2 of vinorelbine on days 1 and 8 and 75 mg/m2 of cisplatin on day 1 or 25 mg/m2 of cisplatin on days 1 to 4) every 3 weeks for 2 cycles and concurrent radiotherapy (40.0 Gy, administered in 20 fractions of 2.0 Gy for 5 days per week) followed by surgery. Patients randomized to receive surgery alone (surgery group) underwent surgery after randomization. The primary end point was overall survival in the intention-to-treat population. The secondary end point was disease-free survival. A total of 451 patients (mean [SD] age, 56.5 [7.0] years; 367 men [81.4%]) were randomized to the NCRT (n = 224) and surgery (n = 227) groups and were eligible for the intention-to-treat analysis. By December 31, 2019, 224 deaths had occurred. The median follow-up was 53.5 months (interquartile range, 18.2-87.4 months). Patients receiving NCRT plus surgery had prolonged overall survival compared with those receiving surgery alone (hazard ratio, 0.74; 95% CI, 0.57-0.97; P = .03), with a 5-year survival rate of 59.9% (95% CI, 52.9%-66.1%) vs 49.1% (95% CI, 42.3%-55.6%), respectively. Patients in the NCRT group compared with the surgery group also had prolonged disease-free survival (hazard ratio, 0.60; 95% CI, 0.45-0.80; P < .001), with a 5-year survival rate of 63.6% (95% CI, 56.0%-70.2%) vs 43.0% (95% CI, 36.0%-49.7%), respectively. In this randomized clinical trial, treatment with NCRT plus surgery significantly improved long-term overall survival and disease-free survival and therefore may be considered a standard of care for patients with locally advanced ESCC. ClinicalTrials.gov Identifier: NCT01216527.",JAMA surgery,2021.0,"Clinical Trial, Phase III; Comparative Study; Journal Article; Multicenter Study; Randomized Controlled Trial; Research Support, Non-U.S. Gov't",10.1001/jamasurg.2021.2373,NCBI PubMed E-utilities,success,,PubMed co-mention retrieval baseline only; not evidence polarity classification.
repodb_0ee62470d8ffb2ae,Cisplatin,Esophageal neoplasm metastatic,negative,"""Cisplatin"" AND ""Esophageal neoplasm metastatic"" AND (failed OR failure OR ineffective OR toxicity OR adverse OR discontinued)",39221992,Perioperative toripalimab plus neoadjuvant chemotherapy might improve outcomes in resectable esophageal cancer: an interim analysis of a phase III randomized clinical trial.,"In the era of immunotherapy, neoadjuvant immunochemotherapy (NAIC) for the treatment of locally advanced esophageal squamous cell carcinoma (ESCC) is used clinically but lacks of high-level clinical evidence. This study aimed to compare the safety and long-term efficacy of NAIC followed by minimally invasive esophagectomy (MIE) with those of neoadjuvant chemotherapy (NAC) followed by MIE. A prospective, single-center, open-label, randomized phase III clinical trial was conducted at Henan Cancer Hospital, Zhengzhou, China. Patients were randomly assigned to receive either neoadjuvant toripalimab (240 mg) plus paclitaxel (175 mg/m2) + cisplatin (75 mg/m2) (toripalimab group) or paclitaxel + cisplatin alone (chemotherapy group) every 3 weeks for 2 cycles. After surgery, the toripalimab group received toripalimab (240 mg every 3 weeks for up to 6 months). The primary endpoint was event-free survival (EFS). The pathological complete response (pCR) and overall survival (OS) were key secondary endpoints. Adverse events (AEs) and quality of life were also assessed. Between May 15, 2020 and August 13, 2021, 252 ESCC patients ranging from T1N1-3M0 to T2-3N0-3M0 were enrolled for interim analysis, with 127 in the toripalimab group and 125 in the chemotherapy group. The 1-year EFS rate was 77.9% in the toripalimab group compared to 64.3% in the chemotherapy group (hazard ratio [HR] = 0.62; 95% confidence interval [CI] = 0.39 to 1.00; P = 0.05). The 1-year OS rates were 94.1% and 83.0% in the toripalimab and chemotherapy groups, respectively (HR = 0.48; 95% CI = 0.24 to 0.97; P = 0.037). The patients in the toripalimab group had a higher pCR rate (18.6% vs. 4.6%; P = 0.001). The rates of postoperative Clavien-Dindo grade IIIb or higher morbidity were 9.8% in the toripalimab group and 6.8% in the chemotherapy group, with no significant difference observed (P = 0.460). The rates of grade 3 or 4 treatment-related AEs did not differ between the two groups (12.5% versus 12.4%). The interim results of this ongoing trial showed that in resectable ESCC, the addition of perioperative toripalimab to NAC is safe, may improve OS and might change the standard treatment in the future.","Cancer communications (London, England)",2024.0,"Journal Article; Clinical Trial, Phase III; Randomized Controlled Trial",10.1002/cac2.12604,NCBI PubMed E-utilities,success,,PubMed co-mention retrieval baseline only; not evidence polarity classification.
repodb_0ee62470d8ffb2ae,Cisplatin,Esophageal neoplasm metastatic,negative,"""Cisplatin"" AND ""Esophageal neoplasm metastatic"" AND (failed OR failure OR ineffective OR toxicity OR adverse OR discontinued)",40473445,"Zanidatamab plus chemotherapy as first-line treatment for patients with HER2-positive advanced gastro-oesophageal adenocarcinoma: primary results of a multicentre, single-arm, phase 2 study.","Zanidatamab, a dual human epidermal growth factor receptor 2 (HER2)-targeted bispecific antibody, previously demonstrated encouraging antitumour activity and a manageable safety profile in patients with treatment-refractory HER2-expressing gastro-oesophageal adenocarcinoma. Here, we evaluated the antitumour activity and safety of zanidatamab plus chemotherapy in first-line HER2-positive advanced gastro-oesophageal adenocarcinoma. This phase 2 trial enrolled patients in Canada, South Korea, and the USA who were aged 18 years and older with untreated, metastatic, or advanced HER2-positive gastro-oesophageal adenocarcinoma (HER2 IHC 3+ or 2+ by local or central assessment [part 1]; HER2 IHC 3+ or 2+ with FISH+ by central assessment [part 2]). Eligible patients, with an Eastern Cooperative Oncology Group performance status of 0 or 1 received zanidatamab intravenously plus standard chemotherapy (CAPOX [capecitabine plus oxaliplatin], FP [5-fluorouracil [5-FU] plus cisplatin], or modified FOLFOX6 [mFOLFOX6; leucovorin, 5-FU, and oxaliplatin]). In our study, part 1 aimed to characterise the safety and tolerability of zanidatamab and find the recommended dose when administered with combination chemotherapy and part 2 aimed to evaluate the antitumour activity of zanidatamab administered with combination chemotherapy in patients receiving first-line treatment for HER2-expressing advanced gastro-oesophageal adenocarcinoma. Two dosing schemes for zanidatamab were used in this study: a weight-based regimen and a two-tiered flat dosing regimen. In the CAPOX and FP groups, patients received either 30 mg/kg zanidatamab or 1800 mg or 2400 mg (patients weighing <70 kg and ≥70 kg, respectively) every 3 weeks. In the CAPOX group, patients also received 1000 mg/m2 capecitabine orally twice daily on days 1-14 every 3 weeks, plus 130 mg/m2 oxaliplatin intravenously every 3 weeks. In the FP cohort, patients also received 80 mg/m2 cisplatin intravenously every 3 weeks, plus 800 mg/m2 5-FU per day continuous intravenous infusion on days 1-5 every 3 weeks. In the mFOLFOX6 group, patients received either 20 mg/kg zanidatamab or 1200 mg or 1600 mg for patients weighing under 70 kg or 70 kg and above, respectively, every 2 weeks, plus 400 mg/m2 intravenous leucovorin every 2 weeks, 85 mg/m2 intravenous oxaliplatin every 2 weeks, and 1200 mg/m2 5-FU per day as a continuous intravenous infusion for 48 h every 2 weeks. mFOLFOX6-1 included the administration of a 400 mg/m2 5-FU intravenous bolus on days 1 and 15; mFOLFOX6-2 omitted this 5-FU bolus. The primary endpoints of part 1 were safety and tolerability, which included frequencies of dose-limiting toxicities and dose reductions of zanidatamab and chemotherapy. The primary antitumour activity endpoint of part 2 was confirmed objective response rate assessed in the response-evaluable analysis set. Secondary endpoints included objective response rate, duration of response, disease control rate, clinical benefit rate, progression-free survival, and overall survival. Safety outcomes were assessed in all treated patients. We report the results from an interim analysis. This trial is registered at ClinicalTrials.gov (NCT03929666) and is complete for enrolment. Between Aug 29, 2019, and Feb 18, 2022, 46 patients were enrolled (39 [85%] were male; seven [15%] were female; 28 [61%] were white, 17 [37%] were Asian, and 43 [93%] were not Hispanic or Latino). Median follow-up was 47·9 months (IQR 39·2-53·7); eight (17%) patients were on treatment and 19 (41%) were in survival follow-up. The confirmed objective response rate was 76·2% (95% CI 60·5-87·9) with a median duration of response of 18·7 months (95% CI 10·4-44·1). The median progression-free survival was 12·5 months (95% CI 8·2-21·8) and median overall survival was 36·5 months (23·6-not estimable). The disease control rate was 88·1% (95% CI 74·4-96·0) and clinical benefit rate was 78·6% (95% CI 63·2-89·7). In part 1, there were no dose-limiting toxicities in six patients treated with zanidatamab plus CAPOX. One (50%) of two patients treated with zanidatamab plus FP had dose-limiting toxicities of diarrhoea and acute kidney injury (both grade 3). Two dose-limiting toxicities of diarrhoea (both grade 3) occurred in 2 (15%) of 13 patients receiving 5-FU 400 mg/m2 bolus on day 1 and 15 as part of the zanidatamab plus mFOLFOX6-1 regimen. 30 (65%) patients had treatment-related grade 3 or 4 adverse events. The most common treatment-related grade 3 or 4 adverse events were diarrhoea (18 [39%]; five [24%] in the 21 patients after implementing mandatory antidiarrhoeal prophylaxis) and hypokalaemia (ten [22%]). Six (13%) patients discontinued zanidatamab due to adverse events. No treatment-related deaths occurred. Zanidatamab plus chemotherapy as first-line treatment of HER2-positive advanced gastro-oesophageal adenocarcinoma demonstrated clinically meaningful and durable antitumour activity, with a manageable safety profile. Jazz Pharmaceuticals, Zymeworks.",The Lancet. Oncology,2025.0,"Journal Article; Clinical Trial, Phase II; Multicenter Study",10.1016/S1470-2045(25)00287-6,NCBI PubMed E-utilities,success,,PubMed co-mention retrieval baseline only; not evidence polarity classification.
repodb_0ee62470d8ffb2ae,Cisplatin,Esophageal neoplasm metastatic,negative,"""Cisplatin"" AND ""Esophageal neoplasm metastatic"" AND (failed OR failure OR ineffective OR toxicity OR adverse OR discontinued)",37734399,"Trimodality therapy versus perioperative chemotherapy in the management of locally advanced adenocarcinoma of the oesophagus and oesophagogastric junction (Neo-AEGIS): an open-label, randomised, phase 3 trial.","The optimum curative approach to adenocarcinoma of the oesophagus and oesophagogastric junction is unknown. We aimed to compare trimodality therapy (preoperative radiotherapy with carboplatin plus paclitaxel [CROSS regimen]) with optimum contemporaneous perioperative chemotherapy regimens (epirubicin plus cisplatin or oxaliplatin plus fluorouracil or capecitabine [a modified MAGIC regimen] before 2018 and fluorouracil, leucovorin, oxaliplatin, and docetaxel [FLOT] subsequently). Neo-AEGIS (CTRIAL-IE 10-14) was an open-label, randomised, phase 3 trial done at 24 centres in Europe. Patients aged 18 years or older with clinical tumour stage T2-3, nodal stage N0-3, and M0 adenocarcinoma of the oesophagus and oesophagogastric junction were randomly assigned to perioperative chemotherapy (three preoperative and three postoperative 3-week cycles of intravenous 50 mg/m2 epirubicin on day 1 plus intravenous 60 mg/m2 cisplatin or intravenous 130 mg/m2 oxaliplatin on day 1 plus continuous infusion of 200 mg/m2 fluorouracil daily or oral 625 mg/m2 capecitabine twice daily up to 2018, with four preoperative and four postoperative 2-week cycles of 2600 mg/m2 fluorouracil, 85 mg/m2 oxaliplatin, 200 mg/m2 leucovorin, and 50 mg/m2 docetaxel intravenously on day 1 as an option from 2018) or trimodality therapy (41·4 Gy in 23 fractions on days 1-5, 8-12, 15-19, 22-26, and 29-31 with intravenous area under the curve 2 mg/mL per min carboplatin plus intravenous 50 mg/m2 paclitaxel on days 1, 8, 15, 22, and 29). The primary endpoint was overall survival, assessed in all randomly assigned patients who received at least one dose of study drug, regardless of which study drug they received, by intention to treat. Secondary endpoints were disease-free survival, site of treatment failure, operative complications, toxicity, pathological response (complete [ypT0N0] and major [tumour regression grade 1 and 2]), margin-free resection (R0), and health-related quality of life. Toxicity and safety data were analysed in the safety population, defined as patients who took at least one dose of study drug, according to treatment actually received. The initial power calculation was based on superiority of trimodality therapy (n=366 patients); it was adjusted after FLOT became an option to a non-inferiority design with a margin of 5% for perioperative chemotherapy (n=540). This study is registered with ClinicalTrials.gov, NCT01726452. Between Jan 24, 2013, and Dec 23, 2020, 377 patients were randomly assigned, of whom 362 were included in the intention-to treat population (327 [90%] male and 360 [99%] White): 184 in the perioperative chemotherapy group and 178 in the trimodality therapy group. The trial closed prematurely in December, 2020, after the second interim futility analysis (143 deaths), on the basis of similar survival metrics and the impact of the COVID-19 pandemic. At a median follow-up of 38·8 months (IQR 16·3-55·1), median overall survival was 48·0 months (95% CI 33·6-64·8) in the perioperative chemotherapy group and 49·2 months (34·8-74·4) in the trimodality therapy group (3-year overall survival 55% [95% CI 47-62] vs 57% [49-64]; hazard ratio 1·03 [95% CI 0·77-1·38]; log-rank p=0·82). Median disease-free survival was 32·4 months (95% CI 22·8-64·8) in the perioperative chemotherapy group and 24·0 months (18·0-40·8) in the trimodality therapy group [hazard ratio 0·89 [95% CI 0·68-1·17]; log-rank p=0·41). The pattern of recurrence, locoregional or systemic, was not significantly different (odds ratio 1·35 [95% CI 0·63-2·91], p=0·44). Pathological complete response (odds ratio 0·33 [95% CI 0·14-0·81], p=0·012), major pathological response (0·21 [0·12-0·38], p<0·0001), and R0 rates (0·21 [0·08-0·53], p=0·0003) favoured trimodality therapy. The most common grade 3-4 adverse event was neutropenia (49 [27%] of 183 patients in the perioperative chemotherapy group vs 11 [6%] of 178 patients in the trimodality therapy group), followed by diarrhoea (20 [11%] vs none), and pulmonary embolism (ten [5%] vs nine [5%]). One (1%) patient in the perioperative chemotherapy group and three (2%) patients in the trimodality therapy group died from serious adverse events, two (one in each group) of which were possibly related to treatment. No differences were seen in operative mortality (five [3%] deaths in the perioperative chemotherapy group vs four [2%] in the trimodality therapy group), major morbidity, or in global health status at 1 and 3 years. Although underpowered and incomplete, Neo-AEGIS provides the largest comprehensive randomised dataset for patients with adenocarcinoma of the oesophagus and oesophagogastric junction treated with perioperative chemotherapy (predominantly the modified MAGIC regimen), and CROSS trimodality therapy, and reports similar 3-year survival and no major differences in operative and health-related quality of life outcomes. We suggest that these data support continued clinical equipoise. Health Research Board, Cancer Research UK, Irish Cancer Society, Oesophageal Cancer Fund, and French National Cancer Institute.",The lancet. Gastroenterology & hepatology,2023.0,"Randomized Controlled Trial; Clinical Trial, Phase III; Journal Article; Research Support, Non-U.S. Gov't",10.1016/S2468-1253(23)00243-1,NCBI PubMed E-utilities,success,,PubMed co-mention retrieval baseline only; not evidence polarity classification.
repodb_0ee62470d8ffb2ae,Cisplatin,Esophageal neoplasm metastatic,negative,"""Cisplatin"" AND ""Esophageal neoplasm metastatic"" AND (failed OR failure OR ineffective OR toxicity OR adverse OR discontinued)",40375301,Perioperative nivolumab and chemotherapy in locally advanced squamous cell carcinoma of the oesophagus: a randomized multicentre phase 2 study with circulating tumor DNA dynamics monitoring.,"Although neoadjuvant chemotherapy and immunotherapy show promise in treating oesophageal squamous cell carcinoma (OSCC), long-term survival data are limited. This randomized, multicenter phase 2 study evaluated the efficacy of perioperative Nivolumab with chemotherapy, followed by surgery and adjuvant immunotherapy, in patients with locally advanced resectable OSCC, and explored the prognostic role of circulating tumor DNA (ctDNA) status. In this trial, participants recruited from five centers were randomly assigned in a 2:1 ratio to receive either perioperative Nivolumab or a placebo in addition to chemotherapy (cisplatin and paclitaxel), followed by minimally invasive esophagectomy. For those who did not achieve a pathological complete response (pCR), adjuvant treatment with Nivolumab was administered. The main measure of success was the pCR rate, with secondary endpoints including the R0 resection rate, event-free survival, and overall survival. All outcomes and safety measures were assessed based on the intention-to-treat population. ctDNA levels were monitored as exploratory endpoints. Ninety patients were enrolled and randomized to Nivolumab or placebo plus chemotherapy. The pCR rate was slightly higher in the Nivolumab group (15%) compared to the control group (13.3%) (relative risk, 1.13; 95% CI, 0.38 to 3.36). No significant differences were observed in R0 resection rates (96.4% vs. 96.6%; P > 0.05). The median follow-up duration was 24.9 months (interquartile range: 22.8 to 26.7 months). Two-year event-free survival rates were 63.11% in the Nivolumab group versus 60.47% in the chemo group (hazard ratio, 0.97; 95% CI, 0.49 to 1.92). Two-year overall survival rates were 83.32% and 79.4%, respectively (hazard ratio, 0.82; 95% CI, 0.29 to 2.31). All participants were ctDNA positive at baseline, but post-treatment, 89% of the Nivolumab group and 62.5% of the placebo group turned ctDNA negative (P = 0.01). Those negative for ctDNA at all testing points showed significantly better disease-free survival (P < 0.001). Perioperative Nivolumab plus chemotherapy is a viable and safe option for systemically treating locally advanced resectable OSCC. Monitoring minimal residual disease through ctDNA could be potentially valuable for assessing the effectiveness of adjuvant therapy and for prognostic evaluation in a systemic manner. ClinicalTrials.gov registration NCT05213312.",Molecular cancer,2025.0,"Journal Article; Clinical Trial, Phase II; Randomized Controlled Trial; Multicenter Study",10.1186/s12943-025-02332-8,NCBI PubMed E-utilities,success,,PubMed co-mention retrieval baseline only; not evidence polarity classification.
repodb_0ee62470d8ffb2ae,Cisplatin,Esophageal neoplasm metastatic,negative,"""Cisplatin"" AND ""Esophageal neoplasm metastatic"" AND (failed OR failure OR ineffective OR toxicity OR adverse OR discontinued)",39446605,"HLX07 alone or combined with serplulimab, cisplatin and 5-fluorouracil for advanced esophageal squamous cell carcinoma: A phase 2 study.","The combination of anti-PD-1 antibody serplulimab and chemotherapy is considered standard first-line therapy for advanced esophageal squamous cell carcinoma (ESCC), but few later-line treatments are available. Here we evaluated the therapeutic efficacy of the recombinant, humanized anti-EGFR antibody HLX07 when used alone or together with serplulimab and chemotherapy against advanced ESCC. This open-label, non-randomized, two-cohort, phase 2 trial involved patients 18-75 years old with histologically or cytologically confirmed locally advanced, unresectable, or metastatic ESCC, and an Eastern Cooperative Oncology Group performance status of 0-1. Patients who had failed first-line immuno-chemotherapy or at least two lines of other systemic therapy received HLX07 monotherapy intravenously at a dose of 1,000 mg once every 2 weeks (Q2W). Patients with no prior systemic therapy received HLX07 (1,000 mg, day 1) and serplulimab (200 mg, day 1) intravenously Q2W for up to 2 years, concurrently with cisplatin (50 mg/m2, day 1) for up to 8 cycles and 5-fluorouracil (1,200 mg/m2, days 1-2) for up to 12 cycles intravenously Q2W. The primary endpoints were progression-free survival (PFS) and objective response rate (ORR). Overall, 50 patients were enrolled. In the HLX07 monotherapy group, ORR was 15.0% (3/20), and the median PFS was 1.5 months (95% confidence interval [CI], 1.3 to 3.7). The median duration of response was not reached, and the rate of patients showing an objective response lasting at least 6 months was 66.7% (95% CI, 5.4 to 94.5). Two (10.0%, 2/20) patients experienced grade 3-4 treatment-related adverse events (TRAEs), including hypomagnesemia, hypocalcemia, and fatigue. No patient experienced grade 5 TRAEs. In the HLX07 combination group, the ORR was 60.0% (18/30), and the median PFS was 7.8 months (95% CI, 3.3 to 9.1). Fourteen (46.7%, 14/30) patients experienced grade 3-4 TRAEs, and one (3.3%, 1/30) patient died due to serplulimab-related pneumonitis. HLX07 monotherapy and its combination with serplulimab and chemotherapy showed manageable toxicity and promising antitumor activity in patients with recurrent or metastatic ESCC. Randomized controlled trials are warranted to further establish the safety and efficacy of HLX07 against ESCC. This trial was registered at Clinicaltrials.gov (NCT05221658).","Cancer communications (London, England)",2024.0,"Journal Article; Clinical Trial, Phase II; Multicenter Study",10.1002/cac2.12621,NCBI PubMed E-utilities,success,,PubMed co-mention retrieval baseline only; not evidence polarity classification.
repodb_0ee62470d8ffb2ae,Cisplatin,Esophageal neoplasm metastatic,negative,"""Cisplatin"" AND ""Esophageal neoplasm metastatic"" AND (failed OR failure OR ineffective OR toxicity OR adverse OR discontinued)",38302715,First-line sugemalimab with chemotherapy for advanced esophageal squamous cell carcinoma: a randomized phase 3 study.,"Although antiprogrammed death 1 antibody plus chemotherapy has recently been approved for first-line esophageal squamous cell carcinoma (ESCC), antiprogrammed death-ligand 1 antibody may offer another combination option in this setting. In this multicenter, randomized, double-blinded phase 3 trial a total of 540 adults (aged 18-75 years) with unresectable, locally advanced, recurrent or metastatic ESCC and who had not received systemic treatment were enrolled. All patients were randomized at 2:1 to receive either sugemalimab (an anti-PD-L1 antibody; 1,200 mg) or placebo every 3 weeks for up to 24 months, plus chemotherapy (cisplatin 80 mg m-2 on day 1 plus 5-fluorouracil 800 mg m-2 day-1 on days 1-4) every 3 weeks for up to six cycles. At the prespecified interim analysis this study had met dual primary endpoints. With a median follow-up of 15.2 months, the prolongation of progression-free survival was statistically significant with sugemalimab plus chemotherapy compared with placebo plus chemotherapy (median 6.2 versus 5.4 months, hazard ratio 0.67 (95% confidence interval 0.54-0.82), P = 0.0002) as assessed by blinded independent central review. Overall survival was also superior with sugemalimab chemotherapy (median 15.3 versus 11.5 months, hazard ratio 0.70 (95% confidence interval 0.55-0.90, P = 0.0076). A significantly higher objective response rate (60.1 versus 45.2%) as assessed by blinded independent central review was observed with sugemalimab chemotherapy. The incidence of grade 3 or above treatment-related adverse events (51.3 versus 48.4%) was comparable between the two groups. Sugemalimab plus chemotherapy significantly prolonged progression-free survival and overall survival in treatment-naïve patients with advanced ESCC, with no unexpected safety signal. The ClinicalTrials.gov identifier is NCT04187352 .",Nature medicine,2024.0,"Randomized Controlled Trial; Multicenter Study; Clinical Trial, Phase III; Journal Article; Research Support, Non-U.S. Gov't",10.1038/s41591-024-02797-y,NCBI PubMed E-utilities,success,,PubMed co-mention retrieval baseline only; not evidence polarity classification.
repodb_0ee62470d8ffb2ae,Cisplatin,Esophageal neoplasm metastatic,negative,"""Cisplatin"" AND ""Esophageal neoplasm metastatic"" AND (failed OR failure OR ineffective OR toxicity OR adverse OR discontinued)",29129089,Systemic therapy for esophageal cancer: chemotherapy.,"As one-half of patients with esophagogastric cancer (EGC) present with metastatic disease and the majority of patients with locally advanced disease will eventually develop metastatic disease despite multimodality therapy, most patients will receive palliative chemotherapy at some point. The reference first-line regimen consists of a fluoropyrimidine/platinum combination, which is the standard in East Asia, where this disease is endemic. Options include infusional 5-fluorouracil (5-FU), capecitabine, S-1 and other oral 5-FU pro-drugs and cisplatin or oxaliplatin. The addition of docetaxel to 5-FU/cisplatin is an option for young and fit patients, based on a phase III study, but is associated with significant hematologic toxicity and modest benefit. In the UK, epirubicin is added to the doublet, in the absence of phase III data suggesting a clear benefit; in fact, recent studies suggest no benefit. In the second- and third-line setting, taxanes and irinotecan are now validated options. Overall, improvements on the basis of chemotherapy have been marginal over the last 30 years and current efforts focus on targeted therapies and immunotherapy.",Chinese clinical oncology,2017.0,Journal Article; Review,10.21037/cco.2017.07.06,NCBI PubMed E-utilities,success,,PubMed co-mention retrieval baseline only; not evidence polarity classification.
repodb_0ee62470d8ffb2ae,Cisplatin,Esophageal neoplasm metastatic,mechanism,"""Cisplatin"" AND ""Esophageal neoplasm metastatic"" AND (mechanism OR target OR pathway)",40215279,FAO-fueled OXPHOS and NRF2-mediated stress resilience in MICs drive lymph node metastasis.,"Metastasis is an inefficient process requiring cancer cells to adapt metabolically for survival and colonization in new environments. The contributions of tumor metabolic reprogramming to lymph node (LN) metastasis and its underlying mechanisms remain elusive. Through single-cell RNA sequencing, we identified rare metastasis-initiating cells (MICs) with stem-like properties that drive early LN metastasis. Integrated transcriptome, lipidomic, metabolomic, and functional analyses demonstrated that MICs depend on oxidative phosphorylation (OXPHOS) fueled by fatty acid oxidation (FAO) in the lipid-rich LN microenvironment. Mechanistically, the NRF2-SLC7A11 axis promotes glutathione synthesis to mitigate oxidative stress, thereby enhancing stress resistance and metastatic potential of MICs. Inhibition of NRF2-SLC7A11 reduced LN metastasis and sensitized tumors to cisplatin. Clinically, elevated NRF2-SLC7A11 expression was observed in tumors, with high expression correlating with LN metastasis, chemoresistance, and poor prognosis in esophageal squamous cell carcinoma (ESCC). These findings highlight the pivotal roles of FAO-fueled OXPHOS and NRF2 in LN metastasis and suggest targeting these pathways as a promising therapeutic strategy for metastatic ESCC.",Proceedings of the National Academy of Sciences of the United States of America,2025.0,Journal Article,10.1073/pnas.2411241122,NCBI PubMed E-utilities,success,,PubMed co-mention retrieval baseline only; not evidence polarity classification.
repodb_0ee62470d8ffb2ae,Cisplatin,Esophageal neoplasm metastatic,mechanism,"""Cisplatin"" AND ""Esophageal neoplasm metastatic"" AND (mechanism OR target OR pathway)",40473445,"Zanidatamab plus chemotherapy as first-line treatment for patients with HER2-positive advanced gastro-oesophageal adenocarcinoma: primary results of a multicentre, single-arm, phase 2 study.","Zanidatamab, a dual human epidermal growth factor receptor 2 (HER2)-targeted bispecific antibody, previously demonstrated encouraging antitumour activity and a manageable safety profile in patients with treatment-refractory HER2-expressing gastro-oesophageal adenocarcinoma. Here, we evaluated the antitumour activity and safety of zanidatamab plus chemotherapy in first-line HER2-positive advanced gastro-oesophageal adenocarcinoma. This phase 2 trial enrolled patients in Canada, South Korea, and the USA who were aged 18 years and older with untreated, metastatic, or advanced HER2-positive gastro-oesophageal adenocarcinoma (HER2 IHC 3+ or 2+ by local or central assessment [part 1]; HER2 IHC 3+ or 2+ with FISH+ by central assessment [part 2]). Eligible patients, with an Eastern Cooperative Oncology Group performance status of 0 or 1 received zanidatamab intravenously plus standard chemotherapy (CAPOX [capecitabine plus oxaliplatin], FP [5-fluorouracil [5-FU] plus cisplatin], or modified FOLFOX6 [mFOLFOX6; leucovorin, 5-FU, and oxaliplatin]). In our study, part 1 aimed to characterise the safety and tolerability of zanidatamab and find the recommended dose when administered with combination chemotherapy and part 2 aimed to evaluate the antitumour activity of zanidatamab administered with combination chemotherapy in patients receiving first-line treatment for HER2-expressing advanced gastro-oesophageal adenocarcinoma. Two dosing schemes for zanidatamab were used in this study: a weight-based regimen and a two-tiered flat dosing regimen. In the CAPOX and FP groups, patients received either 30 mg/kg zanidatamab or 1800 mg or 2400 mg (patients weighing <70 kg and ≥70 kg, respectively) every 3 weeks. In the CAPOX group, patients also received 1000 mg/m2 capecitabine orally twice daily on days 1-14 every 3 weeks, plus 130 mg/m2 oxaliplatin intravenously every 3 weeks. In the FP cohort, patients also received 80 mg/m2 cisplatin intravenously every 3 weeks, plus 800 mg/m2 5-FU per day continuous intravenous infusion on days 1-5 every 3 weeks. In the mFOLFOX6 group, patients received either 20 mg/kg zanidatamab or 1200 mg or 1600 mg for patients weighing under 70 kg or 70 kg and above, respectively, every 2 weeks, plus 400 mg/m2 intravenous leucovorin every 2 weeks, 85 mg/m2 intravenous oxaliplatin every 2 weeks, and 1200 mg/m2 5-FU per day as a continuous intravenous infusion for 48 h every 2 weeks. mFOLFOX6-1 included the administration of a 400 mg/m2 5-FU intravenous bolus on days 1 and 15; mFOLFOX6-2 omitted this 5-FU bolus. The primary endpoints of part 1 were safety and tolerability, which included frequencies of dose-limiting toxicities and dose reductions of zanidatamab and chemotherapy. The primary antitumour activity endpoint of part 2 was confirmed objective response rate assessed in the response-evaluable analysis set. Secondary endpoints included objective response rate, duration of response, disease control rate, clinical benefit rate, progression-free survival, and overall survival. Safety outcomes were assessed in all treated patients. We report the results from an interim analysis. This trial is registered at ClinicalTrials.gov (NCT03929666) and is complete for enrolment. Between Aug 29, 2019, and Feb 18, 2022, 46 patients were enrolled (39 [85%] were male; seven [15%] were female; 28 [61%] were white, 17 [37%] were Asian, and 43 [93%] were not Hispanic or Latino). Median follow-up was 47·9 months (IQR 39·2-53·7); eight (17%) patients were on treatment and 19 (41%) were in survival follow-up. The confirmed objective response rate was 76·2% (95% CI 60·5-87·9) with a median duration of response of 18·7 months (95% CI 10·4-44·1). The median progression-free survival was 12·5 months (95% CI 8·2-21·8) and median overall survival was 36·5 months (23·6-not estimable). The disease control rate was 88·1% (95% CI 74·4-96·0) and clinical benefit rate was 78·6% (95% CI 63·2-89·7). In part 1, there were no dose-limiting toxicities in six patients treated with zanidatamab plus CAPOX. One (50%) of two patients treated with zanidatamab plus FP had dose-limiting toxicities of diarrhoea and acute kidney injury (both grade 3). Two dose-limiting toxicities of diarrhoea (both grade 3) occurred in 2 (15%) of 13 patients receiving 5-FU 400 mg/m2 bolus on day 1 and 15 as part of the zanidatamab plus mFOLFOX6-1 regimen. 30 (65%) patients had treatment-related grade 3 or 4 adverse events. The most common treatment-related grade 3 or 4 adverse events were diarrhoea (18 [39%]; five [24%] in the 21 patients after implementing mandatory antidiarrhoeal prophylaxis) and hypokalaemia (ten [22%]). Six (13%) patients discontinued zanidatamab due to adverse events. No treatment-related deaths occurred. Zanidatamab plus chemotherapy as first-line treatment of HER2-positive advanced gastro-oesophageal adenocarcinoma demonstrated clinically meaningful and durable antitumour activity, with a manageable safety profile. Jazz Pharmaceuticals, Zymeworks.",The Lancet. Oncology,2025.0,"Journal Article; Clinical Trial, Phase II; Multicenter Study",10.1016/S1470-2045(25)00287-6,NCBI PubMed E-utilities,success,,PubMed co-mention retrieval baseline only; not evidence polarity classification.
repodb_0ee62470d8ffb2ae,Cisplatin,Esophageal neoplasm metastatic,mechanism,"""Cisplatin"" AND ""Esophageal neoplasm metastatic"" AND (mechanism OR target OR pathway)",39511164,First-line benmelstobart plus anlotinib and chemotherapy in advanced or metastatic/recurrent esophageal squamous cell carcinoma: a multi-center phase 2 study.,"Although first-line immunochemotherapy has improved prognosis for patients with advanced esophageal squamous cell carcinoma (ESCC), more effective strategies still require further investigation. This multi-center, phase II study (ClinicalTrials.gov NCT05013697) assessed the feasibility of benmelstobart (a novel PD-L1 inhibitor) plus anlotinib (multitargeted TKI) and chemotherapy in advanced or metastatic/recurrent ESCC. Eligible patients received 4-6 cycles (21-day) of benmelstobart (1200 mg), anlotinib (10 mg) plus paclitaxel (135 mg/m2)/cisplatin (60-75 mg/m2), then maintained with benmelstobart and anlotinib. Primary endpoint was progression-free survival (PFS) assessed according to RECIST v1.1. Secondary endpoints were tumor response, overall survival (OS), and safety assessed by adverse events (AEs). From September 2021 to November 2023, 50 patients were enrolled and received study treatment. With median follow-up of 23.7 months as of April 1, 2024, median PFS was 14.9 months (95% CI, 11.4-not estimable [NE]) and the 1-year PFS was 58.5% (95% CI, 41.9%-71.9%). Among 50 patients, confirmed objective response rate was 72.0% and disease control rate was 84.0%. Median duration of response of 36 responders was 16.2 months (95% CI, 10.2-NE). At the cutoff date, 31 patients remained alive; median OS was not reached (95% CI, 13.2 months-NE) with 1-year OS of 74.8% (95% CI, 59.8%-84.8%). Forty-six (92.0%) patients reported treatment-related AEs, with 37 (74.0%) were grade ≥3. Overall, benmelstobart plus anlotinib and chemotherapy showed promising efficacy and acceptable toxicity in advanced or metastatic/recurrent ESCC.",Signal transduction and targeted therapy,2024.0,"Journal Article; Clinical Trial, Phase II; Multicenter Study; Research Support, Non-U.S. Gov't",10.1038/s41392-024-02008-7,NCBI PubMed E-utilities,success,,PubMed co-mention retrieval baseline only; not evidence polarity classification.
repodb_0ee62470d8ffb2ae,Cisplatin,Esophageal neoplasm metastatic,mechanism,"""Cisplatin"" AND ""Esophageal neoplasm metastatic"" AND (mechanism OR target OR pathway)",29129089,Systemic therapy for esophageal cancer: chemotherapy.,"As one-half of patients with esophagogastric cancer (EGC) present with metastatic disease and the majority of patients with locally advanced disease will eventually develop metastatic disease despite multimodality therapy, most patients will receive palliative chemotherapy at some point. The reference first-line regimen consists of a fluoropyrimidine/platinum combination, which is the standard in East Asia, where this disease is endemic. Options include infusional 5-fluorouracil (5-FU), capecitabine, S-1 and other oral 5-FU pro-drugs and cisplatin or oxaliplatin. The addition of docetaxel to 5-FU/cisplatin is an option for young and fit patients, based on a phase III study, but is associated with significant hematologic toxicity and modest benefit. In the UK, epirubicin is added to the doublet, in the absence of phase III data suggesting a clear benefit; in fact, recent studies suggest no benefit. In the second- and third-line setting, taxanes and irinotecan are now validated options. Overall, improvements on the basis of chemotherapy have been marginal over the last 30 years and current efforts focus on targeted therapies and immunotherapy.",Chinese clinical oncology,2017.0,Journal Article; Review,10.21037/cco.2017.07.06,NCBI PubMed E-utilities,success,,PubMed co-mention retrieval baseline only; not evidence polarity classification.
repodb_0ee62470d8ffb2ae,Cisplatin,Esophageal neoplasm metastatic,mechanism,"""Cisplatin"" AND ""Esophageal neoplasm metastatic"" AND (mechanism OR target OR pathway)",38150085,USP10 promotes migration and cisplatin resistance in esophageal squamous cell carcinoma cells.,"Cisplatin-based chemotherapy is the main treatment option for advanced or metastatic esophageal squamous cell carcinoma (ESCC). However, most ESCC patients develop drug resistance within 2 years after receiving cisplatin chemotherapy. Ubiquitin-specific protease 10 (USP10) is abnormally expressed in a variety of cancers, but the mechanistic roles of USP10 in ESCC are still obscure. Here, the effects of USP10 on the migration and cisplatin resistance of ESCC in vivo and in vitro and the underlying mechanisms have been investigated by bioinformatics analysis, RT-PCR, western blotting, immunoprecipitation, immunohistochemistry, cell migration and MTS cell proliferation assays, deubiquitination assay, and mouse tail vein injection model. USP10 was significantly up-regulated in ESCC tissues compared with adjacent normal tissues in both public databases and clinical samples and was closely associated with overall survival. Subsequent results revealed that USP10 contributed to the migration and cisplatin resistance of ESCC cells, while knocking down USP10 in cisplatin-resistant cells exhibited opposite effects in vitro and in vivo. Further Co-IP experiments showed that integrin β1 and YAP might be targets for USP10 deubiquitination. Moreover, deficiency of USP10 significantly inhibited the migrative and chemo-resistant abilities of ESCC cells, which could be majorly reversed by integrin β1 or YAP reconstitution. Altogether, USP10 was required for migration and cisplatin resistance in ESCC through deubiquinating and stabilizing integrin β1/YAP, highlighting that inhibition of USP10 may be a potential therapeutic strategy for ESCC.","Medical oncology (Northwood, London, England)",2023.0,Journal Article,10.1007/s12032-023-02272-7,NCBI PubMed E-utilities,success,,PubMed co-mention retrieval baseline only; not evidence polarity classification.
repodb_0ee62470d8ffb2ae,Cisplatin,Esophageal neoplasm metastatic,mechanism,"""Cisplatin"" AND ""Esophageal neoplasm metastatic"" AND (mechanism OR target OR pathway)",40694273,Fibroblast-derived PI16 enhances tumor immune-suppressive microenvironment via inducing Tregs differentiation.,"Esophageal squamous cell carcinoma (ESCC) is aggressive with a poor prognosis. The tumor microenvironment (TME) significantly affects tumor progression and therapy resistance. Previous work has shown that fibroblasts in metastatic lymph nodes can confer cisplatin resistance to ESCC cells via PI16 (peptidase inhibitor 16). This study investigates the role of fibroblast-derived PI16 in the ESCC TME. Public single-cell RNA sequencing (scRNA-seq) data for ESCC were analyzed. A cell co-culture assay was performed to evaluate regulatory T cells (Tregs) differentiation from naïve CD4+ T cells. Immunoprecipitation and mass spectrometry examined PI16's mechanism in Treg differentiation. In vitro and in vivo assays were conducted to explore fibroblast-derived PI16's function. Additionally, multiplex fluorescent immunohistochemistry (mfIHC) was performed. Analyses of the scRNA-seq dataset (GSE203115) reveal that fibroblasts can be classified into PI16 + and PI16- subclusters based on PI16 expression levels. PI16 induces Treg differentiation from naïve CD4+ T cells through a DOCK2-dependent mechanism. Treatment with a DOCK2 inhibitor significantly inhibits PI16-induced Treg differentiation and increases Teff cell infiltration in vivo. Moreover, upregulation of PI16 in the tumor stroma is associated with poorer long-term survival outcomes in patients with ESCC. PI16+ fibroblasts promote the differentiation of Tregs from naïve CD4+ T cells through interaction with DOCK2. Upregulation of PI16 in the tumor stroma is associated with poorer long-term survival outcomes in patients with ESCC. Given the accumulating evidence on the therapeutic impact of targeting the TME, PI16+ fibroblasts emerge as a promising novel therapeutic target to overcome tumor immune suppression.","Cellular oncology (Dordrecht, Netherlands)",2025.0,Journal Article,10.1007/s13402-025-01090-5,NCBI PubMed E-utilities,success,,PubMed co-mention retrieval baseline only; not evidence polarity classification.
repodb_0ee62470d8ffb2ae,Cisplatin,Esophageal neoplasm metastatic,mechanism,"""Cisplatin"" AND ""Esophageal neoplasm metastatic"" AND (mechanism OR target OR pathway)",36427158,Early tumor shrinkage and depth of response in patients with metastatic esophageal cancer treated with 2-weekly docetaxel combined with cisplatin plus fluorouracil: an exploratory analysis of the JCOG0807.,"We herein investigated the association between early tumor shrinkage (ETS) and depth of response (DpR) and clinical outcomes in patients with metastatic esophageal cancer treated with 2-weekly docetaxel combined with cisplatin plus fluorouracil (bDCF) using data from the JCOG0807, a phase I/II trial of bDCF as first-line chemotherapy for metastatic esophageal cancer. ETS was defined as a percent decrease in the sum of the target lesions' longest diameter after 8 weeks, whereas DpR was defined as a percentage of the maximal tumor shrinkage during the treatment course. Multivariable analyses were conducted to identify significant prognostic variables in progression-free survival (PFS) and overall survival (OS): one for ETS and covariates, and another for DpR and covariates. Among 53 patients, 35 patients with ETS ≥ 20% (66.0%) had longer PFS (7.5 vs. 3.4 months, hazard ratio [HR]: 0.26, 95% confidence interval [95% CI] 0.14-0.49), OS (13.8 vs. 6.1 months, HR 0.20, 95% CI 0.11-0.39), and PPS (6.4 vs. 2.8 months, HR 0.38, 95% CI 0.20-0.72) than those with ETS < 20%. In addition, 37 patients with DpR ≥ 30% (69.8%) had longer PFS (7.5 vs. 2.9 months, HR 0.17, 95% CI 0.08-0.34), OS (13.8 vs. 6.0 months, HR 0.14, 95% CI 0.07-0.27), and PPS (6.8 vs. 2.8 months, HR 0.30, 95% CI 0.15-0.58) than those with DpR < 30%. Multivariable analyses revealed that each ETS and DpR was an independent factor of longer PFS and OS. ETS and DpR might be associated with clinical outcomes in patients with metastatic esophageal cancer treated with bDCF.",Esophagus : official journal of the Japan Esophageal Society,2023.0,"Clinical Trial; Journal Article; Research Support, Non-U.S. Gov't",10.1007/s10388-022-00968-9,NCBI PubMed E-utilities,success,,PubMed co-mention retrieval baseline only; not evidence polarity classification.
repodb_0ee62470d8ffb2ae,Cisplatin,Esophageal neoplasm metastatic,mechanism,"""Cisplatin"" AND ""Esophageal neoplasm metastatic"" AND (mechanism OR target OR pathway)",27032643,Esophagogastric Adenocarcinoma: Is More Chemotherapy Better?,"Two cycles of neoadjuvant cisplatin and fluoropyrimidine (CF) and 6 cycles of perioperative CF with or without epirubicin are an evidence-based approach in operable esophageal and esophagogastric junctional adenocarcinomas. Three-drug regimens with anthracycline or taxane are associated with significantly higher tumor regression rates, with an expected increase in toxicity. In order to achieve an R0 resection and consequently a survival advantage, in selected patients having a risk of a threatened margin or incomplete resection, chemotherapy might be continued beyond 2 cycles if a response has been demonstrated. In metastatic setting, multidrug combination regimens have demonstrated a significant survival benefit when compared to single-agent regimes. A three-drug regimen should be considered for fit patients and/or when a response is required for symptom control. The expected increase in toxicity needs to be carefully considered and discussed with patients. The choice to use a taxane in first-line setting may limit the options of second-line treatment to irinotecan-containing regimens and also precludes the use of anthracyclines in the first line. For this reason, we prefer to reserve taxane-based therapy for the second-line setting.",Current treatment options in oncology,2016.0,Journal Article; Review,10.1007/s11864-016-0395-3,NCBI PubMed E-utilities,success,,PubMed co-mention retrieval baseline only; not evidence polarity classification.
repodb_0ee62470d8ffb2ae,Cisplatin,Esophageal neoplasm metastatic,mechanism,"""Cisplatin"" AND ""Esophageal neoplasm metastatic"" AND (mechanism OR target OR pathway)",36229267,Targeting HER2 in metastatic gastroesophageal adenocarcinomas: What is new?,"Gastric and esophageal adenocarcinomas represent a biologically heterogeneous disease. The identification, in early eighties, of human epidermal growth factor receptor 2 (HER2) overexpression, being present in 12 to 20% of the cases, marked a major milestone in the efforts of unraveling the molecular complexity of this disease. This led to the development of anti-HER2-therapies, trastuzumab being the first to demonstrate, in combination with cisplatin and 5FU/capecitabine chemotherapy, an improvement in response rate and survival in the first-line setting of patients with metastatic, HER2-positive gastroesophageal adenocarcinomas. Afterwards, during a decade, several studies have tried new strategies either to block HER2 pathway differently or to combine different anti-HER2, without efficacy. Everything changed with studies demonstrating additive effect between anti-HER2 and immune checkpoint inhibitors and leading to phase III clinical trials combining anti-HER2 and anti-PD-L1/PD1 therapies. Pembrolizumab, a PD-1 inhibitor, was recently granted by FDA an accelerated approval, in patients with HER2-positive gastro-oesophageal adenocarcinomas, in combination with trastuzumab and platinum-based chemotherapy following meaningful improvement in overall response rate over standard treatment. Progression-free and overall-survival results are still awaited to change our first-line standard treatment. Furthermore, new HER2 inhibitors have been developed, blocking HER2-mediated pathway signaling via different mechanisms from pan-HER inhibition to anti-HER2 antibody drug conjugates with promising results in pretreated patients. Trastuzumab-deruxtecan has in particular showed interesting results in pretreated patients. We present here a review of the recent data and perspectives in HER2-positive metastatic gastroesophageal adenocarcinomas.",Bulletin du cancer,2023.0,Journal Article; Review,10.1016/j.bulcan.2022.08.013,NCBI PubMed E-utilities,success,,PubMed co-mention retrieval baseline only; not evidence polarity classification.
repodb_0ee62470d8ffb2ae,Cisplatin,Esophageal neoplasm metastatic,mechanism,"""Cisplatin"" AND ""Esophageal neoplasm metastatic"" AND (mechanism OR target OR pathway)",41411970,RCN2 facilitates esophageal squamous cellular carcinoma metastasis and cisplatin resistance through UBR5-mediated PPP2CA ubiquitination and degradation.,"Metastatic progression and treatment resistance determine poor prognostic outcomes of patients with esophageal squamous cellular carcinoma (ESCC), highlighting the urgent need to understand the molecular mechanisms behind this. Reticulocalbin 2 (RCN2) is a calcium-binding protein localized in the endoplasmic reticulum lumen, which mediates tumor progression in various cancer types. However, the role of RCN2 in ESCC remains unexplored. The influence of RCN2 on ESCC progression, metastasis, and cisplatin (CDDP) resistance was assessed both in vitro and in vivo. The downstream regulatory mechanism associated with RCN2 was screened through RNA-seq, TMT 10X mass spectrometry analysis, and LC-MS/MS analysis, which was further validated through Western blot, immunoprecipitation, immunofluorescence, GST pull-down assay, and rescue experiments. We observed high RCN2 expression in ESCC tumor tissues from patients with metastasis, which is correlated with a higher risk of metastasis and worse survival. PPP2CA, a catalytic subunit of protein phosphatase 2 A (PP2A), and ubiquitin protein ligase E3 component N-recognin 5 (UBR5) are determined as novel RCN2 functioning interactors. Mechanistically, RCN2 facilitates PPP2CA ubiquitination and degradation dependent on the HECT domain of UBR5, thereby activating the PI3K-AKT signaling pathway. Furthermore, the activated RCN2-PPP2CA-PI3K-AKT axis is validated in clinical specimens of ESCC. Finally, targeted suppression of RCN2 synergized with CDDP treatment to prevent tumor growth and metastasis in subcutaneous and lung metastasis models. Overall, these findings identify RCN2 as a novel driver of ESCC metastasis and CDDP resistance. RCN2 could be a promising treatment target for ESCC.",Drug resistance updates : reviews and commentaries in antimicrobial and anticancer chemotherapy,2026.0,Journal Article,10.1016/j.drup.2025.101339,NCBI PubMed E-utilities,success,,PubMed co-mention retrieval baseline only; not evidence polarity classification.
repodb_0ee62470d8ffb2ae,Cisplatin,Esophageal neoplasm metastatic,mechanism,"""Cisplatin"" AND ""Esophageal neoplasm metastatic"" AND (mechanism OR target OR pathway)",38969179,Optimizing Organ-Preservation Strategies Through Chemotherapy-Based Selection in Esophageal Squamous Cell Carcinoma: Results From the CROC Multi-Institutional Phase 2 Clinical Trial.,"This study aimed to assess the viability of definitive chemoradiotherapy (dCRT) as an organ-preservation strategy for remarkable responders who were downstaged to stage IA after receiving induction chemotherapy for resectable esophageal squamous cell carcinoma (ESCC). Chemotherapy-naïve patients with resectable ESCC (stage IB-III, Union for International Cancer Control, International Cancer Control seventh edition) were eligible for the study. All patients received 3 cycles of docetaxel, cisplatin, and 5-FU (DCF) therapy (docetaxel 75 mg/m2 on day 1, cisplatin 75 mg/m2 on day 1, and 5-fluorouracil [5-FU] 750 mg/m2 on days 1-5, repeated every 3 weeks). Remarkable response was defined as a reduction in the tumor to T1, metastatic lymph nodes <1 cm on the short axis, and downstaging to stage IA after 3 cycles of DCF therapy. Remarkable responders then underwent dCRT, which included 2 courses of cisplatin 75 mg/m2 and 5-FU 1000 mg/m2 on days 1 to 4, repeated every 4 weeks, along with 50.4 Gy of concurrent radiation therapy. The primary endpoint was 1-year progression-free survival in remarkable responders following DCF therapy and subsequent dCRT. Secondary endpoints included 3-year overall survival (OS) and esophagectomy-free survival. Of the 92 patients registered, 90 were analyzed. A remarkable response to 3 courses of DCF therapy was observed in 58.4% of patients. Among these responders, 89.8% achieved a complete response after dCRT. During the median follow-up period of 33 months (range, 1-85 months), the 1-year progression-free survival was 89.8% (95% confidence interval [CI], 77.2%-95.6%, primary endpoint), and the 3-year OS was 83.7%. The 3-year OS and esophagectomy-free survival rates in the analysis group were 74.1% and 45.3%, respectively. An 18F-fluorodeoxyglucose-positron emission tomography response after 2 courses of DCF therapy was significantly associated with OS (P = .0049). In patients with resectable ESCC, dCRT for remarkable responders downstaging to stage IA after induction chemotherapy with 3 courses of DCF therapy is a feasible treatment option and provides an optimizing organ-preservation strategy of chemotherapy-based selection.","International journal of radiation oncology, biology, physics",2024.0,"Journal Article; Clinical Trial, Phase II; Multicenter Study",10.1016/j.ijrobp.2024.06.019,NCBI PubMed E-utilities,success,,PubMed co-mention retrieval baseline only; not evidence polarity classification.
repodb_0ee62470d8ffb2ae,Cisplatin,Esophageal neoplasm metastatic,mechanism,"""Cisplatin"" AND ""Esophageal neoplasm metastatic"" AND (mechanism OR target OR pathway)",27568322,Targeted therapies for advanced and metastatic adenocarcinoma of the gastroesophageal junction: is there something new?,"Despite improvements in systemic chemotherapy (CT), the prognosis of metastatic adenocarcinoma of the gastroesophageal junction remains poor. Over the years, new targeting agents have become available and were tested, with or without CT, in first or subsequent lines of therapy. The epidermal growth factor receptor family was targeted with monoclonal antibodies (MoAbs) (trastuzumab, cetuximab, panitumumab) and tyrosin kinase inhibitors (TKIs) (lapatinib, erlotinib, gefitinib). Only trastuzumab, in combination with cisplatin and fluoropyrimidines, significantly improved overall survival (OS) in first-line therapy (13.8 vs. 11.1 months). Angiogenesis also was targeted with MoAbs (bevacizumab and ramucirumab); ramucirumab, a vascular endothelial growth factor-receptor 2 antagonist, enhanced OS in two phase III studies in the first (9.6 vs. 7.4 months) and subsequent lines of treatment (5.2 vs. 3.8 months), while the bevacizumab study was negative. TKIs (sunitinib, sorafenib, regorafenib, apatinib) were tested in this setting in phase II studies in the second/third line, only showing modest antitumor activity. The hepatocyte growth factor receptor (MET) was targeted in untreated patients in a phase III trial with MoAb rilotumumab, with or without CT, but the study was stopped because of mortality excess in the rilotumumab arm. Mammalian target of rapamycin (MTOR) pathway inhibition with everolimus was tested in pretreated patients in a placebo-controlled phase III trial who failed to improve OS (5.4 vs. 4.3 months). In conclusion, considering the modest survival gain obtained overall, the high cost of these therapies and the quality of life issue must be primarily considered in treating these patients.",Gastric cancer : official journal of the International Gastric Cancer Association and the Japanese Gastric Cancer Association,2017.0,Journal Article; Review,10.1007/s10120-016-0626-0,NCBI PubMed E-utilities,success,,PubMed co-mention retrieval baseline only; not evidence polarity classification.
repodb_0ee62470d8ffb2ae,Cisplatin,Esophageal neoplasm metastatic,mechanism,"""Cisplatin"" AND ""Esophageal neoplasm metastatic"" AND (mechanism OR target OR pathway)",31959339,"Cisplatin and 5-fluorouracil with or without epidermal growth factor receptor inhibition panitumumab for patients with non-resectable, advanced or metastatic oesophageal squamous cell cancer: a prospective, open-label, randomised phase III AIO/EORTC trial (POWER).","Palliative chemotherapy of advanced oesophageal squamous cell cancer (ESCC) consists of cisplatin/5-fluorouracil (CF) to target epidermal growth factor receptor (EGFR) with panitumumab (P); chemotherapy enhanced overall survival (OS) in advanced colorectal or squamous cell head and neck cancers. With prospective serum and tumour biomarkers, we tested if P added to CF (CFP) improved OS in advanced ESCC. Eligible patients with confirmed ESCC that was not curatively resectable or did not qualify for definitive radiochemotherapy, were randomised 1 : 1 to receive CF [cisplatin (C) 100 mg/m2 i.v., day 1; 5-fluorouracil (F) 1000 mg/m2 i.v., days 1-4] or CF plus P (9 mg/kg, i.v., day 1, each q3-week cycle) until progressive disease or unacceptable toxicity. Safety was reviewed by the Data Safety Monitoring Board after 40, 70 and 100 patients who completed at least one cycle. After 53 enrolled patients, cisplatin was reduced from 100 mg/m2 to 80 mg/m2. The trial was stopped early based on interim efficacy results triggered by the third safety analysis: median OS (mOS) favoured CF over CFP, regardless of cisplatin dose [hazard ratio (HR) 1.77, 95% confidence interval (CI) 1.06-2.98; P = 0.028]. In the final analysis, mOS was 10.2 versus 9.4 months for CF versus CFP, respectively (HR 1.17, 95% CI 0.79-1.75; P = 0.43). One hundred (70.4%) of 142 patients in the safety population died, 51 (51.0%) with CFP. Most deaths were related to disease progression [44/49 (90%) deaths in CF versus 34/51 (67%) deaths in CFP]; objective responses [27/73 (37.0%)] were identical. The most common serious adverse events were kidney injury [3 (4.3%) versus 7 (9.7%)], general health deterioration [5 (7.1%) versus 5 (6.9%)] and dysphagia [4 (5.7%) versus 4 (5.6%)] in CF versus CFP, respectively. There were three (4.3%) and 17 (23.6%) common terminology criteria for adverse events (CTCAE) grade 5 events in CF versus CFP, respectively. Low soluble (s)EGFR levels were associated with better progression-free survival; sEGFR was induced under CFP. EGFR inhibition added to CF did not improve survival in unselected advanced ESCC patients. The results support further liquid biopsy studies. ClinicalTrials.gov (NCT01627379) and EudraCT (2010-020606-15).",Annals of oncology : official journal of the European Society for Medical Oncology,2020.0,"Clinical Trial, Phase III; Journal Article; Randomized Controlled Trial; Research Support, Non-U.S. Gov't",10.1016/j.annonc.2019.10.018,NCBI PubMed E-utilities,success,,PubMed co-mention retrieval baseline only; not evidence polarity classification.
repodb_0ee62470d8ffb2ae,Cisplatin,Esophageal neoplasm metastatic,mechanism,"""Cisplatin"" AND ""Esophageal neoplasm metastatic"" AND (mechanism OR target OR pathway)",41167638,"Cadonilimab combined with taxane and cisplatin as the first-line treatment of advanced esophageal squamous cell carcinoma: an open-label, multicenter phase II trial.","Cadonilimab, a bispecific antibody simultaneously targeting programmed cell death 1 (PD-1) and cytotoxic T lymphocyte antigen 4, may further boost antitumor activity compared with PD-1 or programmed cell death ligand 1 (PD-L1) inhibitors. Here, we evaluated the safety and efficacy of cadonilimab combined with chemotherapy as the first-line treatment in advanced esophageal squamous cell carcinoma (ESCC). Treatment-naïve patients with unresectable locally advanced or metastatic ESCC were eligible. Cadonilimab combined with paclitaxel or nab-paclitaxel and cisplatin was administrated for up to six cycles, then cadonilimab monotherapy continued as maintenance until progressive disease or unacceptable toxicity, with a maximum of 24 months. The primary endpoint was objective response rate (ORR). Secondary endpoints were progression-free survival (PFS), overall survival (OS), disease control rate (DCR) and safety. Plasma cell-free DNA samples were collected before and after treatment and prepared for DNA methylation level sequencing. As of September 27, 2024, 43 patients were enrolled with a median age of 61 years (range 44-75), 39.5% had PD-L1 combined positive score ≥10 and 95.3% had distant metastases. The ORR was 81.4% (95% CI 66.6% to 91.6%) and DCR was 97.7% (95% CI 86.2% to 99.9%). The median PFS was 7.10 months (95% CI 5.68 to 8.48) while OS remained immature. The mean pretreatment cytosine-phosphate-guanine (CpG) site methylation levels of APBA2, EPAS1, TRIM58, ITPKA and LINC00554 were significantly higher in responders than those in non-responders. Grade 3-4 treatment-related adverse events were reported in 53.5% (23/43) patients. Cadonilimab combined with taxane and cisplatin as first-line treatment revealed encouraging antitumor activity and manageable safety in patients with advanced ESCC. DNA methylation level might be a potential biomarker for guiding patient outcomes. NCT05522894.",Journal for immunotherapy of cancer,2025.0,"Journal Article; Clinical Trial, Phase II; Multicenter Study",10.1136/jitc-2025-012869,NCBI PubMed E-utilities,success,,PubMed co-mention retrieval baseline only; not evidence polarity classification.
repodb_0ee62470d8ffb2ae,Cisplatin,Esophageal neoplasm metastatic,mechanism,"""Cisplatin"" AND ""Esophageal neoplasm metastatic"" AND (mechanism OR target OR pathway)",14767508,"Recent clinical trials using cisplatin, carboplatin and their combination chemotherapy drugs (review).","Cisplatin continues to play a central role in cancer chemotherapy in spite of its toxicity. It is used as first-line chemotherapy against epithelial malignancies of lung, ovarian, bladder, testicular, head and neck, esophageal, gastric, colon and pancreatic but also as second- and third-line treatment against a number of metastatic malignancies including cancers of the breast, melanoma, prostate, mesothelioma, leiomyosarcomas, malignant gliomas and others. Cisplatin has become the gold standard treatment against cervical cancer in combination with radiotherapy. This review summarizes the state of the art on clinical trials published mainly in 2002 using cisplatin and carboplatin in their combinations with other anticancer drugs. For most advanced cancers the response rate to chemotherapy is about 50% in first-line treatments and about 15% in second- or third-line treatments; for example response rates of 25-50% have been observed for chemonaive patients with advanced non-small cell lung cancer treated with cisplatin or carboplatin in combination with gemcitabine or taxanes and in exceptional cases these rates are up to 80% with addition of radiotherapy. Response rates are very discouraging in second- or third-line chemotherapy treatments (7-25%). Despite an increase in response rate from the use of modern-day chemotherapy drugs, no major difference in long-term survival has been achieved. It is a high priority to invent novel approaches for cancer treatment. It is hoped that a fraction of the numerous experimental drugs will show virtues in the anticancer arena especially combined with existing treatment regimens. Efforts should focus on diminution of side effects improving the quality of life of the patient. A preferential tumor targeting of chemotherapy treatments would bring a revolution in molecular medicine and would greatly advance cancer therapy in the upcoming years.",Oncology reports,2004.0,Journal Article; Review,,NCBI PubMed E-utilities,success,,PubMed co-mention retrieval baseline only; not evidence polarity classification.
repodb_0ee62470d8ffb2ae,Cisplatin,Esophageal neoplasm metastatic,mechanism,"""Cisplatin"" AND ""Esophageal neoplasm metastatic"" AND (mechanism OR target OR pathway)",31638228,ACSS2/AMPK/PCNA pathway‑driven proliferation and chemoresistance of esophageal squamous carcinoma cells under nutrient stress.,"Although platinum‑based chemotherapy is the first‑line choice for locally advanced or metastatic esophageal squamous cell carcinoma (ESCC) patients, accelerated recurrence and chemoresistance remain inevitable. New evidence suggests that metabolism reprogramming under stress involves independent processes that are executed with a variety of proteins. This study investigated the functions of nutrient stress (NS)‑mediated acetyl‑CoA synthetase short‑chain family member 2 (ACSS2) in cell proliferation and cisplatin‑resistance and examined its combined effects with proliferating cell nuclear antigen (PCNA), a key regulator of DNA replication and repair. Here, it was demonstrated that under NS, when the AMP‑activated protein kinase (AMPK) pathway was activated, ESCC cells maintained proliferation and chemoresistance was distinctly upregulated as determined by CCK‑8 assay. As determined using immunoblotting and RT‑qPCR, compared with normal esophageal epithelial cells (Het‑1A), ESCC cells were less sensitive to NS and showed increased intracellular levels of ACSS2. Moreover, it was shown that ACSS2 inhibition by siRNA not only greatly interfered with proliferation under NS but also participated in DNA repair after cisplatin treatment via PCNA suppression, and the acceleration of cell death was dependent on the activation of the AMPK pathway as revealed by the Annexin V/PI and TUNEL assay results. Our study identified crosstalk between nutrient supply and chemoresistance that could be exploited therapeutically to target AMPK signaling, and the results suggest ACSS2 as a potential biomarker for identifying higher‑risk patients.",Molecular medicine reports,2019.0,Journal Article,10.3892/mmr.2019.10735,NCBI PubMed E-utilities,success,,PubMed co-mention retrieval baseline only; not evidence polarity classification.
repodb_0ee62470d8ffb2ae,Cisplatin,Esophageal neoplasm metastatic,mechanism,"""Cisplatin"" AND ""Esophageal neoplasm metastatic"" AND (mechanism OR target OR pathway)",19620936,"Cisplatin pharmacogenetics, DNA repair polymorphisms, and esophageal cancer outcomes.","Genetic variations or polymorphisms within genes of the nucleotide excision repair (NER) pathway alter DNA repair capacity. Reduced DNA repair (NER) capacity may result in tumors that are more susceptible to cisplatin chemotherapy, which functions by causing DNA damage. We investigated the potential predictive significance of functional NER single nucleotide polymorphisms in esophageal cancer patients treated with (n = 262) or without (n = 108) cisplatin. Four NER polymorphisms XPD Asp312Asn; XPD Lys751Gln, ERCC1 8092C/A, and ERCC1 codon 118C/T were each assessed in polymorphism-cisplatin treatment interactions for overall survival (OS), with progression-free survival (PFS) as a secondary endpoint. No associations with ERCC1 118 were found. Polymorphism-cisplatin interactions were highly significant in both OS (P = 0.002, P = 0.0001, and P < 0.0001) and PFS (P = 0.006, P = 0.008, and P = 0.0007) for XPD 312, XPD 751, and ERCC1 8092, respectively. In cisplatin-treated patients, variant alleles of XPD 312, XPD 751, and ERCC1 8092 were each associated with significantly improved OS (and PFS): adjusted hazard ratios of homozygous variants versus wild-type ranged from 0.22 [95% confidence interval (CI): 0.1-0.5] to 0.31 (95% CI: 0.1-0.7). In contrast, in patients who did not receive cisplatin, variant alleles of XPD 751 and ERCC1 8092 had significantly worse survival, with adjusted hazard ratios of homozygous variants ranging from 2.47 (95% CI: 1.1-5.5) to 3.73 (95% CI: 1.6-8.7). Haplotype analyses affirmed these results. DNA repair polymorphisms are associated with OS and PFS, and if validated may predict for benefit from cisplatin therapy in patients with esophageal cancer.",Pharmacogenetics and genomics,2009.0,"Journal Article; Research Support, N.I.H., Extramural; Research Support, Non-U.S. Gov't",10.1097/FPC.0b013e32832f3010,NCBI PubMed E-utilities,success,,PubMed co-mention retrieval baseline only; not evidence polarity classification.
repodb_0ee62470d8ffb2ae,Cisplatin,Esophageal neoplasm metastatic,mechanism,"""Cisplatin"" AND ""Esophageal neoplasm metastatic"" AND (mechanism OR target OR pathway)",14569846,Irinotecan in esophageal cancer.,"The limited effectiveness of chemotherapy in esophageal cancer used to palliate metastatic disease or to combine with radiotherapy in locally advanced disease has prompted the evaluation of new systemic agents. Irinotecan (CPT-11, Camptosar) has shown promising activity in a number of gastrointestinal cancers, including esophageal cancer. The phase II evaluation of the combination of weekly irinotecan and cisplatin has shown encouraging response rates exceeding 30% to 50% in esophageal and gastric cancer. Novel regimens include the combination of irinotecan with mitomycin (Mutamycin), the taxanes docetaxel (Taxotere) and paclitaxel, and continuous infusion fluorouracil (5-FU). Irinotecan is an active radiosensitizer, and trials have evaluated the combination of irinotecan with concurrent radiotherapy. We completed a phase I trial combining weekly irinotecan, cisplatin, and concurrent radiotherapy in locally advanced esophageal cancer. Minimal toxicity has been observed, with no grade 3/4 esophagitis or diarrhea, and hematologic toxicity was also surprisingly minimal. Full doses of weekly irinotecan (65 mg/m2) and cisplatin (30 mg/m2) could be combined safely with concurrent radiotherapy, with a significant rate of pathologic complete response. Phase II evaluation of this chemoradiotherapy regimen as preoperative therapy is planned at single institutions and at the cooperative group level in the United States. Further phase I and II investigation of combined irinotecan, cisplatin, and concurrent radiation is ongoing with the addition of targeted agents, including celecoxib (Celebrex), cetuximab (Erbitux), and bevacizumab (Avastin). Alternative combinations of irinotecan with radiotherapy, including the addition of docetaxel and continuous infusion 5-FU, are also undergoing phase I and II evaluation.","Oncology (Williston Park, N.Y.)",2003.0,"Clinical Trial; Clinical Trial, Phase I; Journal Article",,NCBI PubMed E-utilities,success,,PubMed co-mention retrieval baseline only; not evidence polarity classification.
repodb_0ee62470d8ffb2ae,Cisplatin,Esophageal neoplasm metastatic,mechanism,"""Cisplatin"" AND ""Esophageal neoplasm metastatic"" AND (mechanism OR target OR pathway)",8882928,Management of esophageal cancer.,"The standard approaches of surgery or radiotherapy cure only a minority of patients with esophageal cancer. Because of these poor results and the frequent systemic pattern of recurrences, combined-modality therapy employing chemotherapy has been extensively studied. Preoperative chemotherapy, both alone and given concurrently with radiation, has not shown a significant impact on survival and remains investigational. Concurrent chemoradiation as definitive therapy is an alternative to surgery for localized disease. Paclitaxel and vinorelbine have significant activity as single agents in metastatic disease. Paclitaxel is currently under investigation in combination therapy for metastatic disease, as a radiosensitizer for locally advanced disease, and as preoperative therapy. For palliation of locally advanced esophageal cancer, a variety of endoscopic techniques are available to relieve dysphagia. Laboratory studies have identified growth factor pathways and tumor-suppressor genes as potential new pharmacologic targets.","Oncology (Williston Park, N.Y.)",1996.0,Journal Article; Review,,NCBI PubMed E-utilities,success,,PubMed co-mention retrieval baseline only; not evidence polarity classification.
repodb_0ee62470d8ffb2ae,Cisplatin,Esophageal neoplasm metastatic,mechanism,"""Cisplatin"" AND ""Esophageal neoplasm metastatic"" AND (mechanism OR target OR pathway)",34773342,PD-L1 and PD-L2 expression status in relation to chemotherapy in primary and metastatic esophageal squamous cell carcinoma.,"Immune checkpoint inhibitors have shown efficacy in various cancers. Although programmed death ligand 1/2 (PD-L1/L2) expressions have been demonstrated as predictive biomarkers of response to immune checkpoint inhibitors and prognostic markers, whether PD-L1/L2 expression is altered in esophageal squamous cell carcinoma during the therapeutic course is unclear. Whether PD-L1/L2 expression in metastatic or recurrent lesions is consistent with that in primary tumors is also unknown. This study included 561 surgically resected esophageal squamous cell carcinomas and PD-L1/L2 expression was evaluated by immunohistochemistry. We investigated the influence of chemotherapeutic drugs (cisplatin and fluorouracil) on PD-L1/L2 expression and PD-L1/L2-related pathways in vitro. We also examined PD-L1/L2 expression in 18 surgically resected lymph node metastases and 10 recurrent lesions compared with primary lesions. The positive rate of PD-L1 was significantly higher in patients with preoperative chemotherapy than in those without preoperative therapy. The positive rate of PD-L2 expression showed no significant difference between patient groups. Cisplatin increased PD-L1 expression in cancer cell lines in vitro, but decreased PD-L2 in some cell lines. The effects of cisplatin on phosphorylated signal transducer and activator of transcription 1/3 (pSTAT1/3) also differed depending on cell lines. Fluorouracil increased PD-L1 and PD-L2 expression. PD-L1/L2 expression in lymph node metastases and recurrent lesions did not always match expression in primary lesions. PD-L1/L2 expression may be altered by preoperative chemotherapy, and PD-L1 /L2 expression in primary lesions does not always match that of metastatic/recurrent lesions. Thus, one-time evaluation is not sufficient to evaluate PD-L1/L2 expression as a biomarker in esophageal cancer.",Cancer science,2022.0,Comparative Study; Journal Article,10.1111/cas.15198,NCBI PubMed E-utilities,success,,PubMed co-mention retrieval baseline only; not evidence polarity classification.
