pair_id,drug_name,disease_name,query_type,query_string,pmid,title,abstract,journal,publication_year,publication_type,doi,source,status,error_message,notes
repodb_04246cb3a1c31ef7,Progesterone,Premature Birth,direct,"""Progesterone"" AND ""Premature Birth""",29157866,Vaginal progesterone for preventing preterm birth and adverse perinatal outcomes in singleton gestations with a short cervix: a meta-analysis of individual patient data.,"The efficacy of vaginal progesterone for preventing preterm birth and adverse perinatal outcomes in singleton gestations with a short cervix has been questioned after publication of the OPPTIMUM study. To determine whether vaginal progesterone prevents preterm birth and improves perinatal outcomes in asymptomatic women with a singleton gestation and a midtrimester sonographic short cervix. We searched MEDLINE, EMBASE, LILACS, and CINAHL (from their inception to September 2017); Cochrane databases; bibliographies; and conference proceedings for randomized controlled trials comparing vaginal progesterone vs placebo/no treatment in women with a singleton gestation and a midtrimester sonographic cervical length ≤25 mm. This was a systematic review and meta-analysis of individual patient data. The primary outcome was preterm birth <33 weeks of gestation. Secondary outcomes included adverse perinatal outcomes and neurodevelopmental and health outcomes at 2 years of age. Individual patient data were analyzed using a 2-stage approach. Pooled relative risks with 95% confidence intervals were calculated. Quality of evidence was assessed using the GRADE methodology. Data were available from 974 women (498 allocated to vaginal progesterone, 476 allocated to placebo) with a cervical length ≤25 mm participating in 5 high-quality trials. Vaginal progesterone was associated with a significant reduction in the risk of preterm birth <33 weeks of gestation (relative risk, 0.62; 95% confidence interval, 0.47-0.81; P = .0006; high-quality evidence). Moreover, vaginal progesterone significantly decreased the risk of preterm birth <36, <35, <34, <32, <30, and <28 weeks of gestation; spontaneous preterm birth <33 and <34 weeks of gestation; respiratory distress syndrome; composite neonatal morbidity and mortality; birthweight <1500 and <2500 g; and admission to the neonatal intensive care unit (relative risks from 0.47-0.82; high-quality evidence for all). There were 7 (1.4%) neonatal deaths in the vaginal progesterone group and 15 (3.2%) in the placebo group (relative risk, 0.44; 95% confidence interval, 0.18-1.07; P = .07; low-quality evidence). Maternal adverse events, congenital anomalies, and adverse neurodevelopmental and health outcomes at 2 years of age did not differ between groups. Vaginal progesterone decreases the risk of preterm birth and improves perinatal outcomes in singleton gestations with a midtrimester sonographic short cervix, without any demonstrable deleterious effects on childhood neurodevelopment.",American journal of obstetrics and gynecology,2018.0,"Journal Article; Meta-Analysis; Research Support, Non-U.S. Gov't; Systematic Review",10.1016/j.ajog.2017.11.576,NCBI PubMed E-utilities,success,,PubMed co-mention retrieval baseline only; not evidence polarity classification.
repodb_04246cb3a1c31ef7,Progesterone,Premature Birth,direct,"""Progesterone"" AND ""Premature Birth""",37211087,Combined vaginal progesterone and cervical cerclage in the prevention of preterm birth: a systematic review and meta-analysis.,"Vaginal progesterone and cervical cerclage are both effective interventions for reducing preterm birth. It is currently unclear whether combined therapy offers superior effectiveness than single therapy. This study aimed to determine the efficacy of combining cervical cerclage and vaginal progesterone in the prevention of preterm birth. We searched Medline (Ovid), EMBASE (Ovid), PsycINFO (Ovid), CINAHL (EBSCOhost), Cochrane Library (Wiley), and Scopus (from their inception to 2020). The review accepted randomized and pseudorandomized control trials, nonrandomized experimental control trials, and cohort studies. High risk patients (shortened cervical length <25mm or previous preterm birth) who were assigned cervical cerclage, vaginal progesterone, or both for the prevention of preterm birth were included. Only singleton pregnancies were assessed. The primary outcome was birth <37 weeks. Secondary outcomes included birth <28 weeks, <32 weeks and <34 weeks, gestational age at delivery, days between intervention and delivery, preterm premature rupture of membranes, cesarean delivery, neonatal mortality, neonatal intensive care unit admission, intubation, and birthweight. Following title and full-text screening, 11 studies were included in the final analysis. Risk of bias was assessed using the Cochrane Collaboration tool for assessing the risk of bias (ROBINS-I and RoB-2). Quality of evidence was assessed using the GRADE (Grading of Recommendations, Assessment, Development, and Evaluations) tool. Combined therapy was associated with lower risk of preterm birth at <37 weeks than cerclage alone (risk ratio, 0.51; 95% confidence interval, 0.37-0.79) or progesterone alone (risk ratio, 0.75; 95% confidence interval, 0.58-0.96). Compared with cerclage only, combined therapy was associated with preterm birth at <34 weeks, <32 weeks, or <28 weeks, decreased neonatal mortality, increased birthweight, increased gestational age, and a longer interval between intervention and delivery. Compared with progesterone alone, combined therapy was associated with preterm birth at <32 weeks, <28 weeks, decreased neonatal mortality, increased birthweight, and increased gestational age. There were no differences in any other secondary outcomes. Combined treatment of cervical cerclage and vaginal progesterone could potentially result in a greater reduction in preterm birth than in single therapy. Further, well-conducted and adequately powered randomized controlled trials are needed to assess these promising findings.",American journal of obstetrics & gynecology MFM,2023.0,Meta-Analysis; Systematic Review; Journal Article,10.1016/j.ajogmf.2023.101024,NCBI PubMed E-utilities,success,,PubMed co-mention retrieval baseline only; not evidence polarity classification.
repodb_04246cb3a1c31ef7,Progesterone,Premature Birth,direct,"""Progesterone"" AND ""Premature Birth""",35460628,Does vaginal progesterone prevent recurrent preterm birth in women with a singleton gestation and a history of spontaneous preterm birth? Evidence from a systematic review and meta-analysis.,"To assess the efficacy and safety of vaginal progesterone to prevent recurrent preterm birth and adverse perinatal outcomes in singleton gestations with a history of spontaneous preterm birth. MEDLINE, Embase, LILACS, and CINAHL (from their inception to February 28, 2022), Cochrane databases, Google Scholar, bibliographies, and conference proceedings. Randomized controlled trials that compared vaginal progesterone to placebo or no treatment in asymptomatic women with a singleton gestation and a history of spontaneous preterm birth. The primary outcomes were preterm birth <37 and <34 weeks of gestation. The secondary outcomes included adverse maternal and perinatal outcomes. Pooled relative risks with 95% confidence intervals were calculated. We assessed the risk of bias in the included studies, heterogeneity (I2 test), small-study effects, publication bias, and quality of evidence; performed subgroup and sensitivity analyses; and calculated 95% prediction intervals and adjusted relative risks. Ten studies (2958 women) met the inclusion criteria: 7 with a sample size <150 (small studies) and 3 with a sample size >600 (large studies). Among the 7 small studies, 4 were at high risk of bias, 2 were at some concerns of bias, and only 1 was at low risk of bias. All the large studies were at low risk of bias. Vaginal progesterone significantly decreased the risk of preterm birth <37 weeks (relative risk, 0.64; 95% confidence interval, 0.50-0.81; I2=75%; 95% prediction interval, 0.31-1.32; very low-quality evidence) and <34 weeks (relative risk, 0.62; 95% confidence interval, 0.42-0.92; I2=66%; 95% prediction interval, 0.23-1.68; very low-quality evidence), and the risk of admission to the neonatal intensive care unit (relative risk, 0.53; 95% confidence interval, 0.33-0.85; I2=67%; 95% prediction interval, 0.16-1.79; low-quality evidence). There were no significant differences between the vaginal progesterone and the placebo or no treatment groups in other adverse perinatal and maternal outcomes. Subgroup analyses revealed that vaginal progesterone decreased the risk of preterm birth <37 weeks (relative risk, 0.43; 95% confidence interval, 0.33-0.55; I2=0%) and <34 weeks (relative risk, 0.27; 95% confidence interval, 0.15-0.49; I2=0%) in the small but not in the large studies (relative risk, 0.98; 95% confidence interval, 0.88-1.09; I2=0% for preterm birth <37 weeks; and relative risk, 0.94; 95% confidence interval, 0.78-1.13; I2=0% for preterm birth <34 weeks). Sensitivity analyses restricted to studies at low risk of bias indicated that vaginal progesterone did not reduce the risk of preterm birth <37 weeks (relative risk, 0.96; 95% confidence interval, 0.84-1.09) and <34 weeks (relative risk, 0.90; 95% confidence interval, 0.71-1.15). There was clear evidence of substantial small-study effects in the meta-analyses of preterm birth <37 and <34 weeks of gestation because of funnel plot asymmetry and the marked differences in the pooled relative risks obtained from fixed-effect and random-effects models. The adjustment for small-study effects resulted in a markedly reduced and nonsignificant effect of vaginal progesterone on preterm birth <37 weeks (relative risk, 0.86; 95% confidence interval, 0.68-1.10) and <34 weeks (relative risk, 0.92; 95% confidence interval, 0.60-1.42). There is no convincing evidence supporting the use of vaginal progesterone to prevent recurrent preterm birth or to improve perinatal outcomes in singleton gestations with a history of spontaneous preterm birth.",American journal of obstetrics and gynecology,2022.0,"Journal Article; Meta-Analysis; Systematic Review; Research Support, N.I.H., Intramural; Research Support, N.I.H., Extramural",10.1016/j.ajog.2022.04.023,NCBI PubMed E-utilities,success,,PubMed co-mention retrieval baseline only; not evidence polarity classification.
repodb_04246cb3a1c31ef7,Progesterone,Premature Birth,direct,"""Progesterone"" AND ""Premature Birth""",35168930,Interventions to prevent spontaneous preterm birth in women with singleton pregnancy who are at high risk: systematic review and network meta-analysis.,"To compare the efficacy of bed rest, cervical cerclage (McDonald, Shirodkar, or unspecified type of cerclage), cervical pessary, fish oils or omega fatty acids, nutritional supplements (zinc), progesterone (intramuscular, oral, or vaginal), prophylactic antibiotics, prophylactic tocolytics, combinations of interventions, placebo or no treatment (control) to prevent spontaneous preterm birth in women with a singleton pregnancy and a history of spontaneous preterm birth or short cervical length. Systematic review with bayesian network meta-analysis. The Cochrane Pregnancy and Childbirth Group's Database of Trials, the Cochrane Central Register of Controlled Trials, Medline, Embase, CINAHL, relevant journals, conference proceedings, and registries of ongoing trials. Randomised controlled trials of pregnant women who are at high risk of spontaneous preterm birth because of a history of spontaneous preterm birth or short cervical length. No language or date restrictions were applied. Seven maternal outcomes and 11 fetal outcomes were analysed in line with published core outcomes for preterm birth research. Relative treatment effects (odds ratios and 95% credible intervals) and certainty of evidence are presented for outcomes of preterm birth <34 weeks and perinatal death. Sixty one trials (17 273 pregnant women) contributed data for the analysis of at least one outcome. For preterm birth <34 weeks (40 trials, 13 310 pregnant women) and with placebo or no treatment as the comparator, vaginal progesterone was associated with fewer women with preterm birth <34 weeks (odds ratio 0.50, 95% credible interval 0.34 to 0.70, high certainty of evidence). Shirodkar cerclage showed the largest effect size (0.06, 0.00 to 0.84), but the certainty of evidence was low. 17OHPC (17α-hydroxyprogesterone caproate; 0.68, 0.43 to 1.02, moderate certainty), vaginal pessary (0.65, 0.39 to 1.08, moderate certainty), and fish oil or omega 3 (0.30, 0.06 to 1.23, moderate certainty) might also reduce preterm birth <34 weeks compared with placebo or no treatment. For the fetal outcome of perinatal death (30 trials, 12 119 pregnant women) and with placebo or no treatment as the comparator, vaginal progesterone was the only treatment that showed clear evidence of benefit for this outcome (0.66, 0.44 to 0.97, moderate certainty). 17OHPC (0.78, 0.50 to 1.21, moderate certainty), McDonald cerclage (0.59, 0.33 to 1.03, moderate certainty), and unspecified cerclage (0.77, 0.53 to 1.11, moderate certainty) might reduce perinatal death rates, but credible intervals could not exclude the possibility of harm. Only progesterone treatments are associated with reduction in neonatal respiratory distress syndrome, neonatal sepsis, necrotising enterocolitis, and admission to neonatal intensive care unit compared with controls. Vaginal progesterone should be considered the preventative treatment of choice for women with singleton pregnancy identified to be at risk of spontaneous preterm birth because of a history of spontaneous preterm birth or short cervical length. Future randomised controlled trials should use vaginal progesterone as a comparator to identify better treatments or combination treatments. PROSPERO CRD42020169006.",BMJ (Clinical research ed.),2022.0,"Comparative Study; Journal Article; Network Meta-Analysis; Research Support, Non-U.S. Gov't; Systematic Review",10.1136/bmj-2021-064547,NCBI PubMed E-utilities,success,,PubMed co-mention retrieval baseline only; not evidence polarity classification.
repodb_04246cb3a1c31ef7,Progesterone,Premature Birth,direct,"""Progesterone"" AND ""Premature Birth""",33039310,Preterm birth prevention.,"Preterm birth (PTB), which occurs in about 12% of pregnancies worldwide, is the main cause of neonatal morbidity and mortality. Symptomatic treatment of pregnancies presenting in preterm labor with corticosteroids and antibiotics has improved neonatal outcomes but has not reduced the incidence of PTB. Evidence suggests that the rate of PTB may be reduced by the prophylactic use of progesterone in women with a previous history of preterm delivery and in those with a short cervical length identified by routine transvaginal ultrasound. This review summarizes the evidence (level A evidence) of the effectiveness of progesterone on the rate of PTB.",Best practice & research. Clinical obstetrics & gynaecology,2020.0,Journal Article; Review,10.1016/j.bpobgyn.2020.09.003,NCBI PubMed E-utilities,success,,PubMed co-mention retrieval baseline only; not evidence polarity classification.
repodb_04246cb3a1c31ef7,Progesterone,Premature Birth,direct,"""Progesterone"" AND ""Premature Birth""",34896357,Prevention of preterm birth in twin pregnancies.,"Twins represent 3.2% of all live births; however, they account for 20.0% of all preterm deliveries, with 60.0% and 10.7% of twins delivered before 37 and 32 weeks' gestation, respectively. Twin pregnancies have 5 times higher risk of early neonatal and infant death related to prematurity. Monochorionic twins have a higher incidence of both indicated and spontaneous preterm delivery than dichorionic twins. Transvaginal ultrasound of the cervical length before 24 weeks' gestation is the best tool to predict preterm birth, independent of other risk factors. Among all evaluated therapies to decrease or prevent preterm birth in twin pregnancies, the use of vaginal progesterone in women with a transvaginal cervical length of <25 mm decreased neonatal morbidity, and physical examination-indicated cerclage in women with a cervical dilation of >1 cm showed a significant decrease in preterm birth at different gestational ages and perinatal mortality.",American journal of obstetrics & gynecology MFM,2022.0,Journal Article; Review,10.1016/j.ajogmf.2021.100551,NCBI PubMed E-utilities,success,,PubMed co-mention retrieval baseline only; not evidence polarity classification.
repodb_04246cb3a1c31ef7,Progesterone,Premature Birth,direct,"""Progesterone"" AND ""Premature Birth""",34856583,Pessary Plus Progesterone to Prevent Preterm Birth in Women With Short Cervixes: A Randomized Controlled Trial.,"To test the effectiveness of cervical pessary in addition to vaginal progesterone for the prevention of preterm birth in women with midpregnancy short cervixes. We performed a multicenter, open-label, randomized controlled trial in 17 perinatal centers. Asymptomatic women with singleton or twin pregnancies and cervical lengths of 30 mm or less, measured at 18 0/7-22 6/7 weeks of gestation, were randomized to cervical pessary plus vaginal progesterone (pessary plus progesterone group) or vaginal progesterone only (progesterone-only group) (200 mg/day). Treatments were used from randomization to 36 weeks of gestation or delivery. The primary outcome was a composite of neonatal mortality and morbidity. Secondary outcomes were delivery before 37 weeks and before 34 weeks of gestation. Analysis was performed according to intention to treat. Between July 9, 2015, and March 29, 2019, 8,168 women were screened, of whom 475 were randomized to pessary and 461 to progesterone only. The composite perinatal outcome occurred in 19.2% (89/463) of the women in the pessary group compared with 20.9% (91/436) of the women in the progesterone-only group (adjusted risk ratio [aRR] 0.88, 95% CI 0.69-1.12). Delivery rates before 37 weeks of gestation were 29.1% compared with 31.4% (aRR 0.86, 95% CI 0.72-1.04); delivery rates before 34 weeks were 9.9% compared with 13.9% (aRR 0.66, 95% CI 0.47-0.93). Women in the pessary group had more vaginal discharge (51.6% [245/476] vs 25.4% [117/479] [P<.001]), pain (33.1% [157/476] vs 24.1% [111/479] [P=.002]), and vaginal bleeding (9.7% [46/476] vs 4.8% [22/479] [P=.004]). In asymptomatic women with short cervixes, the combination of pessary and progesterone did not decrease rates of neonatal morbidity or mortality when compared with progesterone only. Brazilian Clinical Trial Registry (ReBec), UTN:U1111-1164-2636.",Obstetrics and gynecology,2022.0,"Journal Article; Multicenter Study; Randomized Controlled Trial; Research Support, Non-U.S. Gov't",10.1097/AOG.0000000000004634,NCBI PubMed E-utilities,success,,PubMed co-mention retrieval baseline only; not evidence polarity classification.
repodb_04246cb3a1c31ef7,Progesterone,Premature Birth,direct,"""Progesterone"" AND ""Premature Birth""",40935131,Progesterone regulation of cervix ripening in preterm and term birth in mice.,"With an automated image analysis approach using artificial intelligence and machine learning, cytoarchitectural and spatial characteristics of prepartum cervix remodeling occur before term and preterm birth with loss of response to progesterone. Evaluation of local features of inflammation associated with prepartum cervix remodeling may distinguish pathophysiological from physiological processes to reduce risk of adverse pregnancy outcomes. The cervix functions as a gatekeeper barrier to maintain pregnancy and virtually vanishes for birth. Cervix remodeling occurs well before term while progesterone (P4) is at or near peak in maternal circulation. The inflammatory ripening process is associated with reduced cell nuclei (CN) density, increased density of resident macrophages (Mφs), and reduced cross-linked collagen in stroma. Whether a functional or actual loss of response to P4 regulates cytomorphological characteristics associated with prepartum ripening at term was the focus of the present study. In a murine model, ovariectomy on pregnancy day 16 produced preterm birth (<24 h, Ovx) in mice with an oil-filled implant, while P4 treatment (Ovx + P4) and controls (PP) birthed at term. Cytoarchitecture of cervix remodeling (reduced CN/area and cross-linked collagen degradation) was advanced in Ovx compared to control mice, but forestalled by sustained plasma P4 in Ovx + P4 mice. Loss of response to P4 was also evident at term by increased resident Mφs in controls and Ovx + P4 PP mice from initial responses. By contrast, births were delayed or did not occur in ovary-intact mice given P4. Adverse pregnancy outcomes and dystocia were associated with arrest of prepartum cervix ripening. A novel spatial morphometric approach found Mφ-stain area/Mφ/CN increased during prepartum ripening versus that on preterm or term birth. This biomarker for local inflammation was blocked in intact + P4 mice. Mφ area, as indicative of alternative activation versus smaller-sized inflammatory phenotypes, collectively suggests loss of prepartum cervix P4 responses in the final common pathway for term and preterm parturition.","Reproduction (Cambridge, England)",2025.0,"Journal Article; Research Support, N.I.H., Extramural; Research Support, Non-U.S. Gov't",10.1530/REP-25-0146,NCBI PubMed E-utilities,success,,PubMed co-mention retrieval baseline only; not evidence polarity classification.
repodb_04246cb3a1c31ef7,Progesterone,Premature Birth,direct,"""Progesterone"" AND ""Premature Birth""",38847312,[Not Available].,"This review summarises the present knowledge of prophylactic progesterone and preterm birth. Preterm birth (less-than 37 weeks) is a leading cause of neonatal mortality and morbidity worldwide. The incidence varies globally but remains low in the Nordic countries (5-6%). Prediction and prevention are complicated due to diverse aetiology, but obstetric history and cervical length can improve prediction. Prophylactic vaginal progesterone initiated between 12 and 24 weeks of gestation is recommended to reduce preterm birth less-than 33-35 weeks in singleton pregnancies with a history of preterm birth or with a short cervix (less-than 25 mm) and can be considered for twin pregnancies with the same risk factors.",Ugeskrift for laeger,2024.0,Journal Article; Review; English Abstract,10.61409/V10230636,NCBI PubMed E-utilities,success,,PubMed co-mention retrieval baseline only; not evidence polarity classification.
repodb_04246cb3a1c31ef7,Progesterone,Premature Birth,direct,"""Progesterone"" AND ""Premature Birth""",35894722,Progesterone and Preterm Birth: Using Empirical Research to Explore Structural Racism Within Midwifery-Led Care.,"Progesterone has been the standard of practice for the prevention of preterm birth for decades. The drug received expedited Food and Drug Administration approval, prior to the robust demonstration of scientific efficacy. Prospective research from the American Association of Birth Centers Perinatal Data Registry, 2007-2020. Two-tailed t tests, logistic regression, and propensity score matching were used. Midwifery-led care was underutilized by groups most at risk for preterm birth and was shown to be effective at maintaining low preterm birth rates. The model did not demonstrate reliable access to progesterone. People of color are most at risk of preterm birth, yet were least likely to receiving progesterone treatment. Progesterone was not demonstrated to be effective at decreasing preterm birth when comparing the childbearing people with a history of preterm birth who used the medication and those who did not within this sample. This study adds to the body of research that demonstrates midwifery-led care and low preterm birth rates. The ineffectiveness of progesterone in the prevention of preterm birth among people at risk was demonstrated.",The Journal of perinatal & neonatal nursing,2022.0,Journal Article,10.1097/JPN.0000000000000664,NCBI PubMed E-utilities,success,,PubMed co-mention retrieval baseline only; not evidence polarity classification.
repodb_04246cb3a1c31ef7,Progesterone,Premature Birth,direct,"""Progesterone"" AND ""Premature Birth""",28527571,Progesterone Receptor Signaling in Uterine Myometrial Physiology and Preterm Birth.,"Myometrium holds the structural integrity for the uterus and generates force for parturition with its primary component, the smooth muscle cells. The progesterone receptor mediates progesterone-dependent signaling and connects to a network of pathways for regulation of contractility and inflammatory responses in myometrium. Dysfunctional progesterone signaling has been linked to pregnancy complications including preterm birth. In the present review, we summarize recent findings on modifiers and effectors of the progesterone receptor signaling. Discussions include novel conceptual discoveries and new development in legacy pathways such as the signal transducers NF-κB, ZEB, microRNA, and the unfolded protein response pathways. We also discuss the impact of progesterone receptor isoform composition and ligand accessibility in modification of the progesterone receptor genomic actions.",Current topics in developmental biology,2017.0,"Journal Article; Review; Research Support, N.I.H., Intramural",10.1016/bs.ctdb.2017.03.001,NCBI PubMed E-utilities,success,,PubMed co-mention retrieval baseline only; not evidence polarity classification.
repodb_04246cb3a1c31ef7,Progesterone,Premature Birth,direct,"""Progesterone"" AND ""Premature Birth""",40090290,Cervical assessment.,"Transvaginal scan (TVS) of cervical length (CxL) at mid-trimester anomaly scan in asymptomatic pregnancy is useful for predicting the risk of preterm birth. In symptomatic women, measurement of CxL at presentation can help to distinguish between true and false preterm labor (PTL), and who might not deliver within 48 h and seven days. In both groups, the individualization of risk would lead to improvement of antenatal care, including frequency of visits, patient education to identify earlier symptoms, avoid excessive hospitalization, and unnecessary steroids. It is also possible that vaginal progesterone and/or cerclage reduce the PTB risk on those asymptomatic women with short cervix. The aim is to review the evidence that supports the use of TVS of CxL in both asymptomatic and symptomatic pregnant women for the prediction and management of PTL.",Best practice & research. Clinical obstetrics & gynaecology,2025.0,Journal Article; Review,10.1016/j.bpobgyn.2025.102590,NCBI PubMed E-utilities,success,,PubMed co-mention retrieval baseline only; not evidence polarity classification.
repodb_04246cb3a1c31ef7,Progesterone,Premature Birth,direct,"""Progesterone"" AND ""Premature Birth""",38829974,,,,,,,NCBI PubMed E-utilities,success,,PubMed co-mention retrieval baseline only; not evidence polarity classification.
repodb_04246cb3a1c31ef7,Progesterone,Premature Birth,direct,"""Progesterone"" AND ""Premature Birth""",26812800,Dydrogesterone and pre-term birth.,"Progestin supplementation appears to be a promising approach to both preventing initiation of pre-term labor and treating it once it is already established. Successful pregnancy depends on maternal tolerance of the fetal ""semi-allograft"". A protein called progesterone-induced blocking factor (PIBF), by inducing a Th2 dominant cytokine production mediates the immunological effects of progesterone. Over time, various attempts have been made to clarify the question, whether progestogens can contribute positively to either prevention or treatment of pre-term labor and birth. Dydrogesterone treatment of women at risk of pre-term delivery results in increased PIBF production and IL-10 concentrations, and lower concentrations of IFNγ and could be effective for prevention or treatment of pre-term labor. Further randomized studies are needed.",Hormone molecular biology and clinical investigation,2016.0,Journal Article; Review,10.1515/hmbci-2015-0064,NCBI PubMed E-utilities,success,,PubMed co-mention retrieval baseline only; not evidence polarity classification.
repodb_04246cb3a1c31ef7,Progesterone,Premature Birth,direct,"""Progesterone"" AND ""Premature Birth""",35178856,Progesterone receptor genetic variants in pregnant women and fetuses as possible predictors of spontaneous premature birth: A preliminary case-control study.,"To evaluate the roles of four selected genetic variations in fetal and maternal progesterone receptor gene (PGR) and to identify women who may have higher or lower odds for spontaneous premature birth compared to the general population. A preliminary case-control study with two groups of pregnant women (with term and premature delivery, 218 in total) and two groups of newborns (term and preterm, 218 in total) was performed. Four single nucleotide polymorphisms (SNPs) of the progesterone receptor gene (rs1042838, rs1042839, rs10895068, and rs1942836) were genotyped. There was statistically significant difference between cases and controls in the distribution of newborns' allele frequency of minor C allele of the PGR SNP rs1942836 (p = 0.03, Fishers' exact test) in favor of premature birth. A statistically significant difference between the frequency of the mothers' minor T allele of rs1042838 (p = 0.005; chi-squared test) and the mothers' minor T allele of rs1042839 (p = 0.005; chi-squared test) in favor of extremely premature birth has been found. There was a statistically significant difference between the frequency of the newborns' minor C allele of rs1942836 (p = 0.03; chi-squared test) and newborns' heterozygotes CT genotype of rs1942836 (p = 0.03; Fishers' exact test) when comparing the group of term births and the group of early premature birth. Our study suggests that patients with selected genetic variants of the progesterone receptor gene could have greater odds for premature birth compared to term birth. Replication studies with a larger population and different ethnicity are needed in order to confirm these findings.",The journal of obstetrics and gynaecology research,2022.0,Journal Article,10.1111/jog.15194,NCBI PubMed E-utilities,success,,PubMed co-mention retrieval baseline only; not evidence polarity classification.
repodb_04246cb3a1c31ef7,Progesterone,Premature Birth,direct,"""Progesterone"" AND ""Premature Birth""",26795885,Multiple gestations and preterm birth.,"Preterm birth is a major concern in modern obstetrics, and an important source of morbidity and mortality in newborns. Among twin pregnancies, especially, preterm birth is highly prevalent, and it accounts for almost 50% of the complications observed in this obstetrical population. In this article, we review the existing literature regarding the prediction and prevention of preterm birth in both symptomatic and asymptomatic twin pregnancies. In asymptomatic twin pregnancies, the best two predictive tests were cervical length (CL) measurement and cervicovaginal fetal fibronectin (fFN) testing. A single measurement of transvaginal CL at 20-24 weeks of gestation <20 mm or <25 mm is a good predictor of spontaneous preterm birth at <28, <32, and <34 weeks of gestation. A CL beyond 25 mm is associated with a 2% risk for birth before 28 weeks and with a 65% chance for a term pregnancy. Cervicovaginal fFN may be slightly less accurate than CL; however, it has a high negative predictive value in women presenting with threatened preterm labor, as <2% of these women will deliver within one week if the fFN is negative. In symptomatic twin pregnancies, no tests have proven accurate in predicting the risk of preterm birth. For the prevention of preterm birth in asymptomatic twins, regardless of CL, no treatment including bed rest, limitation of home activities, prophylactic tocolysis, progesterone, or cerclage has been shown to reduce the rate of preterm birth. Cervical pessaries might be of interest in cases where there is a short cervix (<25 mm and <38 mm, respectively) but these results need to confirmed in future trials.",Seminars in fetal & neonatal medicine,2016.0,Journal Article; Review,10.1016/j.siny.2015.12.010,NCBI PubMed E-utilities,success,,PubMed co-mention retrieval baseline only; not evidence polarity classification.
repodb_04246cb3a1c31ef7,Progesterone,Premature Birth,direct,"""Progesterone"" AND ""Premature Birth""",29329080,"Intrauterine inflammatory activation, functional progesterone withdrawal, and the timing of term and preterm birth.","The central role of inflammatory processes in labour and delivery is now well-recognised. However, the biomolecular, immunological and endocrine mechanisms involved in the labour process, and the clinical manifestations of inflammation in pregnancy, are complex, variable and modulated by factors such as aetiology, ethnicity and gestational age. In this review, evidence is presented of the pivotal relationship between progesterone and inflammation in pregnancy in terms of determining the timing of labour and delivery. The maternal inflammatory burden increases with advancing gestational age in response to endocrine, maturational, physical, metabolic and biochemical drivers, leading to functional progesterone withdrawal necessary for labour and delivery. Variability in the nature, timing and magnitude of these drivers influence the timing of delivery and the likelihood of preterm birth. Pathological inflammatory insults in pregnancy, such as infection, oxidative stress, senescence and maternal allograft rejection, can precipitate preterm birth, often involving common signalling pathways. Intrauterine infection is an important cause of early preterm birth, associated with delivery of the infants at greatest risk of death and disability; however, most preterm deliveries with intrauterine inflammatory activation are not infection-associated. This observation has important diagnostic and therapeutic implications and challenges. The key differences and similarities between infection-associated and sterile inflammation in this context are highlighted, and the clinical implications and significance of these processes and how they might be exploited are discussed.",Journal of reproductive immunology,2018.0,"Journal Article; Research Support, Non-U.S. Gov't; Review",10.1016/j.jri.2017.12.004,NCBI PubMed E-utilities,success,,PubMed co-mention retrieval baseline only; not evidence polarity classification.
repodb_04246cb3a1c31ef7,Progesterone,Premature Birth,direct,"""Progesterone"" AND ""Premature Birth""",28886866,"Genetics, hormonal influences, and preterm birth.","Prematurity is a devastating disease with high neonatal morbidity and mortality based on gestational age at birth. Genetic and hormonal signals impact directly on the maternal predisposition to preterm birth or sudden onset of myometrial contractility. Candidate gene or genome-wide approaches are beginning to identify potential variants for women at risk for premature delivery or increased responsiveness to hormonal signals including progesterone. However, a majority of these studies have not yielded definitive results to allow for at this stage for development of personalized therapy.",Seminars in perinatology,2017.0,Journal Article; Review,10.1053/j.semperi.2017.07.011,NCBI PubMed E-utilities,success,,PubMed co-mention retrieval baseline only; not evidence polarity classification.
repodb_04246cb3a1c31ef7,Progesterone,Premature Birth,direct,"""Progesterone"" AND ""Premature Birth""",40817736,Vaginal progesterone and the risk of preterm birth in patients with short cervix beyond 24 weeks.,"The efficacy of vaginal progesterone (VP) in preventing spontaneous preterm birth (sPTB) among women with a mid-trimester short cervix is well established. However, data regarding prevention of sPTB using VP beyond 24 weeks are limited and inconclusive. The aim of the present study was to evaluate the association of VP on the risk of sPTB in women diagnosed with a cervical length (CL) <25 mm beyond 24 weeks. This retrospective cohort study included women with singleton pregnancies, no history of prior PTB and CL <25 mm diagnosed between 24+0-33+6 weeks. The primary outcomes were rates of sPTB at <37, <34, <32 and <28 weeks. Among 890 eligible women, 490 received VP, and 400 did not. Women in the VP group were diagnosed earlier (29.5 ± 2.8 vs. 31.4 ± 2.4 weeks, P < 0.001) and had shorter CL (17.5 ± 5.3 vs. 19.8 ± 5 mm, P < 0.001). Logistic regression and 1:1 matched analysis, adjusted for gestational age at diagnosis and CL, showed no significant effect of VP on the risk of sPTB at <37, <34, <32, or <28 weeks. The mean interval from diagnosis to delivery was similar between groups (48.6 ± 24.0 vs. 49.5 ± 24.6 days, P = 0.57). Subgroup analysis showed no benefit of VP in asymptomatic women or those with arrested preterm labor. In women with a singleton pregnancy, no history of prior PTB and a short cervix diagnosed after 24 weeks, VP was not associated with reduced sPTB risk or prolonged pregnancy duration.",International journal of gynaecology and obstetrics: the official organ of the International Federation of Gynaecology and Obstetrics,2026.0,Journal Article,10.1002/ijgo.70465,NCBI PubMed E-utilities,success,,PubMed co-mention retrieval baseline only; not evidence polarity classification.
repodb_04246cb3a1c31ef7,Progesterone,Premature Birth,direct,"""Progesterone"" AND ""Premature Birth""",22542113,Progesterone and preterm birth prevention: translating clinical trials data into clinical practice.,"We sought to provide evidence-based guidelines for using progestogens for the prevention of preterm birth (PTB). Relevant documents, in particular randomized trials, were identified using PubMed (US National Library of Medicine, 1983 through February 2012) publications, written in English, which evaluate the effectiveness of progestogens for prevention of PTB. Progestogens evaluated were, in particular, vaginal progesterone and 17-alpha-hydroxy-progesterone caproate. Additionally, the Cochrane Library, organizational guidelines, and studies identified through review of the above were utilized to identify relevant articles. Data were evaluated according to population studied, with separate analyses for singleton vs multiple gestations, prior PTB, or short transvaginal ultrasound cervical length (CL), and combinations of these factors. Consistent with US Preventive Task Force suggestions, references were evaluated for quality based on the highest level of evidence, and recommendations were graded. Summary of randomized studies indicates that in women with singleton gestations, no prior PTB, and short CL ≤ 20 mm at ≤ 24 weeks, vaginal progesterone, either 90-mg gel or 200-mg suppository, is associated with reduction in PTB and perinatal morbidity and mortality, and can be offered in these cases. The issue of universal CL screening of singleton gestations without prior PTB for the prevention of PTB remains an object of debate. CL screening in singleton gestations without prior PTB cannot yet be universally mandated. Nonetheless, implementation of such a screening strategy can be viewed as reasonable, and can be considered by individual practitioners, following strict guidelines. In singleton gestations with prior PTB 20-36 6/7 weeks, 17-alpha-hydroxy-progesterone caproate 250 mg intramuscularly weekly, preferably starting at 16-20 weeks until 36 weeks, is recommended. In these women with prior PTB, if the transvaginal ultrasound CL shortens to < 25 mm at < 24 weeks, cervical cerclage may be offered. Progestogens have not been associated with prevention of PTB in women who have in the current pregnancy multiple gestations, preterm labor, or preterm premature rupture of membranes. There is insufficient evidence to recommend the use of progestogens in women with any of these risk factors, with or without a short CL.",American journal of obstetrics and gynecology,2012.0,Journal Article; Practice Guideline,10.1016/j.ajog.2012.03.010,NCBI PubMed E-utilities,success,,PubMed co-mention retrieval baseline only; not evidence polarity classification.
repodb_04246cb3a1c31ef7,Progesterone,Premature Birth,title_abstract,"""Progesterone""[Title/Abstract] AND ""Premature Birth""[Title/Abstract]",36712773,Preterm Birth: An Overview.,"Birth order has a significant impact on perinatal and long-term outcomes. Preterm birth rates, ranging from 5% to 18%, are regrettably still high in industrialized and developing countries, making them the main contributor to infant mortality and morbidity. Infection, cervical pathology, uterine overdistension, progesterone deficiency, stress on the mother and fetus, allograft reaction, allergic phenomena, and likely more unknown factors are just a few of the causes of preterm birth syndrome. These several causes may improperly stimulate the usual pathway between the decidua and the fetal membranes, resulting in cervical ripening, membrane rupture, and uterine contractility. Some of the mechanisms underpinning these actions include receptors, chemokines, and inflammatory cytokines. For early identification, treatment, and avoidance of negative consequences, it is essential to understand the cellular and metabolic mechanisms that cause preterm labor. Clinicians and researchers are crucial to improving our knowledge of the biochemistry of preterm delivery, identifying risk factors, and creating treatments for this challenging condition. Intrauterine growth restriction and pre-eclampsia or eclampsia are frequent causes of suspected preterm births. ""Spontaneous preterm births"" occur after preterm labor that develops without warning with an early membrane rupture. It is thought that the condition that may cause these births may have several causes, such as uterine overdistension, vascular disease, infection, or inflammation. Unplanned preterm births have several reasons, including the black race, periodontal disease, low mother body mass index (BMI), and previous preterm births. A short cervical length and a high cervical-vaginal fetal fibronectin concentration are the two best signs of premature birth.",Cureus,2022.0,Journal Article; Review,10.7759/cureus.33006,NCBI PubMed E-utilities,success,,PubMed co-mention retrieval baseline only; not evidence polarity classification.
repodb_04246cb3a1c31ef7,Progesterone,Premature Birth,title_abstract,"""Progesterone""[Title/Abstract] AND ""Premature Birth""[Title/Abstract]",40248955,Prevention of preterm birth in twin pregnancy: international Delphi consensus.,"To use the Delphi method to gain insight into approaches to prenatal diagnosis and management of preterm birth (PTB) in twin pregnancies, including complications such as twin-to-twin transfusion syndrome (TTTS) and a short and/or dilated cervix. A three-round Delphi process was conducted among an international panel of experts to assess their approach to prevention, monitoring and management strategies for PTB in twin pregnancies. Experts were selected based on their publication record or membership of related organizations. Response options were multiple-choice answers or a five-point Likert scale. A priori, a cut-off of ≥ 70% agreement was used to define consensus. A total of 117 experts participated in the first round, of whom 94/117 (80.3%) completed all subsequent rounds. Representatives came from at least 22 countries (across five continents), most commonly the USA (50.4%) and the UK (12.0%). Over 70% of experts performed routine screening of cervical length (CL) using transvaginal ultrasound at 18-23 weeks' gestation, using CL ≤ 25 mm to diagnose short cervix in twin pregnancies, regardless of a history of PTB. In twin pregnancies with a short non-dilated cervix, most experts offered vaginal progesterone rather than pessary or cervical cerclage, regardless of a history of PTB. In twin pregnancies with asymptomatic dilated cervix, consensus was reached (88.3% agreement) for placement of cervical cerclage, performed up to 24 weeks' gestation (67.5% agreement; no consensus). Similarly, 96.1% of experts agreed that performing serial transvaginal ultrasound measurements of CL at 16-24 weeks' gestation was warranted in women with a current singleton pregnancy who had a previous twin pregnancy that required physical examination-indicated cerclage; these patients should be considered high risk for PTB (83.1% agreement). In twin pregnancies with TTTS, laser surgery is offered by most experts, regardless of preoperative CL. In patients with TTTS and short CL, most experts would recommend cervical cerclage (71.9%) or vaginal progesterone (65.6%) rather than pessary or expectant management. However, no consensus was reached on measures to prevent PTB in cases of TTTS with cervical dilation. This Delphi consensus study highlights practice variations among healthcare providers worldwide in the evaluation and management of PTB in twin pregnancies, which often differ from recommendations given by national and international societies. © 2025 The Author(s). Ultrasound in Obstetrics & Gynecology published by John Wiley & Sons Ltd on behalf of International Society of Ultrasound in Obstetrics and Gynecology.",Ultrasound in obstetrics & gynecology : the official journal of the International Society of Ultrasound in Obstetrics and Gynecology,2025.0,Journal Article,10.1002/uog.29220,NCBI PubMed E-utilities,success,,PubMed co-mention retrieval baseline only; not evidence polarity classification.
repodb_04246cb3a1c31ef7,Progesterone,Premature Birth,title_abstract,"""Progesterone""[Title/Abstract] AND ""Premature Birth""[Title/Abstract]",38829974,,,,,,,NCBI PubMed E-utilities,success,,PubMed co-mention retrieval baseline only; not evidence polarity classification.
repodb_04246cb3a1c31ef7,Progesterone,Premature Birth,title_abstract,"""Progesterone""[Title/Abstract] AND ""Premature Birth""[Title/Abstract]",35178856,Progesterone receptor genetic variants in pregnant women and fetuses as possible predictors of spontaneous premature birth: A preliminary case-control study.,"To evaluate the roles of four selected genetic variations in fetal and maternal progesterone receptor gene (PGR) and to identify women who may have higher or lower odds for spontaneous premature birth compared to the general population. A preliminary case-control study with two groups of pregnant women (with term and premature delivery, 218 in total) and two groups of newborns (term and preterm, 218 in total) was performed. Four single nucleotide polymorphisms (SNPs) of the progesterone receptor gene (rs1042838, rs1042839, rs10895068, and rs1942836) were genotyped. There was statistically significant difference between cases and controls in the distribution of newborns' allele frequency of minor C allele of the PGR SNP rs1942836 (p = 0.03, Fishers' exact test) in favor of premature birth. A statistically significant difference between the frequency of the mothers' minor T allele of rs1042838 (p = 0.005; chi-squared test) and the mothers' minor T allele of rs1042839 (p = 0.005; chi-squared test) in favor of extremely premature birth has been found. There was a statistically significant difference between the frequency of the newborns' minor C allele of rs1942836 (p = 0.03; chi-squared test) and newborns' heterozygotes CT genotype of rs1942836 (p = 0.03; Fishers' exact test) when comparing the group of term births and the group of early premature birth. Our study suggests that patients with selected genetic variants of the progesterone receptor gene could have greater odds for premature birth compared to term birth. Replication studies with a larger population and different ethnicity are needed in order to confirm these findings.",The journal of obstetrics and gynaecology research,2022.0,Journal Article,10.1111/jog.15194,NCBI PubMed E-utilities,success,,PubMed co-mention retrieval baseline only; not evidence polarity classification.
repodb_04246cb3a1c31ef7,Progesterone,Premature Birth,title_abstract,"""Progesterone""[Title/Abstract] AND ""Premature Birth""[Title/Abstract]",34210207,Vaginal progesterone for prevention of preterm birth in asymptomatic high-risk women with a normal cervical length: a systematic review and meta-analysis.,"Objective: To determine whether vaginal progesterone reduces spontaneous preterm birth (sPTB) before 37 weeks in asymptomatic high-risk women with a singleton pregnancy and normal mid-gestation cervical length.Study design: Databases were searched (from inception to December 2020) with the search terms ""progesterone"" and ""premature birth"" or ""preterm birth"". Studies were screened and included if they assessed vaginal progesterone compared to placebo in women with normal cervical length. Data were pooled and synthesized in a meta-analysis using a random effects model.Data sources: MEDLINE and Embase databases.Study synthesis: Following PRISMA screening guidelines, data from 1127 women across three studies were available for synthesis. All studies had low risk of bias and were of high quality. The primary outcome was sPTB <37 weeks, with secondary outcomes of sPTB <34 weeks. Vaginal progesterone did not significantly reduce sPTB before 37 weeks, or before 34 weeks with a relative risk (RR) of 0.76 (95% CI 0.37-1.55, p = .45) and 0.51 (95% CI 0.12-2.13, p = .35), respectively.Conclusions: Vaginal progesterone does not decrease the risk of sPTB in high-risk singleton pregnancies with a normal mid-gestation cervical length.","The journal of maternal-fetal & neonatal medicine : the official journal of the European Association of Perinatal Medicine, the Federation of Asia and Oceania Perinatal Societies, the International Society of Perinatal Obstetricians",2022.0,Meta-Analysis; Systematic Review; Journal Article,10.1080/14767058.2021.1943657,NCBI PubMed E-utilities,success,,PubMed co-mention retrieval baseline only; not evidence polarity classification.
repodb_04246cb3a1c31ef7,Progesterone,Premature Birth,title_abstract,"""Progesterone""[Title/Abstract] AND ""Premature Birth""[Title/Abstract]",37502216,Comparing the efficacy of vaginal micronized progesterone gel and capsule for prevention of preterm birth in singleton pregnancies with short cervical length at midtrimester: an indirect comparison meta-analysis.,"Objective: To evaluate the effectiveness of vaginal progesterone in preventing preterm birth in women with a singleton gestation and short cervical length and to determine which of the two formulations, micronized progesterone vaginal capsule versus vaginal gel containing micronized progesterone, is more effective for preventing preterm birth. Data sources: A systematic search was performed in the following databases: EMBASE, PubMed (MEDLINE), The Cochrane Library, and the Clinical Trials Registry (clinicaltrials.gov). Study eligibility criteria: Randomized controlled trials (RCTs), prospective and retrospective observational studies were included. We searched for progesterone administration to prevent preterm birth in asymptomatic women with a shortened cervix (<25 mm) measured by ultrasound in the second trimester of singleton pregnancy. Study appraisal and synthesis methods: Assessments of the risk of bias of RCTs were performed by applying the Cochrane Collaboration's Risk of Bias Tool; non-randomized control trials were evaluated with the Newcastle-Ottawa Scale (NOS). The primary outcome was preterm birth ≤33 weeks of gestation. Pooled relative risks (RR) and 95% CI's were calculated for dichotomous outcomes. Heterogeneity of treatment effect was assessed with the I2 statistic. We pooled results of the primary outcome for individual studies using a random-effect model. We then performed a network meta-analysis to pool indirect comparisons between the two formulations (gel vs capsule). This analysis was performed using the network meta-analysis package within the R environment. Results: Five studies met the inclusion criteria (4 RCTs, one cohort study) including 1,048 women. The meta-analysis demonstrated that vaginal micronized progesterone significantly reduces preterm birth risk, Risk Ratio = 0.63; 95% CI, 0.48-0.82; p = 0.0006; with no heterogeneity between the studies: I 2 = 0%. In the network meta-analysis, no significant difference was demonstrated (OR = 0.85; 95% CI, 0.43-1.69) between the effect of the two formulations of vaginal micronized progesterone (vaginal gel versus vaginal capsules) on the risk of PTB. Conclusion: Vaginal progesterone is associated with a decreased risk of premature birth in women with a shortened cervix in the second trimester of pregnancy. No differences were found between vaginal micronized progesterone in gel or capsule formulations. Systematic Review Registration: PROSPERO, identifier CRD42020165198.",Frontiers in pharmacology,2023.0,Systematic Review; Journal Article,10.3389/fphar.2023.1153013,NCBI PubMed E-utilities,success,,PubMed co-mention retrieval baseline only; not evidence polarity classification.
repodb_04246cb3a1c31ef7,Progesterone,Premature Birth,title_abstract,"""Progesterone""[Title/Abstract] AND ""Premature Birth""[Title/Abstract]",36694081,Progress on the Role of Estrogen and Progesterone Signaling in Mouse Embryo Implantation and Decidualization.,"Embryo implantation and decidualization are key steps in establishing a successful pregnancy. Defects in embryo implantation and decidualization can cause a series of adverse chain reactions which can contribute to harmful pregnancy outcomes, such as embryo growth retardation, preeclampsia, miscarriage, premature birth, and so on. Approximately 75% of failed pregnancies are considered to be due to embryo implantation failure or defects. Decidualization, characterized by proliferation and differentiation of uterine stromal cells, is one of the essential conditions for blastocyst implantation, placental formation, and maintenance of pregnancy and is indispensable for the establishment of pregnancy in many species. Embryo implantation and decidualization are closely regulated by estrogen and progesterone secreted by the ovaries. Many cellular events and molecular signaling network pathways are involved in this process. This article reviews the recent advances in the molecular mechanisms of estrogen- and progesterone-regulating uterine receptivity establishment, blastocyst implantation, and decidualization, in order to better understand the underlying molecular mechanisms of hormonal regulation of embryo implantation and to develop new strategies for preventing or treating embryo implantation defects and improving the pregnancy rate of women.","Reproductive sciences (Thousand Oaks, Calif.)",2023.0,"Journal Article; Review; Research Support, Non-U.S. Gov't",10.1007/s43032-023-01169-0,NCBI PubMed E-utilities,success,,PubMed co-mention retrieval baseline only; not evidence polarity classification.
repodb_04246cb3a1c31ef7,Progesterone,Premature Birth,title_abstract,"""Progesterone""[Title/Abstract] AND ""Premature Birth""[Title/Abstract]",35896403,Steroid metabolome and multiple pregnancy.,"Steroid biosynthesis occurs in adrenal, gonadal, brain, liver, and placental tissues. Depending on the location of their activity, steroids can be divided into two groups - intracellular and extracellular. Intracellular ones act as transcription factors, suppressing or activating gene expression - they have a so-called genomic effect and therefore their onset of action is slow. Steroids acting extracellularly (non-genome effect) bind to neurotransmitter receptors located on the cytoplasmic cell membrane and thus affect the permeability of the ion channels, the effect of which is much faster, and we refer to them as neuroactive steroids or neurosteroids. While neuroactive steroids can be produced in different tissues of the body, or can be administered externally, neurosteroids are synthetized in cells of the nervous system. Some neuroactive steroids whose levels are extremely elevated in pregnancy (progesterone and its metabolites) are crucial in stabilizing pregnancy and changes in their concentration may influence the onset of parturition. Steroidogenic disorders may be involved in a number of pregnancy pathologies such as premature birth, pre-eclampsia, intrahepatic cholestasis in pregnancy, etc. Our research in collaboration with the Department of Steroids and Proteofactors of the Institute of Endocrinology in Prague also focuses on the investigation of multiple pregnancies in terms of biosynthesis, transport, and the effects of steroids. Studies available in the literature so far have not provided a comprehensive analysis of the steroidome in children and mothers in multiple pregnancies. The aim of our research is therefore to clarify the relationships between fetuses and mothers and between fetuses from the point of view of steroid synthesis and transport as well as the physiology and pathophysiology of human pregnancy and childbirth.",Ceska gynekologie,2022.0,Journal Article,10.48095/cccg2022217,NCBI PubMed E-utilities,success,,PubMed co-mention retrieval baseline only; not evidence polarity classification.
repodb_04246cb3a1c31ef7,Progesterone,Premature Birth,title_abstract,"""Progesterone""[Title/Abstract] AND ""Premature Birth""[Title/Abstract]",24339918,Loss of progesterone receptor-mediated actions induce preterm cellular and structural remodeling of the cervix and premature birth.,"A decline in serum progesterone or antagonism of progesterone receptor function results in preterm labor and birth. Whether characteristics of premature remodeling of the cervix after antiprogestins or ovariectomy are similar to that at term was the focus of the present study. Groups of pregnant rats were treated with vehicle, a progesterone receptor antagonist (onapristone or mifepristone), or ovariectomized on day 17 postbreeding. As expected, controls given vehicle delivered at term while rats delivered preterm after progesterone receptor antagonist treatment or ovariectomy. Similar to the cervix before term, the preterm cervix of progesterone receptor antagonist-treated rats was characterized by reduced cell nuclei density, decreased collagen content and structure, as well as a greater presence of macrophages per unit area. Thus, loss of nuclear progesterone receptor-mediated actions promoted structural remodeling of the cervix, increased census of resident macrophages, and preterm birth much like that found in the cervix at term. In contrast to the progesterone receptor antagonist-induced advance in characteristics associated with remodeling, ovariectomy-induced loss of systemic progesterone did not affect hypertrophy, extracellular collagen, or macrophage numbers in the cervix. Thus, the structure and macrophage census in the cervix appear sufficient for premature ripening and birth to occur well before term. With progesterone receptors predominantly localized on cells other than macrophages, the findings suggest that interactions between cells may facilitate the loss of progesterone receptor-mediated actions as part of a final common mechanism that remodels the cervix in certain etiologies of preterm and with parturition at term.",PloS one,2013.0,"Journal Article; Research Support, N.I.H., Extramural; Research Support, Non-U.S. Gov't",10.1371/journal.pone.0081340,NCBI PubMed E-utilities,success,,PubMed co-mention retrieval baseline only; not evidence polarity classification.
repodb_04246cb3a1c31ef7,Progesterone,Premature Birth,title_abstract,"""Progesterone""[Title/Abstract] AND ""Premature Birth""[Title/Abstract]",40004073,Variants of the Progesterone Receptor Gene as Modulators of Risk for Idiopathic Spontaneous Premature Birth.,"Premature birth (PTB) is the most common cause of perinatal mortality and morbidity. We performed a case-control study to determine whether two selected single-nucleotide polymorphisms (SNPs) of the progesterone receptor gene (PGR) (rs4754732 and rs653752) play a role in the modulation of the risk for spontaneous PTB. This study included 400 mothers (199 with premature delivery and 201 with term delivery) and 400 newborns (201 term-born and 199 premature-born) of European descent. Genotyping was performed with an ABI PRISM 7500 SDS using TaqMan SNP genotyping assays. We found no statistically significant difference in the distribution of genotypes and allele frequencies between prematurely born newborns and newborns at term for either investigated SNP. There was no statistically significant difference in the distribution of genotypes and allele frequencies between groups of mothers with extremely early and early PTB compared to the group of mothers with term births. Potential association of the mothers' C allele of rs653752 with lower odds of PTB (p = 0.03; odds ratio 1.36; 95% confidence interval 1.02-1.81; Chi-square test), and association of the mothers' CC genotype of rs653752 in the recessive inheritance model with lower odds of PTB in general (p = 0.02; odds ratio 0.54; 95% confidence interval 0.32-0.91; Chi-square test) and with a late PTB (p = 0.005, odds ratio 0.45, 95% confidence interval 0.23-0.79; Chi-square test), were found. It was also found that the mothers who were carriers of the haplotype T-G combination of rs4754732 and rs653752 were 1.5 times more likely to have PTB, even after correcting the p-value for multiple comparisons (p = 0.008; odds ratio 1.59; 95% confidence interval 1.13-2.24, Chi-square test). Further research on a larger number of subjects of these and other PGR SNPs will be needed in order to confirm the presented results.",International journal of molecular sciences,2025.0,Journal Article,10.3390/ijms26041606,NCBI PubMed E-utilities,success,,PubMed co-mention retrieval baseline only; not evidence polarity classification.
repodb_04246cb3a1c31ef7,Progesterone,Premature Birth,title_abstract,"""Progesterone""[Title/Abstract] AND ""Premature Birth""[Title/Abstract]",27326415,Vaginal progesterone on the prevention of preterm birth and neonatal complications in high risk women: A randomized placebo-controlled double-blind study.,"Preterm birth is the major cause of neonatal mortality and morbidity. The aim of this study was to evaluate the effect of prophylactic vaginal progesterone on decreasing preterm birth rate and neonatal complications in a high-risk population. A randomized, double-blind, placebo-controlled study was performed on 100 high-risk singleton pregnancies. Vaginal suppository progesterone (400 mg) or placebo was administered daily between 16-22 wks to 36 wks of gestation. Progesterone (n=50) and placebo (n=50) groups were compared for incidence of preterm delivery and neonatal complications. The preterm birth rate was 52%. Preterm birth rate before the 37 wks of gestation (68% vs. 36%: RR=1.89, 95% CI: 1.25-2.86) and also before the 34 wks of gestation (42% vs. 18%: RR=2.33, 95% CI: 1.19-4.58) in placebo group was significantly higher than progesterone group. Our study also showed that the administration of vaginal progesterone was associated with a significant reduction in the risk of birth weight ≤2500 gr, the rates of respiratory distress syndrome (RDS) and admission to the Neonatal Intensive Care Unit (NICU) in the progesterone group when compared with the placebo group. However, there was no significant difference between the two groups in terms of neonatal death, days of admission in NICU, intraventricular hemorrhage and necrotizing enterocolitis. Prophylactic vaginal progesterone reduced the rate of preterm delivery, the risk of a birth weight ≤2500 gr, the rates of RDS and admission to NICU in women who were at risk of preterm delivery.",International journal of reproductive biomedicine,2016.0,Journal Article,,NCBI PubMed E-utilities,success,,PubMed co-mention retrieval baseline only; not evidence polarity classification.
repodb_04246cb3a1c31ef7,Progesterone,Premature Birth,title_abstract,"""Progesterone""[Title/Abstract] AND ""Premature Birth""[Title/Abstract]",28768474,"Progesterone in women with arrested premature labor, a report of a randomised clinical trial and updated meta-analysis.","Progesterone may be effective in prevention of premature birth in some high risk populations. Women with arrested premature labor are at risk of recurrent labor and maintenance therapy with standard tocolytics has not been successful. Randomized double blinded clinical trial of daily treatment with 200 mg vaginal progesterone in women with arrested premature labor and an updated meta-analysis. The clinical trial was terminated early after 41 women were enrolled. Vaginal progesterone treatment did not change the median gestational age at delivery: 36+2 weeks versus 36+4 weeks, p = .865 nor increase the mean latency to delivery: 44.5 days versus 46.6 days, p = .841. In the updated meta-analysis, progesterone treatment did reduce delivery <37 weeks gestation and increase latency to delivery, but this treatment effect was not evident in the high quality trials: (OR 1.23, 95% CI 0.91, 1.67) and (-0.95 days, 95% CI -5.54, 3.64) respectively. Progesterone is not effective for preventing preterm birth following arrested preterm labor.",BMC pregnancy and childbirth,2017.0,Journal Article; Randomized Controlled Trial,10.1186/s12884-017-1400-y,NCBI PubMed E-utilities,success,,PubMed co-mention retrieval baseline only; not evidence polarity classification.
repodb_04246cb3a1c31ef7,Progesterone,Premature Birth,title_abstract,"""Progesterone""[Title/Abstract] AND ""Premature Birth""[Title/Abstract]",40814120,Comparison of oral dydrogesterone and vaginal progesterone for luteal phase support in natural and modified natural cycle frozen embryo transfers.,"This study evaluates the effectiveness of oral dydrogesterone (DYD) for luteal phase support on pregnancy outcomes in patients undergoing frozen embryo transfer with natural cycle protocols (NC-FET), compared with micronized vaginal progesterone (MVP) and combined therapy. A retrospective study analyzed 2,035 NC-FET cycles, including both natural and modified natural cycles, conducted between January 2019 and August 2022. A total of 2,035 NC-FET cycles were analyzed. Participants were categorized into three groups based on luteal phase support regimens: Group A (699 cycles) received oral DYD, Group B (433 cycles) received MVP, and Group C (903 cycles) received combination therapy. The live birth rates and neonatal outcomes were compared among the groups. The live birth rates were comparable across the groups (43.8%, 39.0%, and 42.1%; P > 0.05). No significant variations were found in clinical pregnancy rate, spontaneous miscarriage rate, ectopic pregnancy rate, premature birth rate, and newborn birth weights. Embryo implantation rates in Groups A and C were significantly higher than in Group B (44.1% and 42.9% vs. 37.8%; P = 0.029). Multi-factor regression analysis identified several independent variables influencing the live birth rate, but luteal support regimens did not significantly impact live birth rates (P > 0.05). In NC-FET cycles, oral DYD demonstrates clinical efficacy comparable to MVP and combined medication. As a monotherapy, oral DYD expands therapeutic options, offering a convenient and effective choice to improve adherence and achieve similar pregnancy outcomes. This finding is significant for guiding clinical practices towards optimal treatment strategies that prioritize patient compliance and satisfaction.",Journal of ovarian research,2025.0,Journal Article; Comparative Study,10.1186/s13048-025-01765-5,NCBI PubMed E-utilities,success,,PubMed co-mention retrieval baseline only; not evidence polarity classification.
repodb_04246cb3a1c31ef7,Progesterone,Premature Birth,title_abstract,"""Progesterone""[Title/Abstract] AND ""Premature Birth""[Title/Abstract]",38619379,Prediction and prevention of preterm birth: Quality assessment and systematic review of clinical practice guidelines using the AGREE II framework.,"Prediction of pregnancies at risk of preterm birth (PTB) may allow targeted prevention strategies. To assess quality of clinical practice guidelines (CPGs) and identify areas of agreement and contention in prediction and prevention of spontaneous PTB. We searched for CPGs regarding PTB prediction and prevention in asymptomatic singleton pregnancies without language restriction in January 2024. CPGs included were published between July 2017 and December 2023 and contained statements intended to direct clinical practice. CPG quality was assessed using the AGREE-II tool. Recommendations were extracted and grouped under domains of prediction and prevention, in general populations and high-risk groups. We included 37 CPGs from 20 organizations; all were of moderate or high quality overall. There was consensus in prediction of PTB by identification of risk factors and cervical length screening in high-risk pregnancies and prevention of PTB by universal screening and treatment for asymptomatic bacteriuria, screening and treatment for BV in high-risk pregnancies, and use of preventative progesterone and cerclage. Areas of contention or limited consensus were the role of PTB clinics, universal cervical length measurement, biomarkers and cervical pessaries. This review identified strengths and limitations of current PTB CPGs, and areas for future research.",International journal of gynaecology and obstetrics: the official organ of the International Federation of Gynaecology and Obstetrics,2024.0,Journal Article; Systematic Review,10.1002/ijgo.15514,NCBI PubMed E-utilities,success,,PubMed co-mention retrieval baseline only; not evidence polarity classification.
repodb_04246cb3a1c31ef7,Progesterone,Premature Birth,title_abstract,"""Progesterone""[Title/Abstract] AND ""Premature Birth""[Title/Abstract]",32473687,Guideline No. 398: Progesterone for Prevention of Spontaneous Preterm Birth.,"To assess the benefits and risks of progesterone therapy for women at increased risk of spontaneous preterm birth (SPB) and to make recommendations for the use of progesterone to reduce the risk of SPB and improve postnatal outcomes. To administer or withhold progesterone therapy for women deemed to be at high risk of SPB. Preterm birth, neonatal morbidity and mortality, and postnatal outcomes including neurodevelopmental outcomes. Maternity care providers, including midwives, family physicians, and obstetricians. Pregnant women at increased risk of SPB. Medline, PubMed, EMBASE, and the Cochrane Library were searched from inception to October 2018 for medical subject heading (MeSH) terms and keywords related to pregnancy, preterm birth, previous preterm birth, short cervix, uterine anomalies, cervical conization, neonatal morbidity and mortality, and postnatal outcomes. This document represents an abstraction of the evidence rather than a methodological review. This guideline was reviewed by the Maternal-Fetal Medicine Committee of the Society of Obstetricians and Gynaecologists of Canada (SOGC) and approved by the SOGC Board of Directors. Therapy with progesterone significantly reduces the risk of SPB in a subpopulation of women at increased risk. Although this therapy entails a cost to the woman in addition to the discomfort associated with its use, no other adverse effects to the mother or the baby have been identified. RECOMMENDATIONS (GRADE RATINGS IN PARENTHESES).",Journal of obstetrics and gynaecology Canada : JOGC = Journal d'obstetrique et gynecologie du Canada : JOGC,2020.0,Journal Article; Practice Guideline,10.1016/j.jogc.2019.04.012,NCBI PubMed E-utilities,success,,PubMed co-mention retrieval baseline only; not evidence polarity classification.
repodb_04246cb3a1c31ef7,Progesterone,Premature Birth,title_abstract,"""Progesterone""[Title/Abstract] AND ""Premature Birth""[Title/Abstract]",38586732,Strategies for Safeguarding High-Risk Pregnancies From Preterm Birth: A Narrative Review.,"Preterm birth is the delivery of a live fetus before the 37th week of gestation. Preterm birth may stem from various factors, including premature rupture of membranes, spontaneous preterm labor, or medically induced circumstances. Premature delivery can result in serious and long-lasting difficulties even for infants who survive, as it is the leading cause of death for infants under five years old. Numerous nations have implemented initiatives to detect and track pregnant women who may give birth before their due date. Numerous therapies are available to protect these at-risk groups from the devastating effects of premature delivery, given the complex nature of preterm birth risk factors. Among the preventive measures, prophylactic progesterone appears to hold significant promise, while cervical cerclage proves effective in cases of cervical insufficiency. Conversely, pessaries show no discernible beneficial effects in reducing the risk of preterm birth. Regular antenatal visits are imperative for frequent patient evaluation and screening for potential risk factors. Adopting a healthy lifestyle can influence the risk of developing preeclampsia, with regular physical activity, a fiber-rich diet, and smoking cessation serving to mitigate the risk of preterm birth. The efficacy of bed rest in preventing preterm birth remains inconclusive due to insufficient evidence. This study aims to explore various preventive strategies for averting premature birth in high-risk women.",Cureus,2024.0,Journal Article; Review,10.7759/cureus.55737,NCBI PubMed E-utilities,success,,PubMed co-mention retrieval baseline only; not evidence polarity classification.
repodb_04246cb3a1c31ef7,Progesterone,Premature Birth,title_abstract,"""Progesterone""[Title/Abstract] AND ""Premature Birth""[Title/Abstract]",25072736,Prediction of preterm birth in twin gestations using biophysical and biochemical tests.,"The objective of this study was to determine the performance of biophysical and biochemical tests for the prediction of preterm birth in both asymptomatic and symptomatic women with twin gestations. We identified a total of 19 tests proposed to predict preterm birth, mainly in asymptomatic women. In these women, a single measurement of cervical length with transvaginal ultrasound before 25 weeks of gestation appears to be a good test to predict preterm birth. Its clinical potential is enhanced by the evidence that vaginal progesterone administration in asymptomatic women with twin gestations and a short cervix reduces neonatal morbidity and mortality associated with spontaneous preterm delivery. Other tests proposed for the early identification of asymptomatic women at increased risk of preterm birth showed minimal to moderate predictive accuracy. None of the tests evaluated in this review meet the criteria to be considered clinically useful to predict preterm birth among patients with an episode of preterm labor. However, a negative cervicovaginal fetal fibronectin test could be useful in identifying women who are not at risk for delivering within the next week, which could avoid unnecessary hospitalization and treatment. This review underscores the need to develop accurate tests for predicting preterm birth in twin gestations. Moreover, the use of interventions in these patients based on test results should be associated with the improvement of perinatal outcomes.",American journal of obstetrics and gynecology,2014.0,"Journal Article; Research Support, N.I.H., Intramural; Review",10.1016/j.ajog.2014.07.047,NCBI PubMed E-utilities,success,,PubMed co-mention retrieval baseline only; not evidence polarity classification.
repodb_04246cb3a1c31ef7,Progesterone,Premature Birth,title_abstract,"""Progesterone""[Title/Abstract] AND ""Premature Birth""[Title/Abstract]",40635564,Universal cervical-length screening to prevent preterm birth in twin pregnancy: cost-utility analysis.,"The purpose of this cost-utility analysis was to model the clinical and economic impact of three cervical-length screening strategies among low-risk twin pregnancies: two-step universal screening (at 18-20 and 20-22 weeks), one-step universal screening (at 18-20 weeks) and no screening. This study used a decision-analytic model (decision tree and cohort state transition model) with a 100-year time horizon in a Canadian context. The population included dichorionic diamniotic twin pregnancies without a history of preterm birth or prophylactic progesterone or cerclage. The model assumed that vaginal progesterone was initiated for cervical length ≤ 25 mm and that cervical cerclage was performed plus vaginal progesterone treatment for cervical length ≤ 15mm. The primary outcomes were total lifetime health-related costs (in 2023 Canadian dollars ($)), quality-adjusted life years (QALYs) and incremental cost-effectiveness ratios. Clinical outcomes included the probability of preterm birth (≤ 28 and ≤ 34 weeks), probability of stillbirth and life expectancy. Probabilistic and deterministic sensitivity analyses were carried out. Base-case and probabilistic sensitivity analysis showed that, when compared with no screening, the two-step screening strategy increased the QALYs modestly (0.62 (95% credible interval (CrI), -0.16 to 1.41)) and decreased lifetime costs (-$2460 (95% CrI, -$4850 to $251)) by reducing the rate of preterm birth. The one-step screening strategy, although inferior to the two-step screening strategy, also increased the QALYs and reduced costs. Findings consistent with these were obtained on testing of the model assumptions with deterministic sensitivity analysis. This cost-utility analysis supports a universal two-step screening strategy for twin pregnancies in a Canadian context. Although the conclusions of this analysis are robust in terms of the sensitivity analysis, more reliable predictions of long-term costs and quality of life require more twin-specific lifetime data. Additionally, cost-utility analyses in other healthcare contexts are needed. © 2025 The Author(s). Ultrasound in Obstetrics & Gynecology published by John Wiley & Sons Ltd on behalf of International Society of Ultrasound in Obstetrics and Gynecology.",Ultrasound in obstetrics & gynecology : the official journal of the International Society of Ultrasound in Obstetrics and Gynecology,2025.0,Journal Article,10.1002/uog.29287,NCBI PubMed E-utilities,success,,PubMed co-mention retrieval baseline only; not evidence polarity classification.
repodb_04246cb3a1c31ef7,Progesterone,Premature Birth,title_abstract,"""Progesterone""[Title/Abstract] AND ""Premature Birth""[Title/Abstract]",27871275,"Rationale and design of SuPPoRT: a multi-centre randomised controlled trial to compare three treatments: cervical cerclage, cervical pessary and vaginal progesterone, for the prevention of preterm birth in women who develop a short cervix.","Clinically, once a woman has been identified as being at risk of spontaneous preterm birth (sPTB) due to a short cervical length, a decision regarding prophylactic treatment must be made. Three interventions have the potential to improve outcomes: cervical cerclage (stitch), vaginal progesterone and cervical pessary. Each has been shown to have similar benefit in reduction of sPTB, but there have been no randomised control trials (RCTs) to compare them. This open label multi-centre UK RCT trial, will evaluate whether the three interventions are equally efficacious to prevent premature birth in women who develop a short cervix (<25 mm on transvaginal ultrasound). Participants will be asymptomatic and between 14+0 and 23+6 weeks' gestation in singleton pregnancies. Eligible women will be randomised to cervical cerclage, Arabin pessary or vaginal progesterone (200 mg once daily) (n = 170 women per group). The obstetric endpoints are premature birth rate <37 weeks' of gestation (primary), 34 weeks and 30 weeks (secondary outcomes) and short-term neonatal outcomes (a composite of death and major morbidity). It will also explore whether intervention success can be predicted by pre-intervention biomarker status. Preterm birth is the leading cause of perinatal morbidity and mortality and a short cervix is a useful way of identifying those most at risk. However, best management of these women has presented a clinical conundrum for decades. Given the promise offered by cerclage, Arabin pessary and vaginal progesterone for prevention of preterm birth in individual trials, direct comparison of these prophylactic interventions is now essential to establish whether one treatment is superior. If, as we hypothesise, the three interventions are equally efficacious, this study will empower women to make a choice of treatments based on personal preference and quality of life issues also explored by the study. Our exploratory analysis into whether the response to intervention is related to the pre-intervention biomarker status further our understanding of the pathophysiology of spontaneous preterm birth and help focus future research questions. EudraCT Number: 2015-000456-15 . Registered 11th March 2015.",BMC pregnancy and childbirth,2016.0,"Journal Article; Multicenter Study; Randomized Controlled Trial; Research Support, Non-U.S. Gov't",10.1186/s12884-016-1148-9,NCBI PubMed E-utilities,success,,PubMed co-mention retrieval baseline only; not evidence polarity classification.
repodb_04246cb3a1c31ef7,Progesterone,Premature Birth,title_abstract,"""Progesterone""[Title/Abstract] AND ""Premature Birth""[Title/Abstract]",41576138,"Pregnancy outcomes in women at high risk of preterm birth receiving a vaginal cervical cerclage with, or without, progesterone: A retrospective, secondary analysis of the C-STICH randomised controlled trial data.","Vaginal cervical cerclage and progesterone are established treatments for prevention of pregnancy loss and prematurity. There is limited data to assess the effect of these treatments in combination. The objective of this study was to investigate the association between progesterone and no progesterone treatment on pregnancy outcomes in women at high risk of preterm birth who had received a vaginal cervical cerclage. This is a secondary post-hoc analysis of women recruited to the C-STICH randomised controlled trial, which recruited in 75 obstetric units in the UK between 2015 and 2021. In the C-STICH trial, women with a singleton pregnancy, receiving a vaginal cervical cerclage due to a history of pregnancy loss or premature birth, or if indicated by ultrasound, were randomised to cerclage with braided or monofilament suture, with a primary outcome of pregnancy loss, defined as miscarriage, stillbirth, or neonatal death in the first week of life. In this secondary analysis, the primary outcome was pregnancy loss, defined as miscarriage and perinatal mortality, including any stillbirth or neonatal death in the first week of life. Secondary maternal outcomes included miscarriage and previable neonatal death; stillbirth; gestational age at delivery; preterm pre labour rupture of membranes, and sepsis. Secondary neonatal outcomes included early/late neonatal death and sepsis. For each outcome, regression models were fitted adjusting for prespecified prognostic variables. From the 2,048 women recruited to C-STICH, 1943 (95%) women had a vaginal cerclage placed and available progesterone data. Of these, 834 (43%) women received progesterone and 1,109 (57%) did not receive progesterone. In women with primary outcome data available, in our predefined analysis pregnancy loss occurred in 49 (5.9%) of 832 women who received progesterone and 91 (8.3%) of 1,103 women who did not receive progesterone (adjusted* risk ratio 0.70 (95% confidence interval (CI) [0.50, 0.99]); adjusted risk difference -0.02 (95% CI [-0.04, -0.001], *adjusted for indication, obstetric history, surgical technique, and maternal age). Further exploratory analysis excluding women who had termination of pregnancy for foetal anomaly demonstrated a nonsignificant reduction in the risk of pregnancy loss. Key limitations of this study include a nonrandomised trial design and unknown confounding relating to variation in progesterone use. In women with a vaginal cervical cerclage and concomitant progesterone there appears to be an association with a reduced risk of pregnancy loss. This combination therapy may be an important opportunity to further reduce the risk of pregnancy loss in this high-risk cohort.",PLoS medicine,2026.0,Journal Article,10.1371/journal.pmed.1004513,NCBI PubMed E-utilities,success,,PubMed co-mention retrieval baseline only; not evidence polarity classification.
repodb_04246cb3a1c31ef7,Progesterone,Premature Birth,clinical,"""Progesterone"" AND ""Premature Birth"" AND (trial OR clinical OR patient OR therapy)",39012912,"Comparing cervical cerclage, pessary and vaginal progesterone for prevention of preterm birth in women with a short cervix (SuPPoRT): A multicentre randomised controlled trial.","Cervical cerclage, cervical pessary, and vaginal progesterone have each been shown to reduce preterm birth (PTB) in high-risk women, but to our knowledge, there has been no randomised comparison of the 3 interventions. The SuPPoRT ""Stitch, Pessary, or Progesterone Randomised Trial"" was designed to compare the rate of PTB <37 weeks between each intervention in women who develop a short cervix in pregnancy. SuPPoRT was a multicentre, open label 3-arm randomised controlled trial designed to demonstrate equivalence (equivalence margin 20%) conducted from 1 July 2015 to 1 July 2021 in 19 obstetric units in the United Kingdom. Asymptomatic women with singleton pregnancies with transvaginal ultrasound cervical lengths measuring <25 mm between 14+0 and 23+6 weeks' gestation were eligible for randomisation (1:1:1) to receive either vaginal cervical cerclage (n = 128), cervical pessary (n = 126), or vaginal progesterone (n = 132). Minimisation variables were gestation at recruitment, body mass index (BMI), and risk factor for PTB. The primary outcome was PTB <37 weeks' gestation. Secondary outcomes included PTB <34 weeks', <30 weeks', and adverse perinatal outcome. Analysis was by intention to treat. A total of 386 pregnant women between 14+0 and 23+6 weeks' gestation with a cervical length <25 mm were randomised to one of the 3 interventions. Of these women, 67% were of white ethnicity, 18% black ethnicity, and 7.5% Asian ethnicity. Mean BMI was 25.6. Over 85% of women had prior risk factors for PTB; 39.1% had experienced a spontaneous PTB or midtrimester loss (>14 weeks gestation); and 45.8% had prior cervical surgery. Data from 381 women were available for outcome analysis. Using binary regression, randomised therapies (cerclage versus pessary versus vaginal progesterone) were found to have similar effects on the primary outcome PTB <37 weeks (39/127 versus 38/122 versus 32/132, p = 0.4, cerclage versus pessary risk difference (RD) -0.7% [-12.1 to 10.7], cerclage versus progesterone RD 6.2% [-5.0 to 17.0], and progesterone versus pessary RD -6.9% [-17.9 to 4.1]). Similarly, no difference was seen for PTB <34 and 30 weeks, nor adverse perinatal outcome. There were some differences in the mild side effect profile between interventions (vaginal discharge and bleeding) and women randomised to progesterone reported more severe abdominal pain. A small proportion of women did not receive the intervention as per protocol; however, per-protocol and as-treated analyses showed similar results. The main study limitation was that the trial was underpowered for neonatal outcomes and was stopped early due to the COVID-19 pandemic. In this study, we found that for women who develop a short cervix, cerclage, pessary, and vaginal progesterone were equally efficacious at preventing PTB, as judged with a 20% equivalence margin. Commencing with any of the therapies would be reasonable clinical management. These results can be used as a counselling tool for clinicians when managing women with a short cervix. EU Clinical Trials register. EudraCT Number: 2015-000456-15, clinicaltrialsregister.eu., ISRCTN Registry: ISRCTN13364447, isrctn.com.",PLoS medicine,2024.0,Journal Article; Multicenter Study; Randomized Controlled Trial; Comparative Study; Equivalence Trial,10.1371/journal.pmed.1004427,NCBI PubMed E-utilities,success,,PubMed co-mention retrieval baseline only; not evidence polarity classification.
repodb_04246cb3a1c31ef7,Progesterone,Premature Birth,clinical,"""Progesterone"" AND ""Premature Birth"" AND (trial OR clinical OR patient OR therapy)",29157866,Vaginal progesterone for preventing preterm birth and adverse perinatal outcomes in singleton gestations with a short cervix: a meta-analysis of individual patient data.,"The efficacy of vaginal progesterone for preventing preterm birth and adverse perinatal outcomes in singleton gestations with a short cervix has been questioned after publication of the OPPTIMUM study. To determine whether vaginal progesterone prevents preterm birth and improves perinatal outcomes in asymptomatic women with a singleton gestation and a midtrimester sonographic short cervix. We searched MEDLINE, EMBASE, LILACS, and CINAHL (from their inception to September 2017); Cochrane databases; bibliographies; and conference proceedings for randomized controlled trials comparing vaginal progesterone vs placebo/no treatment in women with a singleton gestation and a midtrimester sonographic cervical length ≤25 mm. This was a systematic review and meta-analysis of individual patient data. The primary outcome was preterm birth <33 weeks of gestation. Secondary outcomes included adverse perinatal outcomes and neurodevelopmental and health outcomes at 2 years of age. Individual patient data were analyzed using a 2-stage approach. Pooled relative risks with 95% confidence intervals were calculated. Quality of evidence was assessed using the GRADE methodology. Data were available from 974 women (498 allocated to vaginal progesterone, 476 allocated to placebo) with a cervical length ≤25 mm participating in 5 high-quality trials. Vaginal progesterone was associated with a significant reduction in the risk of preterm birth <33 weeks of gestation (relative risk, 0.62; 95% confidence interval, 0.47-0.81; P = .0006; high-quality evidence). Moreover, vaginal progesterone significantly decreased the risk of preterm birth <36, <35, <34, <32, <30, and <28 weeks of gestation; spontaneous preterm birth <33 and <34 weeks of gestation; respiratory distress syndrome; composite neonatal morbidity and mortality; birthweight <1500 and <2500 g; and admission to the neonatal intensive care unit (relative risks from 0.47-0.82; high-quality evidence for all). There were 7 (1.4%) neonatal deaths in the vaginal progesterone group and 15 (3.2%) in the placebo group (relative risk, 0.44; 95% confidence interval, 0.18-1.07; P = .07; low-quality evidence). Maternal adverse events, congenital anomalies, and adverse neurodevelopmental and health outcomes at 2 years of age did not differ between groups. Vaginal progesterone decreases the risk of preterm birth and improves perinatal outcomes in singleton gestations with a midtrimester sonographic short cervix, without any demonstrable deleterious effects on childhood neurodevelopment.",American journal of obstetrics and gynecology,2018.0,"Journal Article; Meta-Analysis; Research Support, Non-U.S. Gov't; Systematic Review",10.1016/j.ajog.2017.11.576,NCBI PubMed E-utilities,success,,PubMed co-mention retrieval baseline only; not evidence polarity classification.
repodb_04246cb3a1c31ef7,Progesterone,Premature Birth,clinical,"""Progesterone"" AND ""Premature Birth"" AND (trial OR clinical OR patient OR therapy)",34896357,Prevention of preterm birth in twin pregnancies.,"Twins represent 3.2% of all live births; however, they account for 20.0% of all preterm deliveries, with 60.0% and 10.7% of twins delivered before 37 and 32 weeks' gestation, respectively. Twin pregnancies have 5 times higher risk of early neonatal and infant death related to prematurity. Monochorionic twins have a higher incidence of both indicated and spontaneous preterm delivery than dichorionic twins. Transvaginal ultrasound of the cervical length before 24 weeks' gestation is the best tool to predict preterm birth, independent of other risk factors. Among all evaluated therapies to decrease or prevent preterm birth in twin pregnancies, the use of vaginal progesterone in women with a transvaginal cervical length of <25 mm decreased neonatal morbidity, and physical examination-indicated cerclage in women with a cervical dilation of >1 cm showed a significant decrease in preterm birth at different gestational ages and perinatal mortality.",American journal of obstetrics & gynecology MFM,2022.0,Journal Article; Review,10.1016/j.ajogmf.2021.100551,NCBI PubMed E-utilities,success,,PubMed co-mention retrieval baseline only; not evidence polarity classification.
repodb_04246cb3a1c31ef7,Progesterone,Premature Birth,clinical,"""Progesterone"" AND ""Premature Birth"" AND (trial OR clinical OR patient OR therapy)",33773630,Evaluating Progestogens for Preventing Preterm birth International Collaborative (EPPPIC): meta-analysis of individual participant data from randomised controlled trials.,"Preterm birth is a global health priority. Using a progestogen during high-risk pregnancy could reduce preterm birth and adverse neonatal outcomes. We did a systematic review of randomised trials comparing vaginal progesterone, intramuscular 17-hydroxyprogesterone caproate (17-OHPC), or oral progesterone with control, or with each other, in asymptomatic women at risk of preterm birth. We identified published and unpublished trials that completed primary data collection before July 30, 2016, (12 months before data collection began), by searching MEDLINE, Embase, CINAHL, the Maternity and Infant Care Database, and relevant trial registers between inception and July 30, 2019. Trials of progestogen to prevent early miscarriage or immediately-threatened preterm birth were excluded. Individual participant data were requested from investigators of eligible trials. Outcomes included preterm birth, early preterm birth, and mid-trimester birth. Adverse neonatal sequelae associated with early births were assessed using a composite of serious neonatal complications, and individually. Adverse maternal outcomes were investigated as a composite and individually. Individual participant data were checked and risk of bias assessed independently by two researchers. Primary meta-analyses used one-stage generalised linear mixed models that incorporated random effects to allow for heterogeneity across trials. This meta-analysis is registered with PROSPERO, CRD42017068299. Initial searches identified 47 eligible trials. Individual participant data were available for 30 of these trials. An additional trial was later included in a targeted update. Data were therefore available from a total of 31 trials (11 644 women and 16185 offspring). Trials in singleton pregnancies included mostly women with previous spontaneous preterm birth or short cervix. Preterm birth before 34 weeks was reduced in such women who received vaginal progesterone (nine trials, 3769 women; relative risk [RR] 0·78, 95% CI 0·68-0·90), 17-OHPC (five trials, 3053 women; 0·83, 0·68-1·01), and oral progesterone (two trials, 181 women; 0·60, 0·40-0·90). Results for other birth and neonatal outcomes were consistently favourable, but less certain. A possible increase in maternal complications was suggested, but this was uncertain. We identified no consistent evidence of treatment interaction with any participant characteristics examined, although analyses within subpopulations questioned efficacy in women who did not have a short cervix. Trials in multifetal pregnancies mostly included women without additional risk factors. For twins, vaginal progesterone did not reduce preterm birth before 34 weeks (eight trials, 2046 women: RR 1·01, 95% CI 0·84-1·20) nor did 17-OHPC for twins or triplets (eight trials, 2253 women: 1·04, 0·92-1·18). Preterm premature rupture of membranes was increased with 17-OHPC exposure in multifetal gestations (rupture <34 weeks RR 1·59, 95% CI 1·15-2·22), but we found no consistent evidence of benefit or harm for other outcomes with either vaginal progesterone or 17-OHPC. Vaginal progesterone and 17-OHPC both reduced birth before 34 weeks' gestation in high-risk singleton pregnancies. Given increased underlying risk, absolute risk reduction is greater for women with a short cervix, hence treatment might be most useful for these women. Evidence for oral progesterone is insufficient to support its use. Shared decision making with woman with high-risk singleton pregnancies should discuss an individual's risk, potential benefits, harms and practicalities of intervention. Treatment of unselected multifetal pregnancies with a progestogen is not supported by the evidence. Patient-Centered Outcomes Research Institute.","Lancet (London, England)",2021.0,Journal Article; Meta-Analysis; Systematic Review,10.1016/S0140-6736(21)00217-8,NCBI PubMed E-utilities,success,,PubMed co-mention retrieval baseline only; not evidence polarity classification.
repodb_04246cb3a1c31ef7,Progesterone,Premature Birth,clinical,"""Progesterone"" AND ""Premature Birth"" AND (trial OR clinical OR patient OR therapy)",35168930,Interventions to prevent spontaneous preterm birth in women with singleton pregnancy who are at high risk: systematic review and network meta-analysis.,"To compare the efficacy of bed rest, cervical cerclage (McDonald, Shirodkar, or unspecified type of cerclage), cervical pessary, fish oils or omega fatty acids, nutritional supplements (zinc), progesterone (intramuscular, oral, or vaginal), prophylactic antibiotics, prophylactic tocolytics, combinations of interventions, placebo or no treatment (control) to prevent spontaneous preterm birth in women with a singleton pregnancy and a history of spontaneous preterm birth or short cervical length. Systematic review with bayesian network meta-analysis. The Cochrane Pregnancy and Childbirth Group's Database of Trials, the Cochrane Central Register of Controlled Trials, Medline, Embase, CINAHL, relevant journals, conference proceedings, and registries of ongoing trials. Randomised controlled trials of pregnant women who are at high risk of spontaneous preterm birth because of a history of spontaneous preterm birth or short cervical length. No language or date restrictions were applied. Seven maternal outcomes and 11 fetal outcomes were analysed in line with published core outcomes for preterm birth research. Relative treatment effects (odds ratios and 95% credible intervals) and certainty of evidence are presented for outcomes of preterm birth <34 weeks and perinatal death. Sixty one trials (17 273 pregnant women) contributed data for the analysis of at least one outcome. For preterm birth <34 weeks (40 trials, 13 310 pregnant women) and with placebo or no treatment as the comparator, vaginal progesterone was associated with fewer women with preterm birth <34 weeks (odds ratio 0.50, 95% credible interval 0.34 to 0.70, high certainty of evidence). Shirodkar cerclage showed the largest effect size (0.06, 0.00 to 0.84), but the certainty of evidence was low. 17OHPC (17α-hydroxyprogesterone caproate; 0.68, 0.43 to 1.02, moderate certainty), vaginal pessary (0.65, 0.39 to 1.08, moderate certainty), and fish oil or omega 3 (0.30, 0.06 to 1.23, moderate certainty) might also reduce preterm birth <34 weeks compared with placebo or no treatment. For the fetal outcome of perinatal death (30 trials, 12 119 pregnant women) and with placebo or no treatment as the comparator, vaginal progesterone was the only treatment that showed clear evidence of benefit for this outcome (0.66, 0.44 to 0.97, moderate certainty). 17OHPC (0.78, 0.50 to 1.21, moderate certainty), McDonald cerclage (0.59, 0.33 to 1.03, moderate certainty), and unspecified cerclage (0.77, 0.53 to 1.11, moderate certainty) might reduce perinatal death rates, but credible intervals could not exclude the possibility of harm. Only progesterone treatments are associated with reduction in neonatal respiratory distress syndrome, neonatal sepsis, necrotising enterocolitis, and admission to neonatal intensive care unit compared with controls. Vaginal progesterone should be considered the preventative treatment of choice for women with singleton pregnancy identified to be at risk of spontaneous preterm birth because of a history of spontaneous preterm birth or short cervical length. Future randomised controlled trials should use vaginal progesterone as a comparator to identify better treatments or combination treatments. PROSPERO CRD42020169006.",BMJ (Clinical research ed.),2022.0,"Comparative Study; Journal Article; Network Meta-Analysis; Research Support, Non-U.S. Gov't; Systematic Review",10.1136/bmj-2021-064547,NCBI PubMed E-utilities,success,,PubMed co-mention retrieval baseline only; not evidence polarity classification.
repodb_04246cb3a1c31ef7,Progesterone,Premature Birth,clinical,"""Progesterone"" AND ""Premature Birth"" AND (trial OR clinical OR patient OR therapy)",38847312,[Not Available].,"This review summarises the present knowledge of prophylactic progesterone and preterm birth. Preterm birth (less-than 37 weeks) is a leading cause of neonatal mortality and morbidity worldwide. The incidence varies globally but remains low in the Nordic countries (5-6%). Prediction and prevention are complicated due to diverse aetiology, but obstetric history and cervical length can improve prediction. Prophylactic vaginal progesterone initiated between 12 and 24 weeks of gestation is recommended to reduce preterm birth less-than 33-35 weeks in singleton pregnancies with a history of preterm birth or with a short cervix (less-than 25 mm) and can be considered for twin pregnancies with the same risk factors.",Ugeskrift for laeger,2024.0,Journal Article; Review; English Abstract,10.61409/V10230636,NCBI PubMed E-utilities,success,,PubMed co-mention retrieval baseline only; not evidence polarity classification.
repodb_04246cb3a1c31ef7,Progesterone,Premature Birth,clinical,"""Progesterone"" AND ""Premature Birth"" AND (trial OR clinical OR patient OR therapy)",27889000,Not transabdominal!,"Preterm birth remains a major cause of perinatal morbidity and mortality. A short cervix is strongly associated with spontaneous preterm birth. Professional organizations support cervical length screening for singleton gestations with a prior spontaneous preterm birth and second-trimester cervical length measurements between 16-24 weeks. All interventions used to decrease the risk of preterm birth in women with a short cervix are based on clinical trials that used transvaginal cervical length measurement, but transabdominal ultrasound has been shown to correlate well with transvaginal measurement in some observational studies. Transvaginal cervical length measurement is more accurate and more reliably obtained than the transabdominal approach. Conversely, transabdominal ultrasound could have the advantage of ease of implementation and, in general, is perceived by patients to be associated with less discomfort. Currently, there is no randomized clinical study that compares head-to-head the effectiveness of transvaginal vs transabdominal ultrasound for preterm birth risk screening. This point/counterpoint article summarizes the pros and cons of the 2 ultrasound approaches and debates whether transvaginal ultrasound should be used exclusively or if transabdominal ultrasound can be incorporated in cervical length screening for prevention of preterm birth.",American journal of obstetrics and gynecology,2016.0,Editorial,10.1016/j.ajog.2016.07.019,NCBI PubMed E-utilities,success,,PubMed co-mention retrieval baseline only; not evidence polarity classification.
repodb_04246cb3a1c31ef7,Progesterone,Premature Birth,clinical,"""Progesterone"" AND ""Premature Birth"" AND (trial OR clinical OR patient OR therapy)",37196896,Vaginal progesterone for preventing preterm birth and adverse perinatal outcomes in twin gestations: a systematic review and meta-analysis.,"To evaluate the efficacy of vaginal progesterone for the prevention of preterm birth and adverse perinatal outcomes in twin gestations. MEDLINE, Embase, LILACS, and CINAHL (from their inception to January 31, 2023), Cochrane databases, Google Scholar, bibliographies, and conference proceedings. Randomized controlled trials that compared vaginal progesterone to placebo or no treatment in asymptomatic women with a twin gestation. The systematic review was conducted according to the Cochrane Handbook for Systematic Reviews of Interventions. The primary outcome was preterm birth <34 weeks of gestation. Secondary outcomes included adverse perinatal outcomes. Pooled relative risks with 95% confidence intervals were calculated. We assessed the risk of bias in each included study, heterogeneity, publication bias, and quality of evidence, and performed subgroup and sensitivity analyses. Eleven studies (3401 women and 6802 fetuses/infants) fulfilled the inclusion criteria. Among all twin gestations, there were no significant differences between the vaginal progesterone and placebo or no treatment groups in the risk of preterm birth <34 weeks (relative risk, 0.99; 95% confidence interval, 0.84-1.17; high-quality evidence), <37 weeks (relative risk, 0.99; 95% confidence interval, 0.92-1.06; high-quality evidence), and <28 weeks (relative risk, 1.00; 95% confidence interval, 0.64-1.55; moderate-quality evidence), and spontaneous preterm birth <34 weeks of gestation (relative risk, 0.97; 95% confidence interval, 0.80-1.18; high-quality evidence). Vaginal progesterone had no significant effect on any of the perinatal outcomes evaluated. Subgroup analyses showed that there was no evidence of a different effect of vaginal progesterone on preterm birth <34 weeks of gestation related to chorionicity, type of conception, history of spontaneous preterm birth, daily dose of vaginal progesterone, and gestational age at initiation of treatment. The frequencies of preterm birth <37, <34, <32, <30, and <28 weeks of gestation and adverse perinatal outcomes did not significantly differ between the vaginal progesterone and placebo or no treatment groups in unselected twin gestations (8 studies; 3274 women and 6548 fetuses/infants). Among twin gestations with a transvaginal sonographic cervical length <30 mm (6 studies; 306 women and 612 fetuses/infants), vaginal progesterone was associated with a significant decrease in the risk of preterm birth occurring at <28 to <32 gestational weeks (relative risks, 0.48-0.65; moderate- to high-quality evidence), neonatal death (relative risk, 0.32; 95% confidence interval, 0.11-0.92; moderate-quality evidence), and birthweight <1500 g (relative risk, 0.60; 95% confidence interval, 0.39-0.88; high-quality evidence). Vaginal progesterone significantly reduced the risk of preterm birth occurring at <28 to <34 gestational weeks (relative risks, 0.41-0.68), composite neonatal morbidity and mortality (relative risk, 0.59; 95% confidence interval, 0.33-0.98), and birthweight <1500 g (relative risk, 0.55; 95% confidence interval, 0.33-0.94) in twin gestations with a transvaginal sonographic cervical length ≤25 mm (6 studies; 95 women and 190 fetuses/infants). The quality of evidence was moderate for all these outcomes. Vaginal progesterone does not prevent preterm birth, nor does it improve perinatal outcomes in unselected twin gestations, but it appears to reduce the risk of preterm birth occurring at early gestational ages and of neonatal morbidity and mortality in twin gestations with a sonographic short cervix. However, more evidence is needed before recommending this intervention to this subset of patients.",American journal of obstetrics and gynecology,2023.0,"Meta-Analysis; Systematic Review; Journal Article; Research Support, N.I.H., Intramural; Research Support, N.I.H., Extramural",10.1016/j.ajog.2023.05.010,NCBI PubMed E-utilities,success,,PubMed co-mention retrieval baseline only; not evidence polarity classification.
repodb_04246cb3a1c31ef7,Progesterone,Premature Birth,clinical,"""Progesterone"" AND ""Premature Birth"" AND (trial OR clinical OR patient OR therapy)",37211087,Combined vaginal progesterone and cervical cerclage in the prevention of preterm birth: a systematic review and meta-analysis.,"Vaginal progesterone and cervical cerclage are both effective interventions for reducing preterm birth. It is currently unclear whether combined therapy offers superior effectiveness than single therapy. This study aimed to determine the efficacy of combining cervical cerclage and vaginal progesterone in the prevention of preterm birth. We searched Medline (Ovid), EMBASE (Ovid), PsycINFO (Ovid), CINAHL (EBSCOhost), Cochrane Library (Wiley), and Scopus (from their inception to 2020). The review accepted randomized and pseudorandomized control trials, nonrandomized experimental control trials, and cohort studies. High risk patients (shortened cervical length <25mm or previous preterm birth) who were assigned cervical cerclage, vaginal progesterone, or both for the prevention of preterm birth were included. Only singleton pregnancies were assessed. The primary outcome was birth <37 weeks. Secondary outcomes included birth <28 weeks, <32 weeks and <34 weeks, gestational age at delivery, days between intervention and delivery, preterm premature rupture of membranes, cesarean delivery, neonatal mortality, neonatal intensive care unit admission, intubation, and birthweight. Following title and full-text screening, 11 studies were included in the final analysis. Risk of bias was assessed using the Cochrane Collaboration tool for assessing the risk of bias (ROBINS-I and RoB-2). Quality of evidence was assessed using the GRADE (Grading of Recommendations, Assessment, Development, and Evaluations) tool. Combined therapy was associated with lower risk of preterm birth at <37 weeks than cerclage alone (risk ratio, 0.51; 95% confidence interval, 0.37-0.79) or progesterone alone (risk ratio, 0.75; 95% confidence interval, 0.58-0.96). Compared with cerclage only, combined therapy was associated with preterm birth at <34 weeks, <32 weeks, or <28 weeks, decreased neonatal mortality, increased birthweight, increased gestational age, and a longer interval between intervention and delivery. Compared with progesterone alone, combined therapy was associated with preterm birth at <32 weeks, <28 weeks, decreased neonatal mortality, increased birthweight, and increased gestational age. There were no differences in any other secondary outcomes. Combined treatment of cervical cerclage and vaginal progesterone could potentially result in a greater reduction in preterm birth than in single therapy. Further, well-conducted and adequately powered randomized controlled trials are needed to assess these promising findings.",American journal of obstetrics & gynecology MFM,2023.0,Meta-Analysis; Systematic Review; Journal Article,10.1016/j.ajogmf.2023.101024,NCBI PubMed E-utilities,success,,PubMed co-mention retrieval baseline only; not evidence polarity classification.
repodb_04246cb3a1c31ef7,Progesterone,Premature Birth,clinical,"""Progesterone"" AND ""Premature Birth"" AND (trial OR clinical OR patient OR therapy)",36806843,Progesterone for women with threatened miscarriage (STOP trial): a placebo-controlled randomized clinical trial.,"In women with threatened miscarriage, does progesterone supplementation until the completion of the first trimester of pregnancy increase the probability of live birth? In women with threatened miscarriage, 400 mg vaginal progesterone nightly, from onset of bleeding until 12 weeks, did not increase live birth rates. Limited evidence has indicated that vaginal micronized progesterone may make little or no difference to the live birth rate when compared with placebo in women with threatened miscarriage. Subgroup analysis of one recent randomized trial reported that in women with bleeding and at least one previous miscarriage, progesterone might be of benefit. We performed a randomized, double-blinded, placebo-controlled trial between February 2012 and April 2019. Eligible pregnant women under 10 weeks gestation, experiencing a threatened miscarriage as apparent from vaginal bleeding were randomized into two groups in a 1:1 ratio: the intervention group received 400 mg progesterone as vaginal pessaries, the control group received placebo vaginal pessaries, both until 12 weeks gestation. The primary endpoint was live birth. We planned to randomize 386 women (193 per group). The study was stopped at a planned interim analysis for futility after randomization of 278 women. This trial was conducted at the Mater Mothers' Hospital, a tertiary centre for maternity care in South Brisbane, Queensland, Australia. We randomized 139 women to the intervention group and 139 women to the placebo group. Primary outcome data were available for 136 women in the intervention group and 133 women in the placebo group. The live birth rates were 82.4% (112/136) and 84.2% (112/133) in the intervention group and placebo group, respectively (risk ratio (RR) 0.98, 95% CI 0.88 to 1.09; risk difference -0.02, 95% CI -0.11 to 0.07; P = 0.683). Among women with at least one previous miscarriage, live birth rates were 80.6% (54/67) and 84.4% (65/77) (RR 0.95, 95% CI 0.82-1.11; P = 0.550). No significant effect was seen from progesterone in women with two (RR 1.28, 95% CI 0.96-1.72; P = 0.096) or more (RR 0.79, 95% CI 0.53-1.19; P = 0.267) previous miscarriages. Preterm birth rates were 12.9% and 9.3%, respectively (RR 1.38; 95% CI 0.69 to 2.78; P = 0.361). Median birth weight was 3310 vs 3300 g (P = 0.992). There were also no other significant differences in obstetric and perinatal outcomes. Our study was single centre and did not reach the planned sample size because it was stopped prematurely at an interim analysis. We did not find evidence supporting the treatment effect of vaginal progesterone in women with threatened miscarriage. Progesterone in this setting should not be routinely used for threatened miscarriage. The treatment effect in women with threatened miscarriage after previous miscarriages warrants further research. Mothers' and babies Golden Casket Clinical Fellowship (L.A.M.). Progesterone and placebo pessaries were provided by Perrigo Australia.B.W.J.M. reports grants from NHMRC, personal fees from ObsEva, personal fees from Merck KGaA, personal fees from Guerbet, personal fees from iGenomix, outside the submitted work. ACTRN12611000405910. 19 April 2011. 06 February 2012.","Human reproduction (Oxford, England)",2023.0,"Randomized Controlled Trial; Journal Article; Research Support, Non-U.S. Gov't",10.1093/humrep/dead029,NCBI PubMed E-utilities,success,,PubMed co-mention retrieval baseline only; not evidence polarity classification.
repodb_04246cb3a1c31ef7,Progesterone,Premature Birth,clinical,"""Progesterone"" AND ""Premature Birth"" AND (trial OR clinical OR patient OR therapy)",35460628,Does vaginal progesterone prevent recurrent preterm birth in women with a singleton gestation and a history of spontaneous preterm birth? Evidence from a systematic review and meta-analysis.,"To assess the efficacy and safety of vaginal progesterone to prevent recurrent preterm birth and adverse perinatal outcomes in singleton gestations with a history of spontaneous preterm birth. MEDLINE, Embase, LILACS, and CINAHL (from their inception to February 28, 2022), Cochrane databases, Google Scholar, bibliographies, and conference proceedings. Randomized controlled trials that compared vaginal progesterone to placebo or no treatment in asymptomatic women with a singleton gestation and a history of spontaneous preterm birth. The primary outcomes were preterm birth <37 and <34 weeks of gestation. The secondary outcomes included adverse maternal and perinatal outcomes. Pooled relative risks with 95% confidence intervals were calculated. We assessed the risk of bias in the included studies, heterogeneity (I2 test), small-study effects, publication bias, and quality of evidence; performed subgroup and sensitivity analyses; and calculated 95% prediction intervals and adjusted relative risks. Ten studies (2958 women) met the inclusion criteria: 7 with a sample size <150 (small studies) and 3 with a sample size >600 (large studies). Among the 7 small studies, 4 were at high risk of bias, 2 were at some concerns of bias, and only 1 was at low risk of bias. All the large studies were at low risk of bias. Vaginal progesterone significantly decreased the risk of preterm birth <37 weeks (relative risk, 0.64; 95% confidence interval, 0.50-0.81; I2=75%; 95% prediction interval, 0.31-1.32; very low-quality evidence) and <34 weeks (relative risk, 0.62; 95% confidence interval, 0.42-0.92; I2=66%; 95% prediction interval, 0.23-1.68; very low-quality evidence), and the risk of admission to the neonatal intensive care unit (relative risk, 0.53; 95% confidence interval, 0.33-0.85; I2=67%; 95% prediction interval, 0.16-1.79; low-quality evidence). There were no significant differences between the vaginal progesterone and the placebo or no treatment groups in other adverse perinatal and maternal outcomes. Subgroup analyses revealed that vaginal progesterone decreased the risk of preterm birth <37 weeks (relative risk, 0.43; 95% confidence interval, 0.33-0.55; I2=0%) and <34 weeks (relative risk, 0.27; 95% confidence interval, 0.15-0.49; I2=0%) in the small but not in the large studies (relative risk, 0.98; 95% confidence interval, 0.88-1.09; I2=0% for preterm birth <37 weeks; and relative risk, 0.94; 95% confidence interval, 0.78-1.13; I2=0% for preterm birth <34 weeks). Sensitivity analyses restricted to studies at low risk of bias indicated that vaginal progesterone did not reduce the risk of preterm birth <37 weeks (relative risk, 0.96; 95% confidence interval, 0.84-1.09) and <34 weeks (relative risk, 0.90; 95% confidence interval, 0.71-1.15). There was clear evidence of substantial small-study effects in the meta-analyses of preterm birth <37 and <34 weeks of gestation because of funnel plot asymmetry and the marked differences in the pooled relative risks obtained from fixed-effect and random-effects models. The adjustment for small-study effects resulted in a markedly reduced and nonsignificant effect of vaginal progesterone on preterm birth <37 weeks (relative risk, 0.86; 95% confidence interval, 0.68-1.10) and <34 weeks (relative risk, 0.92; 95% confidence interval, 0.60-1.42). There is no convincing evidence supporting the use of vaginal progesterone to prevent recurrent preterm birth or to improve perinatal outcomes in singleton gestations with a history of spontaneous preterm birth.",American journal of obstetrics and gynecology,2022.0,"Journal Article; Meta-Analysis; Systematic Review; Research Support, N.I.H., Intramural; Research Support, N.I.H., Extramural",10.1016/j.ajog.2022.04.023,NCBI PubMed E-utilities,success,,PubMed co-mention retrieval baseline only; not evidence polarity classification.
repodb_04246cb3a1c31ef7,Progesterone,Premature Birth,clinical,"""Progesterone"" AND ""Premature Birth"" AND (trial OR clinical OR patient OR therapy)",34856583,Pessary Plus Progesterone to Prevent Preterm Birth in Women With Short Cervixes: A Randomized Controlled Trial.,"To test the effectiveness of cervical pessary in addition to vaginal progesterone for the prevention of preterm birth in women with midpregnancy short cervixes. We performed a multicenter, open-label, randomized controlled trial in 17 perinatal centers. Asymptomatic women with singleton or twin pregnancies and cervical lengths of 30 mm or less, measured at 18 0/7-22 6/7 weeks of gestation, were randomized to cervical pessary plus vaginal progesterone (pessary plus progesterone group) or vaginal progesterone only (progesterone-only group) (200 mg/day). Treatments were used from randomization to 36 weeks of gestation or delivery. The primary outcome was a composite of neonatal mortality and morbidity. Secondary outcomes were delivery before 37 weeks and before 34 weeks of gestation. Analysis was performed according to intention to treat. Between July 9, 2015, and March 29, 2019, 8,168 women were screened, of whom 475 were randomized to pessary and 461 to progesterone only. The composite perinatal outcome occurred in 19.2% (89/463) of the women in the pessary group compared with 20.9% (91/436) of the women in the progesterone-only group (adjusted risk ratio [aRR] 0.88, 95% CI 0.69-1.12). Delivery rates before 37 weeks of gestation were 29.1% compared with 31.4% (aRR 0.86, 95% CI 0.72-1.04); delivery rates before 34 weeks were 9.9% compared with 13.9% (aRR 0.66, 95% CI 0.47-0.93). Women in the pessary group had more vaginal discharge (51.6% [245/476] vs 25.4% [117/479] [P<.001]), pain (33.1% [157/476] vs 24.1% [111/479] [P=.002]), and vaginal bleeding (9.7% [46/476] vs 4.8% [22/479] [P=.004]). In asymptomatic women with short cervixes, the combination of pessary and progesterone did not decrease rates of neonatal morbidity or mortality when compared with progesterone only. Brazilian Clinical Trial Registry (ReBec), UTN:U1111-1164-2636.",Obstetrics and gynecology,2022.0,"Journal Article; Multicenter Study; Randomized Controlled Trial; Research Support, Non-U.S. Gov't",10.1097/AOG.0000000000004634,NCBI PubMed E-utilities,success,,PubMed co-mention retrieval baseline only; not evidence polarity classification.
repodb_04246cb3a1c31ef7,Progesterone,Premature Birth,clinical,"""Progesterone"" AND ""Premature Birth"" AND (trial OR clinical OR patient OR therapy)",32524598,Progesterone and preterm birth.,"Progestogens (vaginal progesterone and intramuscular 17-hydroxyprogesterone acetate) are widely recommended for women at high risk of preterm birth. Typical regimens include 17-hydroxyprogesterone caproate (250 mg intramuscularly weekly), starting at 16-20 gestational weeks until 36 weeks or delivery for women with a singleton gestation and a history of spontaneous preterm birth, or vaginal progesterone (90-mg vaginal gel or 200-mg micronized vaginal soft capsules) for women with a short cervix (typically ≤25 mm). Although some randomized trials support this approach, neither of the largest trials (PROLONG for 17-hydroxyprogesterone acetate or OPPTIMUM for vaginal progesterone) demonstrated efficacy. There are almost no data on long-term effects, and none that shows benefit beyond the neonatal period. Although some analyses suggest the cost-effectiveness of the approach, a cervical length screening program followed by progesterone for those with a short cervix will reduce preterm birth rates by less than 0.5%. The present review assesses evidence on the efficacy, likely impact, and long-term effects of implementing the recommendations for progestogens in full. Clinicians and pregnant women can look forward to resolution of the conflicting views on efficacy once the Patient-Centered Outcomes Research Initiative (PCORI)-funded individual patient data meta-analysis is published.",International journal of gynaecology and obstetrics: the official organ of the International Federation of Gynaecology and Obstetrics,2020.0,Journal Article; Review,10.1002/ijgo.13187,NCBI PubMed E-utilities,success,,PubMed co-mention retrieval baseline only; not evidence polarity classification.
repodb_04246cb3a1c31ef7,Progesterone,Premature Birth,clinical,"""Progesterone"" AND ""Premature Birth"" AND (trial OR clinical OR patient OR therapy)",24936913,Progesterone.,"Progestogens are a promising treatment in the prevention of spontaneous preterm birth in high-risk women. In women with a prior history of spontaneous preterm delivery and in women with a sonographic shortened cervix, there is considerable evidence supporting a benefit of progestogen therapy in the reduction of preterm delivery. In women with multifetal gestations, progestogen therapy has not been shown to be beneficial. Data are inconclusive in women with arrested preterm labor. Questions remain about the mechanism of progestogen action, the optimal type of progestogen, the best mode of administration, and the ideal dosing regimen.",Clinical obstetrics and gynecology,2014.0,Journal Article; Review,10.1097/GRF.0000000000000039,NCBI PubMed E-utilities,success,,PubMed co-mention retrieval baseline only; not evidence polarity classification.
repodb_04246cb3a1c31ef7,Progesterone,Premature Birth,clinical,"""Progesterone"" AND ""Premature Birth"" AND (trial OR clinical OR patient OR therapy)",38754603,SMFM Consult Series #70: Management of short cervix in individuals without a history of spontaneous preterm birth.,"Most deliveries before 34 weeks of gestation occur in individuals with no previous history of preterm birth. Midtrimester cervical length assessment using transvaginal ultrasound is one of the best clinical predictors of spontaneous preterm birth. This Consult provides guidance for the diagnosis and management of a short cervix in an individual without a history of preterm birth. The following are Society for Maternal-Fetal Medicine recommendations: (1) we recommend that all cervical length measurements used to guide therapeutic recommendations be performed using a transvaginal approach and in accordance with standardized procedures as described by organizations such as the Perinatal Quality Foundation or the Fetal Medicine Foundation (GRADE 1C); (2) we recommend using a midtrimester cervical length of ≤25 mm to diagnose a short cervix in individuals with a singleton gestation and no previous history of spontaneous preterm birth (GRADE 1C); (3) we recommend that asymptomatic individuals with a singleton gestation and a transvaginal cervical length of ≤20 mm diagnosed before 24 weeks of gestation be prescribed vaginal progesterone to reduce the risk of preterm birth (GRADE 1A); (4) we recommend that treatment with vaginal progesterone be considered at a cervical length of 21 to 25 mm based on shared decision-making (GRADE 1B); (5) we recommend that 17-alpha hydroxyprogesterone caproate, including compounded formulations, not be prescribed for the treatment of a short cervix (GRADE 1B); (6) in individuals without a history of preterm birth who have a sonographic short cervix (10-25 mm), we recommend against cerclage placement in the absence of cervical dilation (GRADE 1B); (7) we recommend that cervical pessary not be placed for the prevention of preterm birth in individuals with a singleton gestation and a short cervix (GRADE 1B); and (8) we recommend against routine use of progesterone, pessary, or cerclage for the treatment of cervical shortening in twin gestations outside the context of a clinical trial (GRADE 1B).",American journal of obstetrics and gynecology,2024.0,Journal Article; Practice Guideline,10.1016/j.ajog.2024.05.006,NCBI PubMed E-utilities,success,,PubMed co-mention retrieval baseline only; not evidence polarity classification.
repodb_04246cb3a1c31ef7,Progesterone,Premature Birth,clinical,"""Progesterone"" AND ""Premature Birth"" AND (trial OR clinical OR patient OR therapy)",40497447,Progestogen for preventing miscarriage in women with recurrent miscarriage of unclear etiology.,"Progesterone, a female sex hormone, is known to induce secretory changes in the lining of the uterus essential for successful implantation of a fertilized egg. Miscarriage is an early pregnancy loss. For women who have recurrent miscarriage, it has been suggested that a causative factor may be inadequate secretion of progesterone. Therefore, clinicians sometimes use progestogens (drugs that interact with the progesterone receptors), beginning in the first trimester of pregnancy, in an attempt to prevent spontaneous miscarriage. It is important to understand if this is beneficial or harmful. This is an update of the review, last published in 2019. Previous versions included two trials that have since been retracted. This update included an updated trial search and evaluation of all trials using the Cochrane Trustworthiness Screening Tool. To assess the benefits and harms of progestogens as a preventative therapy against recurrent miscarriage. For this update, we searched CENTRAL, MEDLINE, Embase, CINAHL, Cochrane Pregnancy and Childbirth's Trials Register, ClinicalTrials.gov and the WHO International Clinical Trials Registry Platform (July 2024). We also searched reference lists from relevant articles, attempted to contact trial authors where necessary, and contacted experts in the field for unpublished works. We included randomized or quasi-randomized controlled trials in pregnant participants comparing progestogens with placebo or no treatment, given in an effort to prevent miscarriage. We included trials of participants who were diagnosed with recurrent miscarriage (usually of unknown origin) and who began treatment with progestogens in the first trimester of pregnancy. We excluded trials treating participants with threatened miscarriage or who had conceived by in-vitro fertilization. The critical outcome was miscarriage. The main important outcomes were live birth rate and preterm birth (< 37 weeks' gestation). Other important outcomes were neonatal death, fetal genital abnormalities, stillbirth, low birthweight (< 2500 g), maternal adverse events and neonatal intensive care unit admission. Other maternal outcomes of interest were severity of 'morning sickness', thromboembolic events, depression, admission to special care unit and subsequent fertility. Two review authors assessed the studies using the RoB 1 tool for selection, performance, detection, attrition, incomplete outcome data, selective reporting and other bias. Two review authors independently assessed trials for inclusion and risk of bias, extracted data and checked them for accuracy. Two reviewers assessed the certainty of the evidence using the GRADE approach. We utilized a random-effects model to synthesize the results. Nine trials with 1426 randomized participants met the inclusion criteria. Eight trials included analyzable data for 1276 participants. Overall, the risk of bias was low for six trials, while three had areas of concern. Because few studies reported on important outcomes, imprecision was high for those outcomes, limiting the certainty of those analyses. Seven of the included trials compared treatment with placebo and the other two compared progestogen administration with no treatment. The trials were a mix of multicenter and single-center trials, conducted in Jordan, the UK, the Netherlands, and the USA. In three trials, participants had three or more consecutive miscarriages and in six trials, participants had two or more consecutive miscarriages. Route, dosage and duration of progestogen treatment varied across the trials. The majority of trials were at low risk of bias for most domains. Eight trials with 1276 participants contributed data to the analyses. Meta-analysis suggests that there is probably little to no difference in the miscarriage rate for women given progestogen supplementation compared to placebo or no treatment (risk ratio (RR) 0.91, 95% confidence interval (CI) 0.76 to 1.07; I2 = 0%; 8 studies, 1276 participants; moderate-certainty evidence). Subgroup analyses comparing placebo-controlled versus non-placebo-controlled trials, trials of participants with three or more prior miscarriages compared to women with two or more miscarriages, and different routes of administration showed no clear differences between subgroups for miscarriage. For women with recurrent miscarriage of unclear etiology receiving progestogen, there was probably little to no difference in live birth rate compared to placebo (RR 1.04, 95% CI 0.96 to 1.12; 5 trials, 1063 participants; moderate-certainty evidence). We are uncertain about the effect on the rate of preterm birth; there was probably little to no difference (RR 1.15, 95% CI 0.55 to 2.41; 3 trials, 256 participants; very low-certainty evidence). No clear differences were seen for women receiving progestogen for the other important outcomes, including neonatal death, fetal genital abnormalities, or stillbirth. There was little or no data on other important outcomes of low birth weight, maternal adverse events, teratogenic effects, or admission to a special care unit. None of the trials reported on any other important maternal outcomes, including severity of morning sickness, thromboembolic events, depression, admission to a special care unit, or subsequent fertility. For women with unexplained recurrent miscarriage, progestogen supplementation therapy probably results in little to no effect on outcomes in subsequent pregnancies. This Cochrane review had no dedicated funding. Previous versions of this review were published in the Cochrane Library, available at doi.org/10.1002/14651858.CD003511.pub5.",The Cochrane database of systematic reviews,2025.0,Journal Article; Systematic Review; Meta-Analysis,10.1002/14651858.CD003511.pub6,NCBI PubMed E-utilities,success,,PubMed co-mention retrieval baseline only; not evidence polarity classification.
repodb_04246cb3a1c31ef7,Progesterone,Premature Birth,clinical,"""Progesterone"" AND ""Premature Birth"" AND (trial OR clinical OR patient OR therapy)",38471724,"Cervical pessary versus vaginal progesterone in women with a singleton pregnancy, a short cervix, and no history of spontaneous preterm birth at less than 34 weeks' gestation: open label, multicentre, randomised, controlled trial.","To compare the effectiveness of cervical pessary and vaginal progesterone in the prevention of adverse perinatal outcomes and preterm birth in pregnant women of singletons with no prior spontaneous preterm birth at less than 34 weeks' gestation and who have a short cervix of 35 mm or less. Open label, multicentre, randomised, controlled trial. 20 hospitals and five obstetric ultrasound practices in the Netherlands. Women with a healthy singleton pregnancy and an asymptomatic short cervix of 35 mm or less between 18 and 22 weeks' gestation were eligible. Exclusion criteria were prior spontaneous preterm birth at less than 34 weeks, a cerclage in situ, maternal age of younger than 18 years, major congenital abnormalities, prior participation in this trial, vaginal blood loss, contractions, cervical length of less than 2 mm or cervical dilatation of 3 cm or more. Sample size was set at 628 participants. 1:1 randomisation to an Arabin cervical pessary or vaginal progesterone 200 mg daily up to 36 weeks' of gestation or earlier in case of ruptured membranes, signs of infection, or preterm labour besides routine obstetric care. Primary outcome was a composite adverse perinatal outcome. Secondary outcomes were rates of (spontaneous) preterm birth at less than 28, 32, 34, and 37 weeks. A predefined subgroup analysis was planned for cervical length of 25 mm or less. From 1 July 2014 to 31 March 2022, 635 participants were randomly assigned to pessary (n=315) or to progesterone (n=320). 612 were included in the intention to treat analysis. The composite adverse perinatal outcome occurred in 19 (6%) of 303 participants with a pessary versus 17 (6%) of 309 in the progesterone group (crude relative risk 1.1 (95% confidence interval (CI) 0.60 to 2.2)). The rates of spontaneous preterm birth were not significantly different between groups. In the subgroup of cervical length of 25 mm or less, spontaneous preterm birth at less than 28 weeks occurred more often after pessary than after progesterone (10/62 (16%) v 3/69 (4%), relative risk 3.7 (95% CI 1.1 to 12.9)) and adverse perinatal outcomes seemed more frequent in the pessary group (15/62 (24%) v 8/69 (12%), relative risk 2.1 (0.95 to 4.6)). In women with a singleton pregnancy with no prior spontaneous preterm birth at less than 34 weeks' gestation and with a midtrimester short cervix of 35 mm or less, pessary is not better than vaginal progesterone. In the subgroup of a cervical length of 25 mm or less, a pessary seemed less effective in preventing adverse outcomes. Overall, for women with single baby pregnancies, a short cervix, and no prior spontaneous preterm birth less than 34 weeks' gestation, superiority of a cervical pessary compared with vaginal progesterone to prevent preterm birth and consecutive adverse outcomes could not be proven. International Clinical Trial Registry Platform (ICTRP, EUCTR2013-002884-24-NL).",BMJ (Clinical research ed.),2024.0,Comparative Study; Equivalence Trial; Journal Article; Multicenter Study; Randomized Controlled Trial,10.1136/bmj-2023-077033,NCBI PubMed E-utilities,success,,PubMed co-mention retrieval baseline only; not evidence polarity classification.
repodb_04246cb3a1c31ef7,Progesterone,Premature Birth,clinical,"""Progesterone"" AND ""Premature Birth"" AND (trial OR clinical OR patient OR therapy)",39982935,Cervical cerclage versus cervical pessary with or without vaginal progesterone for preterm birth prevention in twin pregnancies and a short cervix: A two-by-two factorial randomised clinical trial.,"Pregnant women with twins and a short cervical length (CL) are at greater risk of preterm birth (PTB). The comparative efficacy of cervical cerclage and cervical pessary with or without additional progesterone to prevent PTB is unknown. We aimed to assess, in women with twin pregnancies and a short CL, the effectiveness of cerclage versus pessary and the additional treatment with 400 mg vaginal progesterone versus no progesterone in preventing PTB. This multicenter, two-by-two factorial randomised trial was conducted in 2 hospitals in Ho Chi Minh City, Vietnam. Asymptomatic women with twin pregnancies and a CL ≤28 mm at 16 to 22 gestational weeks were recruited. Between March 2019 and July 2023, we randomised 219 participants (64.4% of the planned sample size) to cerclage plus progesterone (n = 55), Arabin pessary plus progesterone (n = 56), cerclage alone (n = 54) or Arabin pessary alone (n = 54). Primary outcome was any PTB <34 weeks. Following the second interim analysis, the study was terminated due to significantly lower rates of perinatal deaths and deliveries <28 weeks in the cerclage group. The primary outcome occurred in 20 (19.8%) participants receiving cerclage versus 20 (19%) participants receiving pessary (relative risk [RR] 1.04; 95% confidence interval [CI], 0.60 to 1.8). Delivery <28 weeks occurred in 1% versus 8.6% (RR 0.12; 95% CI, 0.01 to 0.52) and perinatal death occurred in 1% versus 5.8% (RR 0.17; 95% CI, 0.05 to 0.62) in the cerclage group and the pessary group, respectively. However, PTB <24 weeks, <32 weeks, and other neonatal outcomes were not significantly different between the 2 groups. For maternal side effects, vaginal discharge was significantly less frequent in the cerclage group. In participants allocated to progesterone, PTB <34 weeks occurred in 19 (18.4%) versus 21 (20.4%) participants who did not have progesterone (RR 0.90; 95% CI, 0.52 to 1.6). In this prematurely halted study on pregnant women with twins and a CL ≤28 mm, cerclage and cervical pessary were comparably effective on PTB <34 weeks prevention. However, compared to pessary, cerclage was associated with significantly lower rates of PTB <28 weeks and perinatal mortality. ClinicalTrials.gov Registration: NCT03863613 (https://clinicaltrials.gov/study/NCT03863613).",PLoS medicine,2025.0,Journal Article; Randomized Controlled Trial; Multicenter Study; Comparative Study,10.1371/journal.pmed.1004526,NCBI PubMed E-utilities,success,,PubMed co-mention retrieval baseline only; not evidence polarity classification.
repodb_04246cb3a1c31ef7,Progesterone,Premature Birth,clinical,"""Progesterone"" AND ""Premature Birth"" AND (trial OR clinical OR patient OR therapy)",22542113,Progesterone and preterm birth prevention: translating clinical trials data into clinical practice.,"We sought to provide evidence-based guidelines for using progestogens for the prevention of preterm birth (PTB). Relevant documents, in particular randomized trials, were identified using PubMed (US National Library of Medicine, 1983 through February 2012) publications, written in English, which evaluate the effectiveness of progestogens for prevention of PTB. Progestogens evaluated were, in particular, vaginal progesterone and 17-alpha-hydroxy-progesterone caproate. Additionally, the Cochrane Library, organizational guidelines, and studies identified through review of the above were utilized to identify relevant articles. Data were evaluated according to population studied, with separate analyses for singleton vs multiple gestations, prior PTB, or short transvaginal ultrasound cervical length (CL), and combinations of these factors. Consistent with US Preventive Task Force suggestions, references were evaluated for quality based on the highest level of evidence, and recommendations were graded. Summary of randomized studies indicates that in women with singleton gestations, no prior PTB, and short CL ≤ 20 mm at ≤ 24 weeks, vaginal progesterone, either 90-mg gel or 200-mg suppository, is associated with reduction in PTB and perinatal morbidity and mortality, and can be offered in these cases. The issue of universal CL screening of singleton gestations without prior PTB for the prevention of PTB remains an object of debate. CL screening in singleton gestations without prior PTB cannot yet be universally mandated. Nonetheless, implementation of such a screening strategy can be viewed as reasonable, and can be considered by individual practitioners, following strict guidelines. In singleton gestations with prior PTB 20-36 6/7 weeks, 17-alpha-hydroxy-progesterone caproate 250 mg intramuscularly weekly, preferably starting at 16-20 weeks until 36 weeks, is recommended. In these women with prior PTB, if the transvaginal ultrasound CL shortens to < 25 mm at < 24 weeks, cervical cerclage may be offered. Progestogens have not been associated with prevention of PTB in women who have in the current pregnancy multiple gestations, preterm labor, or preterm premature rupture of membranes. There is insufficient evidence to recommend the use of progestogens in women with any of these risk factors, with or without a short CL.",American journal of obstetrics and gynecology,2012.0,Journal Article; Practice Guideline,10.1016/j.ajog.2012.03.010,NCBI PubMed E-utilities,success,,PubMed co-mention retrieval baseline only; not evidence polarity classification.
repodb_04246cb3a1c31ef7,Progesterone,Premature Birth,clinical,"""Progesterone"" AND ""Premature Birth"" AND (trial OR clinical OR patient OR therapy)",25650134,Neuroprotection in preterm infants.,"Preterm infants born before the 30th week of pregnancy are especially at risk of perinatal brain damage which is usually a result of cerebral ischemia or an ascending intrauterine infection. Prevention of preterm birth and early intervention given signs of imminent intrauterine infection can reduce the incidence of perinatal cerebral injury. It has been shown that administering magnesium intravenously to women at imminent risk of a preterm birth leads to a significant reduction in the likelihood of the infant developing cerebral palsy and motor skill dysfunction. It has also been demonstrated that delayed clamping of the umbilical cord after birth reduces the rate of brain hemorrhage among preterm infants by up to 50%. In addition, mesenchymal stem cells seem to have significant neuroprotective potential in animal experiments, as they increase the rate of regeneration of the damaged cerebral area. Clinical tests of these types of therapeutic intervention measures appear to be imminent. In the last trimester of pregnancy, the serum concentrations of estradiol and progesterone increase significantly. Preterm infants are removed abruptly from this estradiol and progesterone rich environment. It has been demonstrated in animal experiments that estradiol and progesterone protect the immature brain from hypoxic-ischemic lesions. However, this neuroprotective strategy has unfortunately not yet been subject to sufficient clinical investigation.",BioMed research international,2015.0,Journal Article; Review,10.1155/2015/257139,NCBI PubMed E-utilities,success,,PubMed co-mention retrieval baseline only; not evidence polarity classification.
repodb_04246cb3a1c31ef7,Progesterone,Premature Birth,negative,"""Progesterone"" AND ""Premature Birth"" AND (failed OR failure OR ineffective OR toxicity OR adverse OR discontinued)",34142343,Uterine Fibroids and Pregnancy: How Do They Affect Each Other?,"The present narrative review is aimed to rekindle discussion regarding whether and how uterine leiomyoma and pregnancy may impact each other. Although fibroids are hormone-dependent lesions, their growth during pregnancy seems to have a nonlinear trend. Besides placental estrogens and progesterone, an array of endocrine and paracrine factors affect fibroid blood supply, growth rate, and risk of degeneration along the gestational and puerperal periods. According to current evidence, the presence of leiomyomas might increase the risk of some adverse pregnancy outcomes. Although a causative relation between fibroids and spontaneous abortion is questionable, the presence of multiple submucosal lesions in certain populations, such as infertile women, may increase the risk of pregnancy loss. Slightly increased risks of placenta previa, placental abruption and fetal malpresentation may occur, mainly due to the mechanical influence of multiple and large fibroids. Cesarean section and preterm birth rates are also probably increased in the presence of fibroids. The risk associations are based on meta-analyses of cohort studies (level of evidence 2a), retrospective cohort studies (2b), case-control (3a), and cross-sectional studies (3b), but with a predominantly low risk of bias. For evaluating the growth pattern of leiomyomas and their real influence on obstetric outcomes, future studies should enroll women with fibroids diagnosed prior to pregnancy and follow them prospectively throughout the gestation and puerperium.","Reproductive sciences (Thousand Oaks, Calif.)",2022.0,"Journal Article; Review; Research Support, Non-U.S. Gov't",10.1007/s43032-021-00656-6,NCBI PubMed E-utilities,success,,PubMed co-mention retrieval baseline only; not evidence polarity classification.
repodb_04246cb3a1c31ef7,Progesterone,Premature Birth,negative,"""Progesterone"" AND ""Premature Birth"" AND (failed OR failure OR ineffective OR toxicity OR adverse OR discontinued)",33773630,Evaluating Progestogens for Preventing Preterm birth International Collaborative (EPPPIC): meta-analysis of individual participant data from randomised controlled trials.,"Preterm birth is a global health priority. Using a progestogen during high-risk pregnancy could reduce preterm birth and adverse neonatal outcomes. We did a systematic review of randomised trials comparing vaginal progesterone, intramuscular 17-hydroxyprogesterone caproate (17-OHPC), or oral progesterone with control, or with each other, in asymptomatic women at risk of preterm birth. We identified published and unpublished trials that completed primary data collection before July 30, 2016, (12 months before data collection began), by searching MEDLINE, Embase, CINAHL, the Maternity and Infant Care Database, and relevant trial registers between inception and July 30, 2019. Trials of progestogen to prevent early miscarriage or immediately-threatened preterm birth were excluded. Individual participant data were requested from investigators of eligible trials. Outcomes included preterm birth, early preterm birth, and mid-trimester birth. Adverse neonatal sequelae associated with early births were assessed using a composite of serious neonatal complications, and individually. Adverse maternal outcomes were investigated as a composite and individually. Individual participant data were checked and risk of bias assessed independently by two researchers. Primary meta-analyses used one-stage generalised linear mixed models that incorporated random effects to allow for heterogeneity across trials. This meta-analysis is registered with PROSPERO, CRD42017068299. Initial searches identified 47 eligible trials. Individual participant data were available for 30 of these trials. An additional trial was later included in a targeted update. Data were therefore available from a total of 31 trials (11 644 women and 16185 offspring). Trials in singleton pregnancies included mostly women with previous spontaneous preterm birth or short cervix. Preterm birth before 34 weeks was reduced in such women who received vaginal progesterone (nine trials, 3769 women; relative risk [RR] 0·78, 95% CI 0·68-0·90), 17-OHPC (five trials, 3053 women; 0·83, 0·68-1·01), and oral progesterone (two trials, 181 women; 0·60, 0·40-0·90). Results for other birth and neonatal outcomes were consistently favourable, but less certain. A possible increase in maternal complications was suggested, but this was uncertain. We identified no consistent evidence of treatment interaction with any participant characteristics examined, although analyses within subpopulations questioned efficacy in women who did not have a short cervix. Trials in multifetal pregnancies mostly included women without additional risk factors. For twins, vaginal progesterone did not reduce preterm birth before 34 weeks (eight trials, 2046 women: RR 1·01, 95% CI 0·84-1·20) nor did 17-OHPC for twins or triplets (eight trials, 2253 women: 1·04, 0·92-1·18). Preterm premature rupture of membranes was increased with 17-OHPC exposure in multifetal gestations (rupture <34 weeks RR 1·59, 95% CI 1·15-2·22), but we found no consistent evidence of benefit or harm for other outcomes with either vaginal progesterone or 17-OHPC. Vaginal progesterone and 17-OHPC both reduced birth before 34 weeks' gestation in high-risk singleton pregnancies. Given increased underlying risk, absolute risk reduction is greater for women with a short cervix, hence treatment might be most useful for these women. Evidence for oral progesterone is insufficient to support its use. Shared decision making with woman with high-risk singleton pregnancies should discuss an individual's risk, potential benefits, harms and practicalities of intervention. Treatment of unselected multifetal pregnancies with a progestogen is not supported by the evidence. Patient-Centered Outcomes Research Institute.","Lancet (London, England)",2021.0,Journal Article; Meta-Analysis; Systematic Review,10.1016/S0140-6736(21)00217-8,NCBI PubMed E-utilities,success,,PubMed co-mention retrieval baseline only; not evidence polarity classification.
repodb_04246cb3a1c31ef7,Progesterone,Premature Birth,negative,"""Progesterone"" AND ""Premature Birth"" AND (failed OR failure OR ineffective OR toxicity OR adverse OR discontinued)",39012912,"Comparing cervical cerclage, pessary and vaginal progesterone for prevention of preterm birth in women with a short cervix (SuPPoRT): A multicentre randomised controlled trial.","Cervical cerclage, cervical pessary, and vaginal progesterone have each been shown to reduce preterm birth (PTB) in high-risk women, but to our knowledge, there has been no randomised comparison of the 3 interventions. The SuPPoRT ""Stitch, Pessary, or Progesterone Randomised Trial"" was designed to compare the rate of PTB <37 weeks between each intervention in women who develop a short cervix in pregnancy. SuPPoRT was a multicentre, open label 3-arm randomised controlled trial designed to demonstrate equivalence (equivalence margin 20%) conducted from 1 July 2015 to 1 July 2021 in 19 obstetric units in the United Kingdom. Asymptomatic women with singleton pregnancies with transvaginal ultrasound cervical lengths measuring <25 mm between 14+0 and 23+6 weeks' gestation were eligible for randomisation (1:1:1) to receive either vaginal cervical cerclage (n = 128), cervical pessary (n = 126), or vaginal progesterone (n = 132). Minimisation variables were gestation at recruitment, body mass index (BMI), and risk factor for PTB. The primary outcome was PTB <37 weeks' gestation. Secondary outcomes included PTB <34 weeks', <30 weeks', and adverse perinatal outcome. Analysis was by intention to treat. A total of 386 pregnant women between 14+0 and 23+6 weeks' gestation with a cervical length <25 mm were randomised to one of the 3 interventions. Of these women, 67% were of white ethnicity, 18% black ethnicity, and 7.5% Asian ethnicity. Mean BMI was 25.6. Over 85% of women had prior risk factors for PTB; 39.1% had experienced a spontaneous PTB or midtrimester loss (>14 weeks gestation); and 45.8% had prior cervical surgery. Data from 381 women were available for outcome analysis. Using binary regression, randomised therapies (cerclage versus pessary versus vaginal progesterone) were found to have similar effects on the primary outcome PTB <37 weeks (39/127 versus 38/122 versus 32/132, p = 0.4, cerclage versus pessary risk difference (RD) -0.7% [-12.1 to 10.7], cerclage versus progesterone RD 6.2% [-5.0 to 17.0], and progesterone versus pessary RD -6.9% [-17.9 to 4.1]). Similarly, no difference was seen for PTB <34 and 30 weeks, nor adverse perinatal outcome. There were some differences in the mild side effect profile between interventions (vaginal discharge and bleeding) and women randomised to progesterone reported more severe abdominal pain. A small proportion of women did not receive the intervention as per protocol; however, per-protocol and as-treated analyses showed similar results. The main study limitation was that the trial was underpowered for neonatal outcomes and was stopped early due to the COVID-19 pandemic. In this study, we found that for women who develop a short cervix, cerclage, pessary, and vaginal progesterone were equally efficacious at preventing PTB, as judged with a 20% equivalence margin. Commencing with any of the therapies would be reasonable clinical management. These results can be used as a counselling tool for clinicians when managing women with a short cervix. EU Clinical Trials register. EudraCT Number: 2015-000456-15, clinicaltrialsregister.eu., ISRCTN Registry: ISRCTN13364447, isrctn.com.",PLoS medicine,2024.0,Journal Article; Multicenter Study; Randomized Controlled Trial; Comparative Study; Equivalence Trial,10.1371/journal.pmed.1004427,NCBI PubMed E-utilities,success,,PubMed co-mention retrieval baseline only; not evidence polarity classification.
repodb_04246cb3a1c31ef7,Progesterone,Premature Birth,negative,"""Progesterone"" AND ""Premature Birth"" AND (failed OR failure OR ineffective OR toxicity OR adverse OR discontinued)",29157866,Vaginal progesterone for preventing preterm birth and adverse perinatal outcomes in singleton gestations with a short cervix: a meta-analysis of individual patient data.,"The efficacy of vaginal progesterone for preventing preterm birth and adverse perinatal outcomes in singleton gestations with a short cervix has been questioned after publication of the OPPTIMUM study. To determine whether vaginal progesterone prevents preterm birth and improves perinatal outcomes in asymptomatic women with a singleton gestation and a midtrimester sonographic short cervix. We searched MEDLINE, EMBASE, LILACS, and CINAHL (from their inception to September 2017); Cochrane databases; bibliographies; and conference proceedings for randomized controlled trials comparing vaginal progesterone vs placebo/no treatment in women with a singleton gestation and a midtrimester sonographic cervical length ≤25 mm. This was a systematic review and meta-analysis of individual patient data. The primary outcome was preterm birth <33 weeks of gestation. Secondary outcomes included adverse perinatal outcomes and neurodevelopmental and health outcomes at 2 years of age. Individual patient data were analyzed using a 2-stage approach. Pooled relative risks with 95% confidence intervals were calculated. Quality of evidence was assessed using the GRADE methodology. Data were available from 974 women (498 allocated to vaginal progesterone, 476 allocated to placebo) with a cervical length ≤25 mm participating in 5 high-quality trials. Vaginal progesterone was associated with a significant reduction in the risk of preterm birth <33 weeks of gestation (relative risk, 0.62; 95% confidence interval, 0.47-0.81; P = .0006; high-quality evidence). Moreover, vaginal progesterone significantly decreased the risk of preterm birth <36, <35, <34, <32, <30, and <28 weeks of gestation; spontaneous preterm birth <33 and <34 weeks of gestation; respiratory distress syndrome; composite neonatal morbidity and mortality; birthweight <1500 and <2500 g; and admission to the neonatal intensive care unit (relative risks from 0.47-0.82; high-quality evidence for all). There were 7 (1.4%) neonatal deaths in the vaginal progesterone group and 15 (3.2%) in the placebo group (relative risk, 0.44; 95% confidence interval, 0.18-1.07; P = .07; low-quality evidence). Maternal adverse events, congenital anomalies, and adverse neurodevelopmental and health outcomes at 2 years of age did not differ between groups. Vaginal progesterone decreases the risk of preterm birth and improves perinatal outcomes in singleton gestations with a midtrimester sonographic short cervix, without any demonstrable deleterious effects on childhood neurodevelopment.",American journal of obstetrics and gynecology,2018.0,"Journal Article; Meta-Analysis; Research Support, Non-U.S. Gov't; Systematic Review",10.1016/j.ajog.2017.11.576,NCBI PubMed E-utilities,success,,PubMed co-mention retrieval baseline only; not evidence polarity classification.
repodb_04246cb3a1c31ef7,Progesterone,Premature Birth,negative,"""Progesterone"" AND ""Premature Birth"" AND (failed OR failure OR ineffective OR toxicity OR adverse OR discontinued)",37196896,Vaginal progesterone for preventing preterm birth and adverse perinatal outcomes in twin gestations: a systematic review and meta-analysis.,"To evaluate the efficacy of vaginal progesterone for the prevention of preterm birth and adverse perinatal outcomes in twin gestations. MEDLINE, Embase, LILACS, and CINAHL (from their inception to January 31, 2023), Cochrane databases, Google Scholar, bibliographies, and conference proceedings. Randomized controlled trials that compared vaginal progesterone to placebo or no treatment in asymptomatic women with a twin gestation. The systematic review was conducted according to the Cochrane Handbook for Systematic Reviews of Interventions. The primary outcome was preterm birth <34 weeks of gestation. Secondary outcomes included adverse perinatal outcomes. Pooled relative risks with 95% confidence intervals were calculated. We assessed the risk of bias in each included study, heterogeneity, publication bias, and quality of evidence, and performed subgroup and sensitivity analyses. Eleven studies (3401 women and 6802 fetuses/infants) fulfilled the inclusion criteria. Among all twin gestations, there were no significant differences between the vaginal progesterone and placebo or no treatment groups in the risk of preterm birth <34 weeks (relative risk, 0.99; 95% confidence interval, 0.84-1.17; high-quality evidence), <37 weeks (relative risk, 0.99; 95% confidence interval, 0.92-1.06; high-quality evidence), and <28 weeks (relative risk, 1.00; 95% confidence interval, 0.64-1.55; moderate-quality evidence), and spontaneous preterm birth <34 weeks of gestation (relative risk, 0.97; 95% confidence interval, 0.80-1.18; high-quality evidence). Vaginal progesterone had no significant effect on any of the perinatal outcomes evaluated. Subgroup analyses showed that there was no evidence of a different effect of vaginal progesterone on preterm birth <34 weeks of gestation related to chorionicity, type of conception, history of spontaneous preterm birth, daily dose of vaginal progesterone, and gestational age at initiation of treatment. The frequencies of preterm birth <37, <34, <32, <30, and <28 weeks of gestation and adverse perinatal outcomes did not significantly differ between the vaginal progesterone and placebo or no treatment groups in unselected twin gestations (8 studies; 3274 women and 6548 fetuses/infants). Among twin gestations with a transvaginal sonographic cervical length <30 mm (6 studies; 306 women and 612 fetuses/infants), vaginal progesterone was associated with a significant decrease in the risk of preterm birth occurring at <28 to <32 gestational weeks (relative risks, 0.48-0.65; moderate- to high-quality evidence), neonatal death (relative risk, 0.32; 95% confidence interval, 0.11-0.92; moderate-quality evidence), and birthweight <1500 g (relative risk, 0.60; 95% confidence interval, 0.39-0.88; high-quality evidence). Vaginal progesterone significantly reduced the risk of preterm birth occurring at <28 to <34 gestational weeks (relative risks, 0.41-0.68), composite neonatal morbidity and mortality (relative risk, 0.59; 95% confidence interval, 0.33-0.98), and birthweight <1500 g (relative risk, 0.55; 95% confidence interval, 0.33-0.94) in twin gestations with a transvaginal sonographic cervical length ≤25 mm (6 studies; 95 women and 190 fetuses/infants). The quality of evidence was moderate for all these outcomes. Vaginal progesterone does not prevent preterm birth, nor does it improve perinatal outcomes in unselected twin gestations, but it appears to reduce the risk of preterm birth occurring at early gestational ages and of neonatal morbidity and mortality in twin gestations with a sonographic short cervix. However, more evidence is needed before recommending this intervention to this subset of patients.",American journal of obstetrics and gynecology,2023.0,"Meta-Analysis; Systematic Review; Journal Article; Research Support, N.I.H., Intramural; Research Support, N.I.H., Extramural",10.1016/j.ajog.2023.05.010,NCBI PubMed E-utilities,success,,PubMed co-mention retrieval baseline only; not evidence polarity classification.
repodb_04246cb3a1c31ef7,Progesterone,Premature Birth,negative,"""Progesterone"" AND ""Premature Birth"" AND (failed OR failure OR ineffective OR toxicity OR adverse OR discontinued)",35460628,Does vaginal progesterone prevent recurrent preterm birth in women with a singleton gestation and a history of spontaneous preterm birth? Evidence from a systematic review and meta-analysis.,"To assess the efficacy and safety of vaginal progesterone to prevent recurrent preterm birth and adverse perinatal outcomes in singleton gestations with a history of spontaneous preterm birth. MEDLINE, Embase, LILACS, and CINAHL (from their inception to February 28, 2022), Cochrane databases, Google Scholar, bibliographies, and conference proceedings. Randomized controlled trials that compared vaginal progesterone to placebo or no treatment in asymptomatic women with a singleton gestation and a history of spontaneous preterm birth. The primary outcomes were preterm birth <37 and <34 weeks of gestation. The secondary outcomes included adverse maternal and perinatal outcomes. Pooled relative risks with 95% confidence intervals were calculated. We assessed the risk of bias in the included studies, heterogeneity (I2 test), small-study effects, publication bias, and quality of evidence; performed subgroup and sensitivity analyses; and calculated 95% prediction intervals and adjusted relative risks. Ten studies (2958 women) met the inclusion criteria: 7 with a sample size <150 (small studies) and 3 with a sample size >600 (large studies). Among the 7 small studies, 4 were at high risk of bias, 2 were at some concerns of bias, and only 1 was at low risk of bias. All the large studies were at low risk of bias. Vaginal progesterone significantly decreased the risk of preterm birth <37 weeks (relative risk, 0.64; 95% confidence interval, 0.50-0.81; I2=75%; 95% prediction interval, 0.31-1.32; very low-quality evidence) and <34 weeks (relative risk, 0.62; 95% confidence interval, 0.42-0.92; I2=66%; 95% prediction interval, 0.23-1.68; very low-quality evidence), and the risk of admission to the neonatal intensive care unit (relative risk, 0.53; 95% confidence interval, 0.33-0.85; I2=67%; 95% prediction interval, 0.16-1.79; low-quality evidence). There were no significant differences between the vaginal progesterone and the placebo or no treatment groups in other adverse perinatal and maternal outcomes. Subgroup analyses revealed that vaginal progesterone decreased the risk of preterm birth <37 weeks (relative risk, 0.43; 95% confidence interval, 0.33-0.55; I2=0%) and <34 weeks (relative risk, 0.27; 95% confidence interval, 0.15-0.49; I2=0%) in the small but not in the large studies (relative risk, 0.98; 95% confidence interval, 0.88-1.09; I2=0% for preterm birth <37 weeks; and relative risk, 0.94; 95% confidence interval, 0.78-1.13; I2=0% for preterm birth <34 weeks). Sensitivity analyses restricted to studies at low risk of bias indicated that vaginal progesterone did not reduce the risk of preterm birth <37 weeks (relative risk, 0.96; 95% confidence interval, 0.84-1.09) and <34 weeks (relative risk, 0.90; 95% confidence interval, 0.71-1.15). There was clear evidence of substantial small-study effects in the meta-analyses of preterm birth <37 and <34 weeks of gestation because of funnel plot asymmetry and the marked differences in the pooled relative risks obtained from fixed-effect and random-effects models. The adjustment for small-study effects resulted in a markedly reduced and nonsignificant effect of vaginal progesterone on preterm birth <37 weeks (relative risk, 0.86; 95% confidence interval, 0.68-1.10) and <34 weeks (relative risk, 0.92; 95% confidence interval, 0.60-1.42). There is no convincing evidence supporting the use of vaginal progesterone to prevent recurrent preterm birth or to improve perinatal outcomes in singleton gestations with a history of spontaneous preterm birth.",American journal of obstetrics and gynecology,2022.0,"Journal Article; Meta-Analysis; Systematic Review; Research Support, N.I.H., Intramural; Research Support, N.I.H., Extramural",10.1016/j.ajog.2022.04.023,NCBI PubMed E-utilities,success,,PubMed co-mention retrieval baseline only; not evidence polarity classification.
repodb_04246cb3a1c31ef7,Progesterone,Premature Birth,negative,"""Progesterone"" AND ""Premature Birth"" AND (failed OR failure OR ineffective OR toxicity OR adverse OR discontinued)",40497447,Progestogen for preventing miscarriage in women with recurrent miscarriage of unclear etiology.,"Progesterone, a female sex hormone, is known to induce secretory changes in the lining of the uterus essential for successful implantation of a fertilized egg. Miscarriage is an early pregnancy loss. For women who have recurrent miscarriage, it has been suggested that a causative factor may be inadequate secretion of progesterone. Therefore, clinicians sometimes use progestogens (drugs that interact with the progesterone receptors), beginning in the first trimester of pregnancy, in an attempt to prevent spontaneous miscarriage. It is important to understand if this is beneficial or harmful. This is an update of the review, last published in 2019. Previous versions included two trials that have since been retracted. This update included an updated trial search and evaluation of all trials using the Cochrane Trustworthiness Screening Tool. To assess the benefits and harms of progestogens as a preventative therapy against recurrent miscarriage. For this update, we searched CENTRAL, MEDLINE, Embase, CINAHL, Cochrane Pregnancy and Childbirth's Trials Register, ClinicalTrials.gov and the WHO International Clinical Trials Registry Platform (July 2024). We also searched reference lists from relevant articles, attempted to contact trial authors where necessary, and contacted experts in the field for unpublished works. We included randomized or quasi-randomized controlled trials in pregnant participants comparing progestogens with placebo or no treatment, given in an effort to prevent miscarriage. We included trials of participants who were diagnosed with recurrent miscarriage (usually of unknown origin) and who began treatment with progestogens in the first trimester of pregnancy. We excluded trials treating participants with threatened miscarriage or who had conceived by in-vitro fertilization. The critical outcome was miscarriage. The main important outcomes were live birth rate and preterm birth (< 37 weeks' gestation). Other important outcomes were neonatal death, fetal genital abnormalities, stillbirth, low birthweight (< 2500 g), maternal adverse events and neonatal intensive care unit admission. Other maternal outcomes of interest were severity of 'morning sickness', thromboembolic events, depression, admission to special care unit and subsequent fertility. Two review authors assessed the studies using the RoB 1 tool for selection, performance, detection, attrition, incomplete outcome data, selective reporting and other bias. Two review authors independently assessed trials for inclusion and risk of bias, extracted data and checked them for accuracy. Two reviewers assessed the certainty of the evidence using the GRADE approach. We utilized a random-effects model to synthesize the results. Nine trials with 1426 randomized participants met the inclusion criteria. Eight trials included analyzable data for 1276 participants. Overall, the risk of bias was low for six trials, while three had areas of concern. Because few studies reported on important outcomes, imprecision was high for those outcomes, limiting the certainty of those analyses. Seven of the included trials compared treatment with placebo and the other two compared progestogen administration with no treatment. The trials were a mix of multicenter and single-center trials, conducted in Jordan, the UK, the Netherlands, and the USA. In three trials, participants had three or more consecutive miscarriages and in six trials, participants had two or more consecutive miscarriages. Route, dosage and duration of progestogen treatment varied across the trials. The majority of trials were at low risk of bias for most domains. Eight trials with 1276 participants contributed data to the analyses. Meta-analysis suggests that there is probably little to no difference in the miscarriage rate for women given progestogen supplementation compared to placebo or no treatment (risk ratio (RR) 0.91, 95% confidence interval (CI) 0.76 to 1.07; I2 = 0%; 8 studies, 1276 participants; moderate-certainty evidence). Subgroup analyses comparing placebo-controlled versus non-placebo-controlled trials, trials of participants with three or more prior miscarriages compared to women with two or more miscarriages, and different routes of administration showed no clear differences between subgroups for miscarriage. For women with recurrent miscarriage of unclear etiology receiving progestogen, there was probably little to no difference in live birth rate compared to placebo (RR 1.04, 95% CI 0.96 to 1.12; 5 trials, 1063 participants; moderate-certainty evidence). We are uncertain about the effect on the rate of preterm birth; there was probably little to no difference (RR 1.15, 95% CI 0.55 to 2.41; 3 trials, 256 participants; very low-certainty evidence). No clear differences were seen for women receiving progestogen for the other important outcomes, including neonatal death, fetal genital abnormalities, or stillbirth. There was little or no data on other important outcomes of low birth weight, maternal adverse events, teratogenic effects, or admission to a special care unit. None of the trials reported on any other important maternal outcomes, including severity of morning sickness, thromboembolic events, depression, admission to a special care unit, or subsequent fertility. For women with unexplained recurrent miscarriage, progestogen supplementation therapy probably results in little to no effect on outcomes in subsequent pregnancies. This Cochrane review had no dedicated funding. Previous versions of this review were published in the Cochrane Library, available at doi.org/10.1002/14651858.CD003511.pub5.",The Cochrane database of systematic reviews,2025.0,Journal Article; Systematic Review; Meta-Analysis,10.1002/14651858.CD003511.pub6,NCBI PubMed E-utilities,success,,PubMed co-mention retrieval baseline only; not evidence polarity classification.
repodb_04246cb3a1c31ef7,Progesterone,Premature Birth,negative,"""Progesterone"" AND ""Premature Birth"" AND (failed OR failure OR ineffective OR toxicity OR adverse OR discontinued)",34096691,Endometriosis and adverse pregnancy outcome.,"Endometriosis is a gynecologic disease affecting approximately 10% of reproductive age women, around 21-47% of women presenting subfertility and 71-87% of women with chronic pelvic pain. Main symptoms are chronic pelvic pain, dysmenorrhea, dyspareunia and infertility that seem to be well controlled by oral contraceptive pill, progestogens, GnRh antagonists. The aim of this review was to illustrate the modern diagnosis of endometriosis during pregnancy, to evaluate the evolution of endometriotic lesions during pregnancy and the incidence of adverse outcomes. Published literature was retrieved through searches of the database PubMed (National Center for Biotechnology Information, US National Library of Medicine, Bethesda, MD, USA). We searched for all original articles published in English through April 2020 and decided to extract every notable information for potential inclusion in this review. The search included the following MeSH search terms, alone or in combination: ""endometriosis"" combined with ""endometrioma,"" ""biomarkers,"" ""complications,"" ""bowel,"" ""urinary tract,"" ""uterine rupture,"" ""spontaneous hemoperitoneum in pregnancy"" and more ""adverse pregnancy outcome,"" ""preterm birth,"" ""miscarriage,"" ""abruption placentae,"" ""placenta previa,"" ""hypertensive disorder,"" ""preeclampsia,"" ""fetal grow restriction,"" ""small for gestation age,"" ""cesarean delivery."" Pregnancy in women with endometriosis does not always lead to disappearance of symptoms and decrease in the size of endometriotic lesions, but it may be possible to observe a malignant transformation of ovarian endometriotic lesions. Onset of complications may be caused by many factors: chronic inflammation, adhesions, progesterone resistance and a dysregulation of genes involved in the embryo implantation. As results, the pregnancy can be more difficult because of endometriosis related complications (spontaneous hemoperitoneum [SH], bowel complications, etc.) or adverse outcomes like preterm birth, FGR, hypertensive disorders, obstetrics hemorrhages (placenta previa, abruptio placenta), miscarriage or cesarean section. Due to insufficient knowledge about its pathogenesis, currently literature data are contradictory and do not show a strong correlation between endometriosis and these complications except for miscarriage and cesarean delivery. Future research should focus on the potential biological pathways underlying these relationships in order to inform patients planning a birth about possible complications during pregnancy.",Minerva obstetrics and gynecology,2022.0,Journal Article; Review,10.23736/S2724-606X.20.04718-8,NCBI PubMed E-utilities,success,,PubMed co-mention retrieval baseline only; not evidence polarity classification.
repodb_04246cb3a1c31ef7,Progesterone,Premature Birth,negative,"""Progesterone"" AND ""Premature Birth"" AND (failed OR failure OR ineffective OR toxicity OR adverse OR discontinued)",30314740,Cervical alterations in pregnancy.,"Spontaneous preterm birth (SPTB), defined as delivery before 37 weeks' gestation, remains a significant obstetric dilemma even after decades of research in this field. Although trends from 2007 to 2014 showed the rate of preterm birth slightly decreased, the CDC recently reported the rate of preterm birth has increased for two consecutive years since 2014. Currently, 1 in 10 pregnancies in the US still end prematurely. In this chapter, we focus on the ""compartment"" of the cervix. The goal is to outline the current knowledge of normal cervical structure and function in pregnancy and the current knowledge of how the cervix malfunctions lead to SPTB. We review the mechanisms by which our current interventions are hypothesized to work. Finally, we outline gaps in knowledge and future research directions that may lead to novel and effective interventions to prevent premature cervical failure and SPTB.",Best practice & research. Clinical obstetrics & gynaecology,2018.0,Journal Article; Review,10.1016/j.bpobgyn.2018.03.007,NCBI PubMed E-utilities,success,,PubMed co-mention retrieval baseline only; not evidence polarity classification.
repodb_04246cb3a1c31ef7,Progesterone,Premature Birth,negative,"""Progesterone"" AND ""Premature Birth"" AND (failed OR failure OR ineffective OR toxicity OR adverse OR discontinued)",40935131,Progesterone regulation of cervix ripening in preterm and term birth in mice.,"With an automated image analysis approach using artificial intelligence and machine learning, cytoarchitectural and spatial characteristics of prepartum cervix remodeling occur before term and preterm birth with loss of response to progesterone. Evaluation of local features of inflammation associated with prepartum cervix remodeling may distinguish pathophysiological from physiological processes to reduce risk of adverse pregnancy outcomes. The cervix functions as a gatekeeper barrier to maintain pregnancy and virtually vanishes for birth. Cervix remodeling occurs well before term while progesterone (P4) is at or near peak in maternal circulation. The inflammatory ripening process is associated with reduced cell nuclei (CN) density, increased density of resident macrophages (Mφs), and reduced cross-linked collagen in stroma. Whether a functional or actual loss of response to P4 regulates cytomorphological characteristics associated with prepartum ripening at term was the focus of the present study. In a murine model, ovariectomy on pregnancy day 16 produced preterm birth (<24 h, Ovx) in mice with an oil-filled implant, while P4 treatment (Ovx + P4) and controls (PP) birthed at term. Cytoarchitecture of cervix remodeling (reduced CN/area and cross-linked collagen degradation) was advanced in Ovx compared to control mice, but forestalled by sustained plasma P4 in Ovx + P4 mice. Loss of response to P4 was also evident at term by increased resident Mφs in controls and Ovx + P4 PP mice from initial responses. By contrast, births were delayed or did not occur in ovary-intact mice given P4. Adverse pregnancy outcomes and dystocia were associated with arrest of prepartum cervix ripening. A novel spatial morphometric approach found Mφ-stain area/Mφ/CN increased during prepartum ripening versus that on preterm or term birth. This biomarker for local inflammation was blocked in intact + P4 mice. Mφ area, as indicative of alternative activation versus smaller-sized inflammatory phenotypes, collectively suggests loss of prepartum cervix P4 responses in the final common pathway for term and preterm parturition.","Reproduction (Cambridge, England)",2025.0,"Journal Article; Research Support, N.I.H., Extramural; Research Support, Non-U.S. Gov't",10.1530/REP-25-0146,NCBI PubMed E-utilities,success,,PubMed co-mention retrieval baseline only; not evidence polarity classification.
repodb_04246cb3a1c31ef7,Progesterone,Premature Birth,negative,"""Progesterone"" AND ""Premature Birth"" AND (failed OR failure OR ineffective OR toxicity OR adverse OR discontinued)",19072464,Prevention of preterm birth.,"The preterm birth rate in the USA is nearing 13%. The recent rise has been attributed to increased indicated preterm births and multiple births following artificial conceptions. There are few obstetrical interventions that successfully delay or prevent spontaneous preterm birth or reduce the risk factors leading to indicated preterm birth. On the other hand, there are many strategies that have improved outcomes for those infants who are born preterm. These include the use of corticosteroids for fetal maturation and regionalization of perinatal care for high-risk mothers and their infants. Several interventions, including progesterone use and cerclage, demonstrate promise in reducing spontaneous preterm births. The most pressing need is to better define the populations of pregnant women for whom these and other interventions will effectively reduce preterm birth.","Women's health (London, England)",2008.0,Journal Article; Review,10.2217/17455057.4.6.625,NCBI PubMed E-utilities,success,,PubMed co-mention retrieval baseline only; not evidence polarity classification.
repodb_04246cb3a1c31ef7,Progesterone,Premature Birth,negative,"""Progesterone"" AND ""Premature Birth"" AND (failed OR failure OR ineffective OR toxicity OR adverse OR discontinued)",27662646,Progesterone in normal and pathological pregnancy.,"Progesterone is an essential hormone in the process of reproduction. It is involved in the menstrual cycle, implantation and is essential for pregnancy maintenance. It has been proposed and extensively used in the treatment of different gynecological pathologies as well as in assisted reproductive technologies and in the maintenance of pregnancy. Called ""the pregnancy hormone"", natural progesterone is essential before pregnancy and has a crucial role in its maintenance based on different mechanisms such as: modulation of maternal immune response and suppression of inflammatory response (the presence of progesterone and its interaction with progesterone receptors at the decidua level appears to play a major role in the maternal defense strategy), reduction of uterine contractility (adequate progesterone concentrations in myometrium are able to counteract prostaglandin stimulatory activity as well as oxytocin), improvement of utero-placental circulation and luteal phase support (it has been demonstrated that progesterone may promote the invasion of extravillous trophoblasts to the decidua by inhibiting apoptosis of extravillous trophoblasts). Once the therapeutic need of progesterone is established, the key factor is the decision of the best route to administer the hormone and the optimal dosage determination. Progesterone can be administered by many different routes, but the most utilized are oral, the vaginal and intramuscular administration. The main uses of progesterone are represented by: threatened miscarriage, recurrent miscarriage and preterm birth (in the prevention strategy, as a tocolytic agent and also in the maintenance of uterine quiescence).",Hormone molecular biology and clinical investigation,2016.0,Journal Article; Review,10.1515/hmbci-2016-0038,NCBI PubMed E-utilities,success,,PubMed co-mention retrieval baseline only; not evidence polarity classification.
repodb_04246cb3a1c31ef7,Progesterone,Premature Birth,negative,"""Progesterone"" AND ""Premature Birth"" AND (failed OR failure OR ineffective OR toxicity OR adverse OR discontinued)",27156350,Polycystic ovary syndrome: Endometrial markers.,"Women with polycystic ovarian syndrome (PCOS) present with several endometrial abnormalities possibly explaining some of the adverse endometrium-related outcomes in these women. PCOS and an increased miscarriage rate have been suggested to coincide, but the results are conflicting. Recent studies have also shown increased risks of pregnancy-induced hypertension, preeclampsia, and premature delivery that may be related to altered decidualization/placentation in affected women. In the long run, PCOS per se is associated with the occurrence of endometrial cancer (EC), with obesity aggravating the risk. Most investigated markers of the endometrial abnormalities in women with PCOS are related to steroid hormone action (ERs (estrogen receptors), PRs (progesterone receptors), ARs (androgen receptors), and steroid receptor coactivators), endometrial receptivity/decidualization (HOXA10, αvβ3 integrin, and IGFBP-1 (insulin-like growth factor-binding protein 1)), glucose metabolism (IRs (insulin receptors), glucose transporters, IGFs) and inflammation/immune cell migration ((IL-6 (interleukin 6), CCL2 (CC motif ligand), and uNK (uterine natural killer) cells). Despite several endometrial abnormalities in women with PCOS, the clinical relevance of these findings still awaits future clarification; to date, no common screening protocols/recommendations for women with PCOS have been established.",Best practice & research. Clinical obstetrics & gynaecology,2016.0,Journal Article; Review,10.1016/j.bpobgyn.2016.03.008,NCBI PubMed E-utilities,success,,PubMed co-mention retrieval baseline only; not evidence polarity classification.
repodb_04246cb3a1c31ef7,Progesterone,Premature Birth,negative,"""Progesterone"" AND ""Premature Birth"" AND (failed OR failure OR ineffective OR toxicity OR adverse OR discontinued)",38471724,"Cervical pessary versus vaginal progesterone in women with a singleton pregnancy, a short cervix, and no history of spontaneous preterm birth at less than 34 weeks' gestation: open label, multicentre, randomised, controlled trial.","To compare the effectiveness of cervical pessary and vaginal progesterone in the prevention of adverse perinatal outcomes and preterm birth in pregnant women of singletons with no prior spontaneous preterm birth at less than 34 weeks' gestation and who have a short cervix of 35 mm or less. Open label, multicentre, randomised, controlled trial. 20 hospitals and five obstetric ultrasound practices in the Netherlands. Women with a healthy singleton pregnancy and an asymptomatic short cervix of 35 mm or less between 18 and 22 weeks' gestation were eligible. Exclusion criteria were prior spontaneous preterm birth at less than 34 weeks, a cerclage in situ, maternal age of younger than 18 years, major congenital abnormalities, prior participation in this trial, vaginal blood loss, contractions, cervical length of less than 2 mm or cervical dilatation of 3 cm or more. Sample size was set at 628 participants. 1:1 randomisation to an Arabin cervical pessary or vaginal progesterone 200 mg daily up to 36 weeks' of gestation or earlier in case of ruptured membranes, signs of infection, or preterm labour besides routine obstetric care. Primary outcome was a composite adverse perinatal outcome. Secondary outcomes were rates of (spontaneous) preterm birth at less than 28, 32, 34, and 37 weeks. A predefined subgroup analysis was planned for cervical length of 25 mm or less. From 1 July 2014 to 31 March 2022, 635 participants were randomly assigned to pessary (n=315) or to progesterone (n=320). 612 were included in the intention to treat analysis. The composite adverse perinatal outcome occurred in 19 (6%) of 303 participants with a pessary versus 17 (6%) of 309 in the progesterone group (crude relative risk 1.1 (95% confidence interval (CI) 0.60 to 2.2)). The rates of spontaneous preterm birth were not significantly different between groups. In the subgroup of cervical length of 25 mm or less, spontaneous preterm birth at less than 28 weeks occurred more often after pessary than after progesterone (10/62 (16%) v 3/69 (4%), relative risk 3.7 (95% CI 1.1 to 12.9)) and adverse perinatal outcomes seemed more frequent in the pessary group (15/62 (24%) v 8/69 (12%), relative risk 2.1 (0.95 to 4.6)). In women with a singleton pregnancy with no prior spontaneous preterm birth at less than 34 weeks' gestation and with a midtrimester short cervix of 35 mm or less, pessary is not better than vaginal progesterone. In the subgroup of a cervical length of 25 mm or less, a pessary seemed less effective in preventing adverse outcomes. Overall, for women with single baby pregnancies, a short cervix, and no prior spontaneous preterm birth less than 34 weeks' gestation, superiority of a cervical pessary compared with vaginal progesterone to prevent preterm birth and consecutive adverse outcomes could not be proven. International Clinical Trial Registry Platform (ICTRP, EUCTR2013-002884-24-NL).",BMJ (Clinical research ed.),2024.0,Comparative Study; Equivalence Trial; Journal Article; Multicenter Study; Randomized Controlled Trial,10.1136/bmj-2023-077033,NCBI PubMed E-utilities,success,,PubMed co-mention retrieval baseline only; not evidence polarity classification.
repodb_04246cb3a1c31ef7,Progesterone,Premature Birth,negative,"""Progesterone"" AND ""Premature Birth"" AND (failed OR failure OR ineffective OR toxicity OR adverse OR discontinued)",30081430,Progestogen for treating threatened miscarriage.,"Miscarriage is a common complication encountered during pregnancy. It is defined as spontaneous pregnancy loss before 20 weeks' gestation. Progesterone's physiological role is to prepare the uterus for the implantation of the embryo, enhance uterine quiescence and suppress uterine contractions, hence, it may play a role in preventing rejection of the embryo. Inadequate secretion of progesterone in early pregnancy has been linked to the aetiology of miscarriage and progesterone supplementation has been used as a treatment for threatened miscarriage to prevent spontaneous pregnancy loss. This update of the Cochrane Review first published in 2007, and previously updated in 2011, investigates the evidence base for this practice. To determine the efficacy and the safety of progestogens in the treatment of threatened miscarriage. We searched Cochrane Pregnancy and Childbirth's Trials Register, ClinicalTrials.gov and the WHO International Clinical Trials Registry Platform (ICTRP) (8 August 2017) and reference lists of retrieved trials. Randomised, quasi-randomised or cluster-randomised controlled trials, that compared progestogen with placebo, no treatment or any other treatment for the treatment of threatened miscarriage in women carrying singleton pregnancy. At least two review authors assessed the trials for inclusion in the review, assessed trial quality and extracted the data and graded the body of evidence. We included seven trials (involving 696 participants) in this update of the review. The included trials were conducted in different countries, covering the full spectrum of the World Bank's economic classification, which enhances the applicability of evidence drawn from this review. Two trials were conducted in Germany and Italy which are high-income countries, while four trials were conducted in upper-middle income countries; two in Iran, one in Malaysia and the fourth in Turkey, and the seventh trial was conducted in Jordan, which is a lower-middle income country. In six trials all the participants met the inclusion criteria and in the seventh study, we included in the meta-analysis only the subgroup of participants who met the inclusion criteria. We assessed the body of evidence for the main outcomes using the GRADE tool and the quality of the evidence ranged from very low to moderate. Downgrading of evidence was based on the high risk of bias in six of the seven included trials and a small number of events and wide confidence intervals for some outcomes.Treatment of miscarriage with progestogens compared to placebo or no treatment probably reduces the risk of miscarriage; (risk ratio (RR) 0.64, 95% confidence interval (CI) 0.47 to 0.87; 7 trials; 696 women; moderate-quality evidence). Treatment with oral progestogen compared to no treatment also probably reduces the miscarriage rate (RR 0.57, 95% CI 0.38 to 0.85; 3 trials; 408 women; moderate-quality evidence). However treatment with vaginal progesterone compared to placebo, probably has little or no effect in reducing the miscarriage rate (RR 0.75, 95% CI 0.47 to 1.21; 4 trials; 288 women; moderate-quality evidence). The subgroup interaction test indicated no difference according to route of administration between the oral and vaginal subgroups of progesterone.Treatment of preterm birth with the use of progestogens compared to placebo or no treatment may have little or no effect in reducing the rate of preterm birth (RR 0.86, 95% CI 0.52 to 1.44; 5 trials; 588 women; low-quality evidence).We are uncertain if treatment of threatened miscarriage with progestogens compared to placebo or no treatment has any effect on the rate of congenital abnormalities because the quality of the evidence is very low (RR 0.70, 95% CI 0.10 to 4.82; 2 trials; 337 infants; very-low quality evidence). The results of this Cochrane Review suggest that progestogens are probably effective in the treatment of threatened miscarriage but may have little or no effect in the rate of preterm birth. The evidence on congenital abnormalities is uncertain, because the quality of the evidence for this outcome was based on only two small trials with very few events and was found to be of very low quality.",The Cochrane database of systematic reviews,2018.0,"Journal Article; Meta-Analysis; Research Support, Non-U.S. Gov't; Systematic Review",10.1002/14651858.CD005943.pub5,NCBI PubMed E-utilities,success,,PubMed co-mention retrieval baseline only; not evidence polarity classification.
repodb_04246cb3a1c31ef7,Progesterone,Premature Birth,negative,"""Progesterone"" AND ""Premature Birth"" AND (failed OR failure OR ineffective OR toxicity OR adverse OR discontinued)",41576138,"Pregnancy outcomes in women at high risk of preterm birth receiving a vaginal cervical cerclage with, or without, progesterone: A retrospective, secondary analysis of the C-STICH randomised controlled trial data.","Vaginal cervical cerclage and progesterone are established treatments for prevention of pregnancy loss and prematurity. There is limited data to assess the effect of these treatments in combination. The objective of this study was to investigate the association between progesterone and no progesterone treatment on pregnancy outcomes in women at high risk of preterm birth who had received a vaginal cervical cerclage. This is a secondary post-hoc analysis of women recruited to the C-STICH randomised controlled trial, which recruited in 75 obstetric units in the UK between 2015 and 2021. In the C-STICH trial, women with a singleton pregnancy, receiving a vaginal cervical cerclage due to a history of pregnancy loss or premature birth, or if indicated by ultrasound, were randomised to cerclage with braided or monofilament suture, with a primary outcome of pregnancy loss, defined as miscarriage, stillbirth, or neonatal death in the first week of life. In this secondary analysis, the primary outcome was pregnancy loss, defined as miscarriage and perinatal mortality, including any stillbirth or neonatal death in the first week of life. Secondary maternal outcomes included miscarriage and previable neonatal death; stillbirth; gestational age at delivery; preterm pre labour rupture of membranes, and sepsis. Secondary neonatal outcomes included early/late neonatal death and sepsis. For each outcome, regression models were fitted adjusting for prespecified prognostic variables. From the 2,048 women recruited to C-STICH, 1943 (95%) women had a vaginal cerclage placed and available progesterone data. Of these, 834 (43%) women received progesterone and 1,109 (57%) did not receive progesterone. In women with primary outcome data available, in our predefined analysis pregnancy loss occurred in 49 (5.9%) of 832 women who received progesterone and 91 (8.3%) of 1,103 women who did not receive progesterone (adjusted* risk ratio 0.70 (95% confidence interval (CI) [0.50, 0.99]); adjusted risk difference -0.02 (95% CI [-0.04, -0.001], *adjusted for indication, obstetric history, surgical technique, and maternal age). Further exploratory analysis excluding women who had termination of pregnancy for foetal anomaly demonstrated a nonsignificant reduction in the risk of pregnancy loss. Key limitations of this study include a nonrandomised trial design and unknown confounding relating to variation in progesterone use. In women with a vaginal cervical cerclage and concomitant progesterone there appears to be an association with a reduced risk of pregnancy loss. This combination therapy may be an important opportunity to further reduce the risk of pregnancy loss in this high-risk cohort.",PLoS medicine,2026.0,Journal Article,10.1371/journal.pmed.1004513,NCBI PubMed E-utilities,success,,PubMed co-mention retrieval baseline only; not evidence polarity classification.
repodb_04246cb3a1c31ef7,Progesterone,Premature Birth,negative,"""Progesterone"" AND ""Premature Birth"" AND (failed OR failure OR ineffective OR toxicity OR adverse OR discontinued)",31172132,Oral progesterone for the prevention of recurrent preterm birth: systematic review and metaanalysis.,"The purpose of this study was to perform a systematic review and metaanalysis of randomized controlled trials on oral progesterone compared with placebo or other interventions for preterm birth prevention in singleton pregnancies with previous spontaneous preterm birth. The primary outcome was preterm birth at <37 weeks gestation; the secondary outcomes included preterm birth rate at <34 weeks gestation, neonatal morbidity/death, and maternal side-effects. Searches were performed in PubMed, Scopus, ClinicalTrials.gov, PROSPERO, EMBASE, and the Cochrane Register with the use of a combination of words related to ""preterm birth,"" ""preterm delivery,"" ""progesterone,"" ""progestogens,"" and ""oral"" from inception of each database to April 2018. Additionally, systematic reviews on progesterone for preterm birth prevention that were identified in our search were also reviewed for additional studies. We included all randomized trials of asymptomatic singleton gestations with previous spontaneous singleton preterm birth that had been randomized to prophylactic treatment with oral progesterone vs placebo, no treatment, or other preterm birth intervention. Exclusion criteria included quasirandomized trials, trials that involved women with preterm labor/membrane rupture at the time of randomization or multiple gestations. The risk of bias and quality of evidence were assessed for each study. All analyses were done with an intention-to-treat approach. The primary outcome was incidence of preterm birth at <37 weeks gestation; the secondary outcomes included preterm birth at <34 and <28 weeks gestation, maternal adverse events, maternal serum progesterone level, and neonatal morbidity and death. Summary measures were reported as relative risk or mean difference. I2 >30% was used to identify heterogeneity. The search strategy identified 79 distinct studies. Three trials on oral progesterone vs placebo (involved 386 patients: 196 in oral progesterone and 190 in placebo) met the inclusion criteria; there were no studies on oral progesterone vs other intervention that met inclusion criteria. Metaanalysis demonstrated a significantly decreased risk of preterm birth at <37 weeks gestation (42% vs 63%; P=.0005; relative risk, 0.68; 95% confidence interval, 0.55-0.84), preterm birth at <34 weeks gestation (29% vs 53%; P<.00001; relative risk, 0.55; 95% confidence interval, 0.43-0.71), and increased gestational age of delivery (mean difference, 1.71 weeks; 95% confidence interval, 1.11-2.30) with oral progesterone compared with placebo. There was a significantly lower rate of perinatal death (5% vs 17%; P=.001; relative risk 0.32; 95% confidence interval, 0.16-0.63), neonatal intensive care admission (relative risk, 0.39; 95% confidence interval, 0.25-0.61), respiratory distress syndrome (relative risk, 0.21; 95% confidence interval, 0.05-0.93), and higher birthweight (mean difference, 435.06 g; 95% confidence interval, 324.59-545.52) with oral progesterone. There was a higher rate of maternal adverse effects with oral progesterone that included dizziness (relative risk, 2.95; 95% confidence interval, 1.47-5.90), somnolence (relative risk, 2.06; 95% confidence interval, 1.29-3.30), and vaginal dryness (relative risk, 2.37; 95% confidence interval, 1.10-5.11); no serious adverse effects were noted. Oral progesterone appears to be effective for the prevention of recurrent preterm birth and a reduction in perinatal morbidity and mortality rates in asymptomatic singleton gestations with a history of previous spontaneous preterm birth compared with placebo. There were also increased adverse effects with oral progesterone therapy compared with placebo, although none were serious. Further randomized study on oral progesterone compared with other established therapies for the prevention of recurrent preterm birth are warranted.",American journal of obstetrics & gynecology MFM,2019.0,"Journal Article; Meta-Analysis; Research Support, N.I.H., Extramural; Systematic Review",10.1016/j.ajogmf.2019.03.001,NCBI PubMed E-utilities,success,,PubMed co-mention retrieval baseline only; not evidence polarity classification.
repodb_04246cb3a1c31ef7,Progesterone,Premature Birth,negative,"""Progesterone"" AND ""Premature Birth"" AND (failed OR failure OR ineffective OR toxicity OR adverse OR discontinued)",18989126,Pregnancy management after cervical surgery.,"An amplified risk of adverse pregnancy outcomes after excisional cervical surgery has been identified. Procedures such as cold-knife conization, laser conization, loop electrosurgical excision procedure, and trachelectomy increase the risk of preterm delivery and preterm premature rupture of membranes. Few studies have evaluated prenatal care considerations after these procedures. This review discusses pregnancy management after cervical surgery. Data showing an association between excisional and ablative procedures of the cervix and subsequent preterm delivery or preterm premature rupture of membranes are increasing and include more recent information from larger case series and meta-analyses. The need for appropriate and evidence-based management strategies during subsequent pregnancy has arisen. Screening for genital tract infection, sonographic cervical length surveillance, and progesterone administration for cervical shortening may lead to improved pregnancy outcomes in women at high risk for preterm delivery, including women who have undergone cervical surgery. Modifiable risk factors such as depth of conization and procedure-to-pregnancy time interval should be recognized and clinicians should avoid overtreatment for preinvasive cervical lesions. A number of procedures performed for a variety of indications can be considered excisional cervical surgery. As a result, no standard recommendations for pregnancy management following cervical surgery exist. Given the increased risk of pregnancy complications, certain screening tests or interventions may be appropriate for these women.",Current opinion in obstetrics & gynecology,2008.0,Journal Article; Review,10.1097/GCO.0b013e328317a411,NCBI PubMed E-utilities,success,,PubMed co-mention retrieval baseline only; not evidence polarity classification.
repodb_04246cb3a1c31ef7,Progesterone,Premature Birth,negative,"""Progesterone"" AND ""Premature Birth"" AND (failed OR failure OR ineffective OR toxicity OR adverse OR discontinued)",36694081,Progress on the Role of Estrogen and Progesterone Signaling in Mouse Embryo Implantation and Decidualization.,"Embryo implantation and decidualization are key steps in establishing a successful pregnancy. Defects in embryo implantation and decidualization can cause a series of adverse chain reactions which can contribute to harmful pregnancy outcomes, such as embryo growth retardation, preeclampsia, miscarriage, premature birth, and so on. Approximately 75% of failed pregnancies are considered to be due to embryo implantation failure or defects. Decidualization, characterized by proliferation and differentiation of uterine stromal cells, is one of the essential conditions for blastocyst implantation, placental formation, and maintenance of pregnancy and is indispensable for the establishment of pregnancy in many species. Embryo implantation and decidualization are closely regulated by estrogen and progesterone secreted by the ovaries. Many cellular events and molecular signaling network pathways are involved in this process. This article reviews the recent advances in the molecular mechanisms of estrogen- and progesterone-regulating uterine receptivity establishment, blastocyst implantation, and decidualization, in order to better understand the underlying molecular mechanisms of hormonal regulation of embryo implantation and to develop new strategies for preventing or treating embryo implantation defects and improving the pregnancy rate of women.","Reproductive sciences (Thousand Oaks, Calif.)",2023.0,"Journal Article; Review; Research Support, Non-U.S. Gov't",10.1007/s43032-023-01169-0,NCBI PubMed E-utilities,success,,PubMed co-mention retrieval baseline only; not evidence polarity classification.
repodb_04246cb3a1c31ef7,Progesterone,Premature Birth,negative,"""Progesterone"" AND ""Premature Birth"" AND (failed OR failure OR ineffective OR toxicity OR adverse OR discontinued)",35894722,Progesterone and Preterm Birth: Using Empirical Research to Explore Structural Racism Within Midwifery-Led Care.,"Progesterone has been the standard of practice for the prevention of preterm birth for decades. The drug received expedited Food and Drug Administration approval, prior to the robust demonstration of scientific efficacy. Prospective research from the American Association of Birth Centers Perinatal Data Registry, 2007-2020. Two-tailed t tests, logistic regression, and propensity score matching were used. Midwifery-led care was underutilized by groups most at risk for preterm birth and was shown to be effective at maintaining low preterm birth rates. The model did not demonstrate reliable access to progesterone. People of color are most at risk of preterm birth, yet were least likely to receiving progesterone treatment. Progesterone was not demonstrated to be effective at decreasing preterm birth when comparing the childbearing people with a history of preterm birth who used the medication and those who did not within this sample. This study adds to the body of research that demonstrates midwifery-led care and low preterm birth rates. The ineffectiveness of progesterone in the prevention of preterm birth among people at risk was demonstrated.",The Journal of perinatal & neonatal nursing,2022.0,Journal Article,10.1097/JPN.0000000000000664,NCBI PubMed E-utilities,success,,PubMed co-mention retrieval baseline only; not evidence polarity classification.
repodb_04246cb3a1c31ef7,Progesterone,Premature Birth,mechanism,"""Progesterone"" AND ""Premature Birth"" AND (mechanism OR target OR pathway)",36712773,Preterm Birth: An Overview.,"Birth order has a significant impact on perinatal and long-term outcomes. Preterm birth rates, ranging from 5% to 18%, are regrettably still high in industrialized and developing countries, making them the main contributor to infant mortality and morbidity. Infection, cervical pathology, uterine overdistension, progesterone deficiency, stress on the mother and fetus, allograft reaction, allergic phenomena, and likely more unknown factors are just a few of the causes of preterm birth syndrome. These several causes may improperly stimulate the usual pathway between the decidua and the fetal membranes, resulting in cervical ripening, membrane rupture, and uterine contractility. Some of the mechanisms underpinning these actions include receptors, chemokines, and inflammatory cytokines. For early identification, treatment, and avoidance of negative consequences, it is essential to understand the cellular and metabolic mechanisms that cause preterm labor. Clinicians and researchers are crucial to improving our knowledge of the biochemistry of preterm delivery, identifying risk factors, and creating treatments for this challenging condition. Intrauterine growth restriction and pre-eclampsia or eclampsia are frequent causes of suspected preterm births. ""Spontaneous preterm births"" occur after preterm labor that develops without warning with an early membrane rupture. It is thought that the condition that may cause these births may have several causes, such as uterine overdistension, vascular disease, infection, or inflammation. Unplanned preterm births have several reasons, including the black race, periodontal disease, low mother body mass index (BMI), and previous preterm births. A short cervical length and a high cervical-vaginal fetal fibronectin concentration are the two best signs of premature birth.",Cureus,2022.0,Journal Article; Review,10.7759/cureus.33006,NCBI PubMed E-utilities,success,,PubMed co-mention retrieval baseline only; not evidence polarity classification.
repodb_04246cb3a1c31ef7,Progesterone,Premature Birth,mechanism,"""Progesterone"" AND ""Premature Birth"" AND (mechanism OR target OR pathway)",33773630,Evaluating Progestogens for Preventing Preterm birth International Collaborative (EPPPIC): meta-analysis of individual participant data from randomised controlled trials.,"Preterm birth is a global health priority. Using a progestogen during high-risk pregnancy could reduce preterm birth and adverse neonatal outcomes. We did a systematic review of randomised trials comparing vaginal progesterone, intramuscular 17-hydroxyprogesterone caproate (17-OHPC), or oral progesterone with control, or with each other, in asymptomatic women at risk of preterm birth. We identified published and unpublished trials that completed primary data collection before July 30, 2016, (12 months before data collection began), by searching MEDLINE, Embase, CINAHL, the Maternity and Infant Care Database, and relevant trial registers between inception and July 30, 2019. Trials of progestogen to prevent early miscarriage or immediately-threatened preterm birth were excluded. Individual participant data were requested from investigators of eligible trials. Outcomes included preterm birth, early preterm birth, and mid-trimester birth. Adverse neonatal sequelae associated with early births were assessed using a composite of serious neonatal complications, and individually. Adverse maternal outcomes were investigated as a composite and individually. Individual participant data were checked and risk of bias assessed independently by two researchers. Primary meta-analyses used one-stage generalised linear mixed models that incorporated random effects to allow for heterogeneity across trials. This meta-analysis is registered with PROSPERO, CRD42017068299. Initial searches identified 47 eligible trials. Individual participant data were available for 30 of these trials. An additional trial was later included in a targeted update. Data were therefore available from a total of 31 trials (11 644 women and 16185 offspring). Trials in singleton pregnancies included mostly women with previous spontaneous preterm birth or short cervix. Preterm birth before 34 weeks was reduced in such women who received vaginal progesterone (nine trials, 3769 women; relative risk [RR] 0·78, 95% CI 0·68-0·90), 17-OHPC (five trials, 3053 women; 0·83, 0·68-1·01), and oral progesterone (two trials, 181 women; 0·60, 0·40-0·90). Results for other birth and neonatal outcomes were consistently favourable, but less certain. A possible increase in maternal complications was suggested, but this was uncertain. We identified no consistent evidence of treatment interaction with any participant characteristics examined, although analyses within subpopulations questioned efficacy in women who did not have a short cervix. Trials in multifetal pregnancies mostly included women without additional risk factors. For twins, vaginal progesterone did not reduce preterm birth before 34 weeks (eight trials, 2046 women: RR 1·01, 95% CI 0·84-1·20) nor did 17-OHPC for twins or triplets (eight trials, 2253 women: 1·04, 0·92-1·18). Preterm premature rupture of membranes was increased with 17-OHPC exposure in multifetal gestations (rupture <34 weeks RR 1·59, 95% CI 1·15-2·22), but we found no consistent evidence of benefit or harm for other outcomes with either vaginal progesterone or 17-OHPC. Vaginal progesterone and 17-OHPC both reduced birth before 34 weeks' gestation in high-risk singleton pregnancies. Given increased underlying risk, absolute risk reduction is greater for women with a short cervix, hence treatment might be most useful for these women. Evidence for oral progesterone is insufficient to support its use. Shared decision making with woman with high-risk singleton pregnancies should discuss an individual's risk, potential benefits, harms and practicalities of intervention. Treatment of unselected multifetal pregnancies with a progestogen is not supported by the evidence. Patient-Centered Outcomes Research Institute.","Lancet (London, England)",2021.0,Journal Article; Meta-Analysis; Systematic Review,10.1016/S0140-6736(21)00217-8,NCBI PubMed E-utilities,success,,PubMed co-mention retrieval baseline only; not evidence polarity classification.
repodb_04246cb3a1c31ef7,Progesterone,Premature Birth,mechanism,"""Progesterone"" AND ""Premature Birth"" AND (mechanism OR target OR pathway)",32524598,Progesterone and preterm birth.,"Progestogens (vaginal progesterone and intramuscular 17-hydroxyprogesterone acetate) are widely recommended for women at high risk of preterm birth. Typical regimens include 17-hydroxyprogesterone caproate (250 mg intramuscularly weekly), starting at 16-20 gestational weeks until 36 weeks or delivery for women with a singleton gestation and a history of spontaneous preterm birth, or vaginal progesterone (90-mg vaginal gel or 200-mg micronized vaginal soft capsules) for women with a short cervix (typically ≤25 mm). Although some randomized trials support this approach, neither of the largest trials (PROLONG for 17-hydroxyprogesterone acetate or OPPTIMUM for vaginal progesterone) demonstrated efficacy. There are almost no data on long-term effects, and none that shows benefit beyond the neonatal period. Although some analyses suggest the cost-effectiveness of the approach, a cervical length screening program followed by progesterone for those with a short cervix will reduce preterm birth rates by less than 0.5%. The present review assesses evidence on the efficacy, likely impact, and long-term effects of implementing the recommendations for progestogens in full. Clinicians and pregnant women can look forward to resolution of the conflicting views on efficacy once the Patient-Centered Outcomes Research Initiative (PCORI)-funded individual patient data meta-analysis is published.",International journal of gynaecology and obstetrics: the official organ of the International Federation of Gynaecology and Obstetrics,2020.0,Journal Article; Review,10.1002/ijgo.13187,NCBI PubMed E-utilities,success,,PubMed co-mention retrieval baseline only; not evidence polarity classification.
repodb_04246cb3a1c31ef7,Progesterone,Premature Birth,mechanism,"""Progesterone"" AND ""Premature Birth"" AND (mechanism OR target OR pathway)",24936913,Progesterone.,"Progestogens are a promising treatment in the prevention of spontaneous preterm birth in high-risk women. In women with a prior history of spontaneous preterm delivery and in women with a sonographic shortened cervix, there is considerable evidence supporting a benefit of progestogen therapy in the reduction of preterm delivery. In women with multifetal gestations, progestogen therapy has not been shown to be beneficial. Data are inconclusive in women with arrested preterm labor. Questions remain about the mechanism of progestogen action, the optimal type of progestogen, the best mode of administration, and the ideal dosing regimen.",Clinical obstetrics and gynecology,2014.0,Journal Article; Review,10.1097/GRF.0000000000000039,NCBI PubMed E-utilities,success,,PubMed co-mention retrieval baseline only; not evidence polarity classification.
repodb_04246cb3a1c31ef7,Progesterone,Premature Birth,mechanism,"""Progesterone"" AND ""Premature Birth"" AND (mechanism OR target OR pathway)",32038651,Immunobiology of Cervix Ripening.,"The cervix is the essential gatekeeper for birth. Incomplete cervix remodeling contributes to problems with delivery at or post-term while preterm birth is a major factor in perinatal morbidity and mortality in newborns. Lack of cervix biopsies from women during the period preceding term or preterm birth have led to use of rodent models to advanced understanding of the mechanism for prepartum cervix remodeling. The critical transition from a soft cervix to a compliant prepartum lower uterine segment has only recently been recognized to occur in various mammalian species when progesterone in circulation is at or near the peak of pregnancy in preparation for birth. In rodents, characterization of ripening resembles an inflammatory process with a temporal coincidence of decreased density of cell nuclei, decline in cross-linked extracellular collagen, and increased presence of macrophages in the cervix. Although a role for inflammation in parturition and cervix remodeling is not a new concept, a comprehensive examination of literature in this review reveals that many conclusions are drawn from comparisons before and after ripening has occurred, not during the process. The present review focuses on essential phenotypes and functions of resident myeloid and possibly other immune cells to bridge the gap with evidence that specific biomarkers may assess the progress of ripening both at term and with preterm birth. Moreover, use of endpoints to determine the effectiveness of various therapeutic approaches to forestall remodeling and reduce risks for preterm birth, or facilitate ripening to promote parturition will improve the postpartum well-being of mothers and newborns.",Frontiers in immunology,2019.0,"Journal Article; Research Support, N.I.H., Extramural; Research Support, Non-U.S. Gov't; Review",10.3389/fimmu.2019.03156,NCBI PubMed E-utilities,success,,PubMed co-mention retrieval baseline only; not evidence polarity classification.
repodb_04246cb3a1c31ef7,Progesterone,Premature Birth,mechanism,"""Progesterone"" AND ""Premature Birth"" AND (mechanism OR target OR pathway)",37683774,Progesterone control of myometrial contractility.,"During pregnancy, the primary function of the uterus is to be quiescent and not contract, which allows the growing fetus to develop and mature. A uterine muscle layer, myometrium, is composed of smooth muscle cells (SMCs). Before the onset of labor contractions, the uterine SMCs experience a complex biochemical and molecular transformation involving the expression of contraction-associated proteins. Labor is initiated when genes in SMCs are activated in response to a combination of hormonal, inflammatory and mechanical signals. In this review, we provide an overview of molecular mechanisms regulating the process of parturition in humans, focusing on the hormonal control of the myometrium, particularly the steroid hormone progesterone. The primary reason for discussing the regulation of myometrial contractility by progesterone is the importance of the clinical problem of preterm birth. It is thought that the hormonal mechanisms regulating premature uterine contractions represent an untimely triggering of the normal events occurring during term parturition. Yet, our knowledge of the complex and redundant hormonal pathways controlling uterine contractile activity leading to delivery of the neonate remains incomplete. Finally, we introduce recent animal studies using a novel class of drugs, Selective Progesterone Receptor Modulators, targeting progesterone signaling to prevent premature myometrial contractions.",The Journal of steroid biochemistry and molecular biology,2023.0,"Review; Journal Article; Research Support, Non-U.S. Gov't",10.1016/j.jsbmb.2023.106397,NCBI PubMed E-utilities,success,,PubMed co-mention retrieval baseline only; not evidence polarity classification.
repodb_04246cb3a1c31ef7,Progesterone,Premature Birth,mechanism,"""Progesterone"" AND ""Premature Birth"" AND (mechanism OR target OR pathway)",40097636,Targeting FKBP51 prevents stress-induced preterm birth.,"Preterm birth (PTB) is a leading cause of perinatal morbidity and mortality, with maternal stress-related disorders, such as depression and anxiety, linked to idiopathic PTB (iPTB). At the maternal-fetal interface, decidualized stromal cells (DSCs) exclusively express the progesterone receptor (PR) and play pivotal roles in maintaining pregnancy and initiating labor. DSCs also express FKBP51, a protein that binds to and inhibits transcriptional activity of glucocorticoid and PR receptors and is associated with stress-related diseases. We previously found that iPTB specimens exhibit increased FKBP51 levels and enhanced FKBP51-PR interactions in DSC nuclei. Additionally, we demonstrated that Fkbp5-deficient mice have prolonged gestation and are resistant to stress-induced PTB, suggesting that FKBP51 contributes to iPTB pathogenesis. Since no FDA-approved therapy exists for PTB, we hypothesized that inhibiting FKBP51 could prevent iPTB. Our current results show that the endogenous prostaglandin D2 derivative 15dPGJ2 reduces FKBP51 levels and FKBP51-PR interactions in cultured cells. Maternal stress increases uterine expression of Fkbp5, Oxtr, and Akr1c18, leading to shortened gestation. However, treatment with 15dPGJ2 lowers uterine Fkbp51, Oxtr, and Ptgs2 levels and prevents stress-induced PTB. Notably, co-treatment with 15dPGJ2 and either P4 or R5020 produced the most significant effects, highlighting the potential of 15dPGJ2 alone or in combination with progestins as a promising therapeutic strategy to prevent PTB.",EMBO molecular medicine,2025.0,Journal Article,10.1038/s44321-025-00211-9,NCBI PubMed E-utilities,success,,PubMed co-mention retrieval baseline only; not evidence polarity classification.
repodb_04246cb3a1c31ef7,Progesterone,Premature Birth,mechanism,"""Progesterone"" AND ""Premature Birth"" AND (mechanism OR target OR pathway)",30314740,Cervical alterations in pregnancy.,"Spontaneous preterm birth (SPTB), defined as delivery before 37 weeks' gestation, remains a significant obstetric dilemma even after decades of research in this field. Although trends from 2007 to 2014 showed the rate of preterm birth slightly decreased, the CDC recently reported the rate of preterm birth has increased for two consecutive years since 2014. Currently, 1 in 10 pregnancies in the US still end prematurely. In this chapter, we focus on the ""compartment"" of the cervix. The goal is to outline the current knowledge of normal cervical structure and function in pregnancy and the current knowledge of how the cervix malfunctions lead to SPTB. We review the mechanisms by which our current interventions are hypothesized to work. Finally, we outline gaps in knowledge and future research directions that may lead to novel and effective interventions to prevent premature cervical failure and SPTB.",Best practice & research. Clinical obstetrics & gynaecology,2018.0,Journal Article; Review,10.1016/j.bpobgyn.2018.03.007,NCBI PubMed E-utilities,success,,PubMed co-mention retrieval baseline only; not evidence polarity classification.
repodb_04246cb3a1c31ef7,Progesterone,Premature Birth,mechanism,"""Progesterone"" AND ""Premature Birth"" AND (mechanism OR target OR pathway)",40935131,Progesterone regulation of cervix ripening in preterm and term birth in mice.,"With an automated image analysis approach using artificial intelligence and machine learning, cytoarchitectural and spatial characteristics of prepartum cervix remodeling occur before term and preterm birth with loss of response to progesterone. Evaluation of local features of inflammation associated with prepartum cervix remodeling may distinguish pathophysiological from physiological processes to reduce risk of adverse pregnancy outcomes. The cervix functions as a gatekeeper barrier to maintain pregnancy and virtually vanishes for birth. Cervix remodeling occurs well before term while progesterone (P4) is at or near peak in maternal circulation. The inflammatory ripening process is associated with reduced cell nuclei (CN) density, increased density of resident macrophages (Mφs), and reduced cross-linked collagen in stroma. Whether a functional or actual loss of response to P4 regulates cytomorphological characteristics associated with prepartum ripening at term was the focus of the present study. In a murine model, ovariectomy on pregnancy day 16 produced preterm birth (<24 h, Ovx) in mice with an oil-filled implant, while P4 treatment (Ovx + P4) and controls (PP) birthed at term. Cytoarchitecture of cervix remodeling (reduced CN/area and cross-linked collagen degradation) was advanced in Ovx compared to control mice, but forestalled by sustained plasma P4 in Ovx + P4 mice. Loss of response to P4 was also evident at term by increased resident Mφs in controls and Ovx + P4 PP mice from initial responses. By contrast, births were delayed or did not occur in ovary-intact mice given P4. Adverse pregnancy outcomes and dystocia were associated with arrest of prepartum cervix ripening. A novel spatial morphometric approach found Mφ-stain area/Mφ/CN increased during prepartum ripening versus that on preterm or term birth. This biomarker for local inflammation was blocked in intact + P4 mice. Mφ area, as indicative of alternative activation versus smaller-sized inflammatory phenotypes, collectively suggests loss of prepartum cervix P4 responses in the final common pathway for term and preterm parturition.","Reproduction (Cambridge, England)",2025.0,"Journal Article; Research Support, N.I.H., Extramural; Research Support, Non-U.S. Gov't",10.1530/REP-25-0146,NCBI PubMed E-utilities,success,,PubMed co-mention retrieval baseline only; not evidence polarity classification.
repodb_04246cb3a1c31ef7,Progesterone,Premature Birth,mechanism,"""Progesterone"" AND ""Premature Birth"" AND (mechanism OR target OR pathway)",34096691,Endometriosis and adverse pregnancy outcome.,"Endometriosis is a gynecologic disease affecting approximately 10% of reproductive age women, around 21-47% of women presenting subfertility and 71-87% of women with chronic pelvic pain. Main symptoms are chronic pelvic pain, dysmenorrhea, dyspareunia and infertility that seem to be well controlled by oral contraceptive pill, progestogens, GnRh antagonists. The aim of this review was to illustrate the modern diagnosis of endometriosis during pregnancy, to evaluate the evolution of endometriotic lesions during pregnancy and the incidence of adverse outcomes. Published literature was retrieved through searches of the database PubMed (National Center for Biotechnology Information, US National Library of Medicine, Bethesda, MD, USA). We searched for all original articles published in English through April 2020 and decided to extract every notable information for potential inclusion in this review. The search included the following MeSH search terms, alone or in combination: ""endometriosis"" combined with ""endometrioma,"" ""biomarkers,"" ""complications,"" ""bowel,"" ""urinary tract,"" ""uterine rupture,"" ""spontaneous hemoperitoneum in pregnancy"" and more ""adverse pregnancy outcome,"" ""preterm birth,"" ""miscarriage,"" ""abruption placentae,"" ""placenta previa,"" ""hypertensive disorder,"" ""preeclampsia,"" ""fetal grow restriction,"" ""small for gestation age,"" ""cesarean delivery."" Pregnancy in women with endometriosis does not always lead to disappearance of symptoms and decrease in the size of endometriotic lesions, but it may be possible to observe a malignant transformation of ovarian endometriotic lesions. Onset of complications may be caused by many factors: chronic inflammation, adhesions, progesterone resistance and a dysregulation of genes involved in the embryo implantation. As results, the pregnancy can be more difficult because of endometriosis related complications (spontaneous hemoperitoneum [SH], bowel complications, etc.) or adverse outcomes like preterm birth, FGR, hypertensive disorders, obstetrics hemorrhages (placenta previa, abruptio placenta), miscarriage or cesarean section. Due to insufficient knowledge about its pathogenesis, currently literature data are contradictory and do not show a strong correlation between endometriosis and these complications except for miscarriage and cesarean delivery. Future research should focus on the potential biological pathways underlying these relationships in order to inform patients planning a birth about possible complications during pregnancy.",Minerva obstetrics and gynecology,2022.0,Journal Article; Review,10.23736/S2724-606X.20.04718-8,NCBI PubMed E-utilities,success,,PubMed co-mention retrieval baseline only; not evidence polarity classification.
repodb_04246cb3a1c31ef7,Progesterone,Premature Birth,mechanism,"""Progesterone"" AND ""Premature Birth"" AND (mechanism OR target OR pathway)",27662646,Progesterone in normal and pathological pregnancy.,"Progesterone is an essential hormone in the process of reproduction. It is involved in the menstrual cycle, implantation and is essential for pregnancy maintenance. It has been proposed and extensively used in the treatment of different gynecological pathologies as well as in assisted reproductive technologies and in the maintenance of pregnancy. Called ""the pregnancy hormone"", natural progesterone is essential before pregnancy and has a crucial role in its maintenance based on different mechanisms such as: modulation of maternal immune response and suppression of inflammatory response (the presence of progesterone and its interaction with progesterone receptors at the decidua level appears to play a major role in the maternal defense strategy), reduction of uterine contractility (adequate progesterone concentrations in myometrium are able to counteract prostaglandin stimulatory activity as well as oxytocin), improvement of utero-placental circulation and luteal phase support (it has been demonstrated that progesterone may promote the invasion of extravillous trophoblasts to the decidua by inhibiting apoptosis of extravillous trophoblasts). Once the therapeutic need of progesterone is established, the key factor is the decision of the best route to administer the hormone and the optimal dosage determination. Progesterone can be administered by many different routes, but the most utilized are oral, the vaginal and intramuscular administration. The main uses of progesterone are represented by: threatened miscarriage, recurrent miscarriage and preterm birth (in the prevention strategy, as a tocolytic agent and also in the maintenance of uterine quiescence).",Hormone molecular biology and clinical investigation,2016.0,Journal Article; Review,10.1515/hmbci-2016-0038,NCBI PubMed E-utilities,success,,PubMed co-mention retrieval baseline only; not evidence polarity classification.
repodb_04246cb3a1c31ef7,Progesterone,Premature Birth,mechanism,"""Progesterone"" AND ""Premature Birth"" AND (mechanism OR target OR pathway)",40815135,Progesterone Upregulated the Expression of AQP1 and AQP5 in the Mice Uterine Myometrium to Delay Preterm Birth via β-Catenin Signaling Pathway.,"Progesterone has been widely used to prevent preterm birth (PTB), and its specific therapeutic mechanism is still unclear. Myometrium aquaporins (AQPs) were associated with PTB. This study aimed to investigate the effect of progesterone on PTB and its underlying molecular mechanisms related to myometrium AQPs (AQP1, AQP5). We used lipopolysaccharide (LPS) to stimulate pregnant mice and human uterine smooth muscle cells (HUSMCs), thereby establishing a PTB model. Immunohistochemistry and immunocytochemistry revealed localizations of AQP1 and AQP5 in mice myometrium and HUSMCs, respectively. Western blots were used to detect AQP1, AQP5, iNOS, and COX2 expression in HUSMCs and mice myometrium. Enzyme-linked immunosorbent assay was used to measure the serum concentrations of progesterone in pregnant mice. Immunohistochemistry revealed localizations of AQP1, AQP5 mainly in mice myometrium. Progesterone significantly prevented PTB in pregnant mice induced by LPS, without affecting the number of embryos per litter or the rate of atrophic embryos, while also increasing the expression levels of AQPs. In HUSMCs, progesterone upregulated AQP1, AQP5 expression and activated the activity of β-Catenin. Inhibiting β-Catenin with XAV939 eliminated these alterations. Progesterone could prevent PTB in pregnant mice, possibly through upregulating myometrium AQP1, AQP5 expression via activating the activity of β-Catenin.",FASEB journal : official publication of the Federation of American Societies for Experimental Biology,2025.0,Journal Article,10.1096/fj.202500748RR,NCBI PubMed E-utilities,success,,PubMed co-mention retrieval baseline only; not evidence polarity classification.
repodb_04246cb3a1c31ef7,Progesterone,Premature Birth,mechanism,"""Progesterone"" AND ""Premature Birth"" AND (mechanism OR target OR pathway)",28527571,Progesterone Receptor Signaling in Uterine Myometrial Physiology and Preterm Birth.,"Myometrium holds the structural integrity for the uterus and generates force for parturition with its primary component, the smooth muscle cells. The progesterone receptor mediates progesterone-dependent signaling and connects to a network of pathways for regulation of contractility and inflammatory responses in myometrium. Dysfunctional progesterone signaling has been linked to pregnancy complications including preterm birth. In the present review, we summarize recent findings on modifiers and effectors of the progesterone receptor signaling. Discussions include novel conceptual discoveries and new development in legacy pathways such as the signal transducers NF-κB, ZEB, microRNA, and the unfolded protein response pathways. We also discuss the impact of progesterone receptor isoform composition and ligand accessibility in modification of the progesterone receptor genomic actions.",Current topics in developmental biology,2017.0,"Journal Article; Review; Research Support, N.I.H., Intramural",10.1016/bs.ctdb.2017.03.001,NCBI PubMed E-utilities,success,,PubMed co-mention retrieval baseline only; not evidence polarity classification.
repodb_04246cb3a1c31ef7,Progesterone,Premature Birth,mechanism,"""Progesterone"" AND ""Premature Birth"" AND (mechanism OR target OR pathway)",38705654,Preventing Preterm Birth: Exploring Innovative Solutions.,"This review examines the complexities of preterm birth (PTB), emphasizes the pivotal role of inflammation in the pathogenesis of preterm labor, and assesses current available interventions. Antibiotics, progesterone analogs, mechanical approaches, nonsteroidal anti-inflammatory drugs, and nutritional supplementation demonstrate a limited efficacy. Tocolytic agents, targeting uterine activity and contractility, inadequately prevent PTB by neglecting to act on uteroplacental inflammation. Emerging therapies targeting toll-like receptors, chemokines, and interleukin receptors exhibit promise in mitigating inflammation and preventing PTB.",Clinics in perinatology,2024.0,Journal Article; Review,10.1016/j.clp.2024.02.006,NCBI PubMed E-utilities,success,,PubMed co-mention retrieval baseline only; not evidence polarity classification.
repodb_04246cb3a1c31ef7,Progesterone,Premature Birth,mechanism,"""Progesterone"" AND ""Premature Birth"" AND (mechanism OR target OR pathway)",24315687,Progesterone to prevent spontaneous preterm birth.,"Preterm birth is the leading cause of perinatal morbidity and mortality worldwide, and its prevention is an important healthcare priority. Preterm parturition is one of the 'great obstetrical syndromes' and is caused by multiple etiologies. One of the mechanisms of disease is the untimely decline in progesterone action, which can present as a clinically silent sonographic short cervix in the midtrimester. The detection of a short cervix in the midtrimester is a powerful risk factor for preterm delivery. Vaginal progesterone can reduce the rate of preterm delivery by 45% and the rate of neonatal morbidity (admission to the neonatal intensive care unit, respiratory distress syndrome, need for mechanical ventilation, etc.). To prevent one case of spontaneous preterm birth <33 weeks of gestation, 11 patients with a short cervix would need to be treated (based on an individual patient meta-analysis). Vaginal progesterone reduces the rate of spontaneous preterm birth in women with a short cervix, both with and without a prior history of preterm birth. In patients with a prior history of preterm birth, vaginal progesterone is as effective as cervical cerclage to prevent preterm delivery. 17α-Hydroxyprogesterone caproate has not been shown to be effective in reducing the rate of spontaneous preterm birth in women with a short cervix.",Seminars in fetal & neonatal medicine,2014.0,"Journal Article; Research Support, N.I.H., Extramural; Research Support, N.I.H., Intramural; Review",10.1016/j.siny.2013.10.004,NCBI PubMed E-utilities,success,,PubMed co-mention retrieval baseline only; not evidence polarity classification.
repodb_04246cb3a1c31ef7,Progesterone,Premature Birth,mechanism,"""Progesterone"" AND ""Premature Birth"" AND (mechanism OR target OR pathway)",25646385,Genomics of preterm birth.,"The molecular mechanisms controlling human birth timing at term, or resulting in preterm birth, have been the focus of considerable investigation, but limited insights have been gained over the past 50 years. In part, these processes have remained elusive because of divergence in reproductive strategies and physiology shown by model organisms, making extrapolation to humans uncertain. Here, we summarize the evolution of progesterone signaling and variation in pregnancy maintenance and termination. We use this comparative physiology to support the hypothesis that selective pressure on genomic loci involved in the timing of parturition have shaped human birth timing, and that these loci can be identified with comparative genomic strategies. Previous limitations imposed by divergence of mechanisms provide an important new opportunity to elucidate fundamental pathways of parturition control through increasing availability of sequenced genomes and associated reproductive physiology characteristics across diverse organisms.",Cold Spring Harbor perspectives in medicine,2015.0,"Journal Article; Research Support, Non-U.S. Gov't; Review",10.1101/cshperspect.a023127,NCBI PubMed E-utilities,success,,PubMed co-mention retrieval baseline only; not evidence polarity classification.
repodb_04246cb3a1c31ef7,Progesterone,Premature Birth,mechanism,"""Progesterone"" AND ""Premature Birth"" AND (mechanism OR target OR pathway)",30761417,Prevention of spontaneous preterm birth.,"It is estimated that globally, approximately 13 million preterm infants are born annually and a much higher number of pregnancies are characterized by threatening preterm birth. A proportional inverse correlation between gestational age at delivery and neonatal mortality has been observed which is more prevalent in countries without high standard neonatal care. The socioeconomic burden of preterm birth is enormous, as preterm neonates are particularly prone to severe morbidity that may expand up to adulthood. Several strategies have been proposed for the prevention of preterm birth which can be sub-stratified as primary (when these apply to the general population), secondary (when they target women at risk), and tertiary (optimizing neonatal outcomes when preterm birth cannot any longer be prevented). The aim of this review is to summarize the most important strategies.",Archives of gynecology and obstetrics,2019.0,Journal Article; Review,10.1007/s00404-019-05095-y,NCBI PubMed E-utilities,success,,PubMed co-mention retrieval baseline only; not evidence polarity classification.
repodb_04246cb3a1c31ef7,Progesterone,Premature Birth,mechanism,"""Progesterone"" AND ""Premature Birth"" AND (mechanism OR target OR pathway)",30266582,Efficacy of progesterone for prevention of preterm birth.,"Preterm birth (PTB) occurs in 5-18% of pregnancies and is the leading cause of neonatal morbidity, mortality and infant death. Up to 30% of PTBs are due to iatrogenic reasons, but the remainder are due to the spontaneous onset of labour or pre-labour premature rupture of membranes (P-PROM). During pregnancy, the uterus remains quiescent and the cervix remains long and closed. Although the exact mechanisms that lead to spontaneous PTB (sPTB) are not fully understood, it is likely that the terminal pathways that are common to term labour are activated prematurely. Despite continued research efforts to develop preventative strategies, there have been no major advances resulting in the reduction of sPTB rates. Progesterone is the most researched prophylactic agent, yet, there is lack of consistency in the reported beneficial effects for the prevention of PTB and improvement in neonatal outcome. This is likely to stem from the multifactorial aetiology of sPTB, the varied patient cohorts recruited and the use of different preparations and routes of administration for progesterone. This review summarises the scientific rationale supporting the efficacy of progesterone and the results of major randomised controlled trials and finally emphasizes how targeted studies with more detailed patient stratification are essential to understand which population would benefit.",Best practice & research. Clinical obstetrics & gynaecology,2018.0,Journal Article; Review,10.1016/j.bpobgyn.2018.08.006,NCBI PubMed E-utilities,success,,PubMed co-mention retrieval baseline only; not evidence polarity classification.
repodb_04246cb3a1c31ef7,Progesterone,Premature Birth,mechanism,"""Progesterone"" AND ""Premature Birth"" AND (mechanism OR target OR pathway)",21094415,"Preventing preterm birth and neonatal mortality: exploring the epidemiology, causes, and interventions.","Globally, each year, an estimated 13 million infants are born before 37 completed weeks of gestation. Complications from these preterm births are the leading cause of neonatal mortality. Preterm birth is directly responsible for an estimated one million neonatal deaths annually and is also an important contributor to child and adult morbidities. Low- and middle-income countries are disproportionately affected by preterm birth and carry a greater burden of disease attributed to preterm birth. Causes of preterm birth are multifactorial, vary by gestational age, and likely vary by geographic and ethnic contexts. Although many interventions have been evaluated, few have moderate-to high-quality evidence for decreasing preterm birth: smoking cessation and progesterone treatment in women with a high risk of preterm birth in low- and middle-income countries and cervical cerclage for those in high-income countries. Antepartum and postnatal interventions (eg, antepartum maternal steroid administration, or kangaroo mother care) to improve preterm neonatal survival after birth have been demonstrated to be effective but have not been widely implemented. Further research efforts are urgently needed to better understand context-specific pathways leading to preterm birth; to develop appropriate, efficacious prevention strategies and interventions to improve survival of neonates born prematurely; and to scale-up known efficacious interventions to improve the health of the preterm neonate.",Seminars in perinatology,2010.0,Journal Article; Review,10.1053/j.semperi.2010.09.005,NCBI PubMed E-utilities,success,,PubMed co-mention retrieval baseline only; not evidence polarity classification.
repodb_04246cb3a1c31ef7,Progesterone,Premature Birth,mechanism,"""Progesterone"" AND ""Premature Birth"" AND (mechanism OR target OR pathway)",29703554,The biological basis and prevention of preterm birth.,"The time of birth is a critical determinant of perinatal and long-term outcomes. Preterm birth is still the first cause of infant mortality and morbidity; unfortunately, rates of preterm birth remain high in both high- and low-resource countries, ranging from 5% to 18%. Preterm parturition is a syndrome, which can be induced by various factors such as infection, cervical pathology, uterine overdistension, progesterone deficiency, vascular alterations (utero-placental ischemia, decidual hemorrhage), maternal and fetal stress, allograft reaction, allergic phenomena, and probably other several unknown factors. These various etiologies can lead to the pathological activation of a common pathway of decidua/fetal membranes, which causes uterine contractility, cervical ripening, and rupture of membranes. Moreover, the mechanisms responsible for these processes have been identified, which involve receptors, chemokines, and inflammatory cytokines. It is very important to understand the cellular and biochemical pathways responsible for preterm labor to identify, treat, and prevent negative outcome in a timely manner. Clinicians and researchers play a key role in improving biochemical knowledge on preterm delivery, identifying risk factors, and shaping interventions that can address this complex syndrome.",Best practice & research. Clinical obstetrics & gynaecology,2018.0,Journal Article; Review,10.1016/j.bpobgyn.2018.01.022,NCBI PubMed E-utilities,success,,PubMed co-mention retrieval baseline only; not evidence polarity classification.
